audio,concern_a,concern_b,focus_a,focus_b,protocol_a,protocol_b,similarity,classification,family_a,family_b
00ae450b11f1,HIGH_NOTE_CANNOT_REACH,HIGH_NOTE_TOO_EFFORTFUL,EFFORT,EFFORT,EFFORT,EFFORT,1.0,GENERIC_COLLAPSE,SAFETY_REST,SAFETY_REST
00ae450b11f1,HIGH_NOTE_CANNOT_REACH,HIGH_NOTE_UNSTABLE,EFFORT,EFFORT,EFFORT,EFFORT,1.0,GENERIC_COLLAPSE,SAFETY_REST,SAFETY_REST
00ae450b11f1,HIGH_NOTE_CANNOT_REACH,THROAT_EFFORT,EFFORT,EFFORT,EFFORT,EFFORT,1.0,GENERIC_COLLAPSE,SAFETY_REST,SAFETY_REST
00ae450b11f1,HIGH_NOTE_CANNOT_REACH,LOUD_VOICE_DIFFICULT,EFFORT,EFFORT,EFFORT,EFFORT,1.0,GENERIC_COLLAPSE,SAFETY_REST,SAFETY_REST
00ae450b11f1,HIGH_NOTE_CANNOT_REACH,VOCAL_FATIGUE,EFFORT,EFFORT,EFFORT,EFFORT,1.0,GENERIC_COLLAPSE,SAFETY_REST,SAFETY_REST
00ae450b11f1,HIGH_NOTE_CANNOT_REACH,AFTER_SINGING_FATIGUE,EFFORT,EFFORT,EFFORT,EFFORT,1.0,GENERIC_COLLAPSE,SAFETY_REST,SAFETY_REST
00ae450b11f1,HIGH_NOTE_CANNOT_REACH,PITCH_UNSTABLE,EFFORT,EFFORT,EFFORT,EFFORT,1.0,GENERIC_COLLAPSE,SAFETY_REST,SAFETY_REST
00ae450b11f1,HIGH_NOTE_CANNOT_REACH,REGISTER_CONNECTION_DIFFICULT,EFFORT,EFFORT,EFFORT,EFFORT,1.0,GENERIC_COLLAPSE,SAFETY_REST,SAFETY_REST
00ae450b11f1,HIGH_NOTE_CANNOT_REACH,VIBRATO_UNSTABLE,EFFORT,EFFORT,EFFORT,EFFORT,1.0,GENERIC_COLLAPSE,SAFETY_REST,SAFETY_REST
00ae450b11f1,HIGH_NOTE_TOO_EFFORTFUL,HIGH_NOTE_UNSTABLE,EFFORT,EFFORT,EFFORT,EFFORT,1.0,GENERIC_COLLAPSE,SAFETY_REST,SAFETY_REST
00ae450b11f1,HIGH_NOTE_TOO_EFFORTFUL,THROAT_EFFORT,EFFORT,EFFORT,EFFORT,EFFORT,1.0,GENERIC_COLLAPSE,SAFETY_REST,SAFETY_REST
00ae450b11f1,HIGH_NOTE_TOO_EFFORTFUL,LOUD_VOICE_DIFFICULT,EFFORT,EFFORT,EFFORT,EFFORT,1.0,GENERIC_COLLAPSE,SAFETY_REST,SAFETY_REST
00ae450b11f1,HIGH_NOTE_TOO_EFFORTFUL,VOCAL_FATIGUE,EFFORT,EFFORT,EFFORT,EFFORT,1.0,GENERIC_COLLAPSE,SAFETY_REST,SAFETY_REST
00ae450b11f1,HIGH_NOTE_TOO_EFFORTFUL,AFTER_SINGING_FATIGUE,EFFORT,EFFORT,EFFORT,EFFORT,1.0,GENERIC_COLLAPSE,SAFETY_REST,SAFETY_REST
00ae450b11f1,HIGH_NOTE_TOO_EFFORTFUL,PITCH_UNSTABLE,EFFORT,EFFORT,EFFORT,EFFORT,1.0,GENERIC_COLLAPSE,SAFETY_REST,SAFETY_REST
00ae450b11f1,HIGH_NOTE_TOO_EFFORTFUL,REGISTER_CONNECTION_DIFFICULT,EFFORT,EFFORT,EFFORT,EFFORT,1.0,GENERIC_COLLAPSE,SAFETY_REST,SAFETY_REST
00ae450b11f1,HIGH_NOTE_TOO_EFFORTFUL,VIBRATO_UNSTABLE,EFFORT,EFFORT,EFFORT,EFFORT,1.0,GENERIC_COLLAPSE,SAFETY_REST,SAFETY_REST
00ae450b11f1,HIGH_NOTE_UNSTABLE,THROAT_EFFORT,EFFORT,EFFORT,EFFORT,EFFORT,1.0,GENERIC_COLLAPSE,SAFETY_REST,SAFETY_REST
00ae450b11f1,HIGH_NOTE_UNSTABLE,LOUD_VOICE_DIFFICULT,EFFORT,EFFORT,EFFORT,EFFORT,1.0,GENERIC_COLLAPSE,SAFETY_REST,SAFETY_REST
00ae450b11f1,HIGH_NOTE_UNSTABLE,VOCAL_FATIGUE,EFFORT,EFFORT,EFFORT,EFFORT,1.0,GENERIC_COLLAPSE,SAFETY_REST,SAFETY_REST
00ae450b11f1,HIGH_NOTE_UNSTABLE,AFTER_SINGING_FATIGUE,EFFORT,EFFORT,EFFORT,EFFORT,1.0,GENERIC_COLLAPSE,SAFETY_REST,SAFETY_REST
00ae450b11f1,HIGH_NOTE_UNSTABLE,PITCH_UNSTABLE,EFFORT,EFFORT,EFFORT,EFFORT,1.0,GENERIC_COLLAPSE,SAFETY_REST,SAFETY_REST
00ae450b11f1,HIGH_NOTE_UNSTABLE,REGISTER_CONNECTION_DIFFICULT,EFFORT,EFFORT,EFFORT,EFFORT,1.0,GENERIC_COLLAPSE,SAFETY_REST,SAFETY_REST
00ae450b11f1,HIGH_NOTE_UNSTABLE,VIBRATO_UNSTABLE,EFFORT,EFFORT,EFFORT,EFFORT,1.0,GENERIC_COLLAPSE,SAFETY_REST,SAFETY_REST
00ae450b11f1,THROAT_EFFORT,LOUD_VOICE_DIFFICULT,EFFORT,EFFORT,EFFORT,EFFORT,1.0,GENERIC_COLLAPSE,SAFETY_REST,SAFETY_REST
00ae450b11f1,THROAT_EFFORT,VOCAL_FATIGUE,EFFORT,EFFORT,EFFORT,EFFORT,1.0,GENERIC_COLLAPSE,SAFETY_REST,SAFETY_REST
00ae450b11f1,THROAT_EFFORT,AFTER_SINGING_FATIGUE,EFFORT,EFFORT,EFFORT,EFFORT,1.0,GENERIC_COLLAPSE,SAFETY_REST,SAFETY_REST
00ae450b11f1,THROAT_EFFORT,PITCH_UNSTABLE,EFFORT,EFFORT,EFFORT,EFFORT,1.0,GENERIC_COLLAPSE,SAFETY_REST,SAFETY_REST
00ae450b11f1,THROAT_EFFORT,REGISTER_CONNECTION_DIFFICULT,EFFORT,EFFORT,EFFORT,EFFORT,1.0,GENERIC_COLLAPSE,SAFETY_REST,SAFETY_REST
00ae450b11f1,THROAT_EFFORT,VIBRATO_UNSTABLE,EFFORT,EFFORT,EFFORT,EFFORT,1.0,GENERIC_COLLAPSE,SAFETY_REST,SAFETY_REST
00ae450b11f1,LOUD_VOICE_DIFFICULT,VOCAL_FATIGUE,EFFORT,EFFORT,EFFORT,EFFORT,1.0,GENERIC_COLLAPSE,SAFETY_REST,SAFETY_REST
00ae450b11f1,LOUD_VOICE_DIFFICULT,AFTER_SINGING_FATIGUE,EFFORT,EFFORT,EFFORT,EFFORT,1.0,GENERIC_COLLAPSE,SAFETY_REST,SAFETY_REST
00ae450b11f1,LOUD_VOICE_DIFFICULT,PITCH_UNSTABLE,EFFORT,EFFORT,EFFORT,EFFORT,1.0,GENERIC_COLLAPSE,SAFETY_REST,SAFETY_REST
00ae450b11f1,LOUD_VOICE_DIFFICULT,REGISTER_CONNECTION_DIFFICULT,EFFORT,EFFORT,EFFORT,EFFORT,1.0,GENERIC_COLLAPSE,SAFETY_REST,SAFETY_REST
00ae450b11f1,LOUD_VOICE_DIFFICULT,VIBRATO_UNSTABLE,EFFORT,EFFORT,EFFORT,EFFORT,1.0,GENERIC_COLLAPSE,SAFETY_REST,SAFETY_REST
00ae450b11f1,VOCAL_FATIGUE,AFTER_SINGING_FATIGUE,EFFORT,EFFORT,EFFORT,EFFORT,1.0,GENERIC_COLLAPSE,SAFETY_REST,SAFETY_REST
00ae450b11f1,VOCAL_FATIGUE,PITCH_UNSTABLE,EFFORT,EFFORT,EFFORT,EFFORT,1.0,GENERIC_COLLAPSE,SAFETY_REST,SAFETY_REST
00ae450b11f1,VOCAL_FATIGUE,REGISTER_CONNECTION_DIFFICULT,EFFORT,EFFORT,EFFORT,EFFORT,1.0,GENERIC_COLLAPSE,SAFETY_REST,SAFETY_REST
00ae450b11f1,VOCAL_FATIGUE,VIBRATO_UNSTABLE,EFFORT,EFFORT,EFFORT,EFFORT,1.0,GENERIC_COLLAPSE,SAFETY_REST,SAFETY_REST
00ae450b11f1,AFTER_SINGING_FATIGUE,PITCH_UNSTABLE,EFFORT,EFFORT,EFFORT,EFFORT,1.0,GENERIC_COLLAPSE,SAFETY_REST,SAFETY_REST
00ae450b11f1,AFTER_SINGING_FATIGUE,REGISTER_CONNECTION_DIFFICULT,EFFORT,EFFORT,EFFORT,EFFORT,1.0,GENERIC_COLLAPSE,SAFETY_REST,SAFETY_REST
00ae450b11f1,AFTER_SINGING_FATIGUE,VIBRATO_UNSTABLE,EFFORT,EFFORT,EFFORT,EFFORT,1.0,GENERIC_COLLAPSE,SAFETY_REST,SAFETY_REST
00ae450b11f1,VOICE_TOO_THIN,VOICE_TOO_BREATHY,EFFORT,EFFORT,EFFORT,EFFORT,1.0,GENERIC_COLLAPSE,VOWEL_CONNECT,VOWEL_CONNECT
00ae450b11f1,VOICE_TOO_DARK_MUFFLED,TIMBRE_CHANGES_HIGH,EFFORT,EFFORT,EFFORT,EFFORT,1.0,GENERIC_COLLAPSE,ARTICULATION,ARTICULATION
00ae450b11f1,PITCH_UNSTABLE,REGISTER_CONNECTION_DIFFICULT,EFFORT,EFFORT,EFFORT,EFFORT,1.0,GENERIC_COLLAPSE,SAFETY_REST,SAFETY_REST
00ae450b11f1,PITCH_UNSTABLE,VIBRATO_UNSTABLE,EFFORT,EFFORT,EFFORT,EFFORT,1.0,GENERIC_COLLAPSE,SAFETY_REST,SAFETY_REST
00ae450b11f1,REGISTER_CONNECTION_DIFFICULT,VIBRATO_UNSTABLE,EFFORT,EFFORT,EFFORT,EFFORT,1.0,GENERIC_COLLAPSE,SAFETY_REST,SAFETY_REST
00ae450b11f1,PAIN_WHILE_SINGING,PAIN_AFTER_SINGING,SAFETY,SAFETY,SAFETY,SAFETY,0.9375,LEGITIMATE_SHARED_FOCUS,SAFETY,SAFETY
00ae450b11f1,PAIN_WHILE_SINGING,SPEAKING_DISCOMFORT,SAFETY,SAFETY,SAFETY,SAFETY,0.9707,GENERIC_COLLAPSE,SAFETY,SAFETY
00ae450b11f1,PAIN_WHILE_SINGING,PERSISTENT_HOARSENESS,SAFETY,SAFETY,SAFETY,SAFETY,0.948,LEGITIMATE_SHARED_FOCUS,SAFETY,SAFETY
00ae450b11f1,PAIN_AFTER_SINGING,SPEAKING_DISCOMFORT,SAFETY,SAFETY,SAFETY,SAFETY,0.9414,LEGITIMATE_SHARED_FOCUS,SAFETY,SAFETY
00ae450b11f1,PAIN_AFTER_SINGING,PERSISTENT_HOARSENESS,SAFETY,SAFETY,SAFETY,SAFETY,0.948,LEGITIMATE_SHARED_FOCUS,SAFETY,SAFETY
00ae450b11f1,SPEAKING_DISCOMFORT,PERSISTENT_HOARSENESS,SAFETY,SAFETY,SAFETY,SAFETY,0.9436,LEGITIMATE_SHARED_FOCUS,SAFETY,SAFETY
07564b6df5b9,HIGH_NOTE_CANNOT_REACH,HIGH_NOTE_TOO_EFFORTFUL,REGISTER_CONNECTION,REGISTER_CONNECTION,REGISTER_CONNECTION,REGISTER_CONNECTION,1.0,GENERIC_COLLAPSE,SOVT_GLIDE,SOVT_GLIDE
07564b6df5b9,HIGH_NOTE_CANNOT_REACH,HIGH_NOTE_FLIPS,REGISTER_CONNECTION,REGISTER_CONNECTION,REGISTER_CONNECTION,REGISTER_CONNECTION,1.0,GENERIC_COLLAPSE,SOVT_GLIDE,SOVT_GLIDE
07564b6df5b9,HIGH_NOTE_TOO_EFFORTFUL,HIGH_NOTE_FLIPS,REGISTER_CONNECTION,REGISTER_CONNECTION,REGISTER_CONNECTION,REGISTER_CONNECTION,1.0,GENERIC_COLLAPSE,SOVT_GLIDE,SOVT_GLIDE
07564b6df5b9,HIGH_NOTE_UNSTABLE,PITCH_UNSTABLE,STABILITY,STABILITY,STABILITY,STABILITY,1.0,GENERIC_COLLAPSE,SUSTAIN_HOLD,SUSTAIN_HOLD
07564b6df5b9,HIGH_NOTE_UNSTABLE,REGISTER_CONNECTION_DIFFICULT,STABILITY,STABILITY,STABILITY,STABILITY,1.0,GENERIC_COLLAPSE,SUSTAIN_HOLD,SUSTAIN_HOLD
07564b6df5b9,THROAT_EFFORT,LOUD_VOICE_DIFFICULT,EFFORT,EFFORT,MAINTAIN,MAINTAIN,1.0,GENERIC_COLLAPSE,SUSTAIN_HOLD,SUSTAIN_HOLD
07564b6df5b9,THROAT_EFFORT,VOCAL_FATIGUE,EFFORT,EFFORT,MAINTAIN,MAINTAIN,1.0,GENERIC_COLLAPSE,SUSTAIN_HOLD,SUSTAIN_HOLD
07564b6df5b9,THROAT_EFFORT,AFTER_SINGING_FATIGUE,EFFORT,EFFORT,MAINTAIN,MAINTAIN,1.0,GENERIC_COLLAPSE,SUSTAIN_HOLD,SUSTAIN_HOLD
07564b6df5b9,LOUD_VOICE_DIFFICULT,VOCAL_FATIGUE,EFFORT,EFFORT,MAINTAIN,MAINTAIN,1.0,GENERIC_COLLAPSE,SUSTAIN_HOLD,SUSTAIN_HOLD
07564b6df5b9,LOUD_VOICE_DIFFICULT,AFTER_SINGING_FATIGUE,EFFORT,EFFORT,MAINTAIN,MAINTAIN,1.0,GENERIC_COLLAPSE,SUSTAIN_HOLD,SUSTAIN_HOLD
07564b6df5b9,VOCAL_FATIGUE,AFTER_SINGING_FATIGUE,EFFORT,EFFORT,MAINTAIN,MAINTAIN,1.0,GENERIC_COLLAPSE,SUSTAIN_HOLD,SUSTAIN_HOLD
07564b6df5b9,VOICE_TOO_DARK_MUFFLED,TIMBRE_CHANGES_HIGH,BRIGHTNESS,REGISTER_CONNECTION,TIMBRE_STYLE,REGISTER_CONNECTION,1.0,GENERIC_COLLAPSE,ARTICULATION,ARTICULATION
07564b6df5b9,PITCH_UNSTABLE,REGISTER_CONNECTION_DIFFICULT,STABILITY,STABILITY,STABILITY,STABILITY,1.0,GENERIC_COLLAPSE,SUSTAIN_HOLD,SUSTAIN_HOLD
07564b6df5b9,PAIN_WHILE_SINGING,PAIN_AFTER_SINGING,SAFETY,SAFETY,SAFETY,SAFETY,0.9375,LEGITIMATE_SHARED_FOCUS,SAFETY,SAFETY
07564b6df5b9,PAIN_WHILE_SINGING,SPEAKING_DISCOMFORT,SAFETY,SAFETY,SAFETY,SAFETY,0.9707,GENERIC_COLLAPSE,SAFETY,SAFETY
07564b6df5b9,PAIN_WHILE_SINGING,PERSISTENT_HOARSENESS,SAFETY,SAFETY,SAFETY,SAFETY,0.948,LEGITIMATE_SHARED_FOCUS,SAFETY,SAFETY
07564b6df5b9,PAIN_AFTER_SINGING,SPEAKING_DISCOMFORT,SAFETY,SAFETY,SAFETY,SAFETY,0.9414,LEGITIMATE_SHARED_FOCUS,SAFETY,SAFETY
07564b6df5b9,PAIN_AFTER_SINGING,PERSISTENT_HOARSENESS,SAFETY,SAFETY,SAFETY,SAFETY,0.948,LEGITIMATE_SHARED_FOCUS,SAFETY,SAFETY
07564b6df5b9,SPEAKING_DISCOMFORT,PERSISTENT_HOARSENESS,SAFETY,SAFETY,SAFETY,SAFETY,0.9436,LEGITIMATE_SHARED_FOCUS,SAFETY,SAFETY
0ada85fffc84,HIGH_NOTE_CANNOT_REACH,HIGH_NOTE_TOO_EFFORTFUL,REGISTER_CONNECTION,REGISTER_CONNECTION,REGISTER_CONNECTION,REGISTER_CONNECTION,1.0,GENERIC_COLLAPSE,SOVT_GLIDE,SOVT_GLIDE
0ada85fffc84,HIGH_NOTE_CANNOT_REACH,HIGH_NOTE_FLIPS,REGISTER_CONNECTION,REGISTER_CONNECTION,REGISTER_CONNECTION,REGISTER_CONNECTION,1.0,GENERIC_COLLAPSE,SOVT_GLIDE,SOVT_GLIDE
0ada85fffc84,HIGH_NOTE_TOO_EFFORTFUL,HIGH_NOTE_FLIPS,REGISTER_CONNECTION,REGISTER_CONNECTION,REGISTER_CONNECTION,REGISTER_CONNECTION,1.0,GENERIC_COLLAPSE,SOVT_GLIDE,SOVT_GLIDE
0ada85fffc84,HIGH_NOTE_UNSTABLE,PITCH_UNSTABLE,STABILITY,STABILITY,STABILITY,STABILITY,1.0,GENERIC_COLLAPSE,SUSTAIN_HOLD,SUSTAIN_HOLD
0ada85fffc84,HIGH_NOTE_UNSTABLE,REGISTER_CONNECTION_DIFFICULT,STABILITY,STABILITY,STABILITY,STABILITY,1.0,GENERIC_COLLAPSE,SUSTAIN_HOLD,SUSTAIN_HOLD
0ada85fffc84,THROAT_EFFORT,LOUD_VOICE_DIFFICULT,EFFORT,EFFORT,MAINTAIN,MAINTAIN,1.0,GENERIC_COLLAPSE,SUSTAIN_HOLD,SUSTAIN_HOLD
0ada85fffc84,THROAT_EFFORT,VOCAL_FATIGUE,EFFORT,EFFORT,MAINTAIN,MAINTAIN,1.0,GENERIC_COLLAPSE,SUSTAIN_HOLD,SUSTAIN_HOLD
0ada85fffc84,THROAT_EFFORT,AFTER_SINGING_FATIGUE,EFFORT,EFFORT,MAINTAIN,MAINTAIN,1.0,GENERIC_COLLAPSE,SUSTAIN_HOLD,SUSTAIN_HOLD
0ada85fffc84,LOUD_VOICE_DIFFICULT,VOCAL_FATIGUE,EFFORT,EFFORT,MAINTAIN,MAINTAIN,1.0,GENERIC_COLLAPSE,SUSTAIN_HOLD,SUSTAIN_HOLD
0ada85fffc84,LOUD_VOICE_DIFFICULT,AFTER_SINGING_FATIGUE,EFFORT,EFFORT,MAINTAIN,MAINTAIN,1.0,GENERIC_COLLAPSE,SUSTAIN_HOLD,SUSTAIN_HOLD
0ada85fffc84,VOCAL_FATIGUE,AFTER_SINGING_FATIGUE,EFFORT,EFFORT,MAINTAIN,MAINTAIN,1.0,GENERIC_COLLAPSE,SUSTAIN_HOLD,SUSTAIN_HOLD
0ada85fffc84,VOICE_TOO_THIN,VOICE_TOO_BREATHY,MAINTAIN,MAINTAIN,MAINTAIN,MAINTAIN,1.0,GENERIC_COLLAPSE,VOWEL_CONNECT,VOWEL_CONNECT
0ada85fffc84,VOICE_TOO_DARK_MUFFLED,OTHER_CONCERN,PRESENCE,MAINTAIN,PRESENCE,MAINTAIN,1.0,GENERIC_COLLAPSE,ARTICULATION,ARTICULATION
0ada85fffc84,PITCH_UNSTABLE,REGISTER_CONNECTION_DIFFICULT,STABILITY,STABILITY,STABILITY,STABILITY,1.0,GENERIC_COLLAPSE,SUSTAIN_HOLD,SUSTAIN_HOLD
0ada85fffc84,PAIN_WHILE_SINGING,PAIN_AFTER_SINGING,SAFETY,SAFETY,SAFETY,SAFETY,0.9375,LEGITIMATE_SHARED_FOCUS,SAFETY,SAFETY
0ada85fffc84,PAIN_WHILE_SINGING,SPEAKING_DISCOMFORT,SAFETY,SAFETY,SAFETY,SAFETY,0.9707,GENERIC_COLLAPSE,SAFETY,SAFETY
0ada85fffc84,PAIN_WHILE_SINGING,PERSISTENT_HOARSENESS,SAFETY,SAFETY,SAFETY,SAFETY,0.948,LEGITIMATE_SHARED_FOCUS,SAFETY,SAFETY
0ada85fffc84,PAIN_AFTER_SINGING,SPEAKING_DISCOMFORT,SAFETY,SAFETY,SAFETY,SAFETY,0.9414,LEGITIMATE_SHARED_FOCUS,SAFETY,SAFETY
0ada85fffc84,PAIN_AFTER_SINGING,PERSISTENT_HOARSENESS,SAFETY,SAFETY,SAFETY,SAFETY,0.948,LEGITIMATE_SHARED_FOCUS,SAFETY,SAFETY
0ada85fffc84,SPEAKING_DISCOMFORT,PERSISTENT_HOARSENESS,SAFETY,SAFETY,SAFETY,SAFETY,0.9436,LEGITIMATE_SHARED_FOCUS,SAFETY,SAFETY
0ea5487c229a,HIGH_NOTE_CANNOT_REACH,HIGH_NOTE_TOO_EFFORTFUL,REGISTER_CONNECTION,REGISTER_CONNECTION,REGISTER_CONNECTION,REGISTER_CONNECTION,1.0,GENERIC_COLLAPSE,SOVT_GLIDE,SOVT_GLIDE
0ea5487c229a,HIGH_NOTE_CANNOT_REACH,HIGH_NOTE_FLIPS,REGISTER_CONNECTION,REGISTER_CONNECTION,REGISTER_CONNECTION,REGISTER_CONNECTION,1.0,GENERIC_COLLAPSE,SOVT_GLIDE,SOVT_GLIDE
0ea5487c229a,HIGH_NOTE_TOO_EFFORTFUL,HIGH_NOTE_FLIPS,REGISTER_CONNECTION,REGISTER_CONNECTION,REGISTER_CONNECTION,REGISTER_CONNECTION,1.0,GENERIC_COLLAPSE,SOVT_GLIDE,SOVT_GLIDE
0ea5487c229a,HIGH_NOTE_UNSTABLE,PITCH_UNSTABLE,STABILITY,STABILITY,STABILITY,STABILITY,1.0,GENERIC_COLLAPSE,SUSTAIN_HOLD,SUSTAIN_HOLD
0ea5487c229a,HIGH_NOTE_UNSTABLE,REGISTER_CONNECTION_DIFFICULT,STABILITY,STABILITY,STABILITY,STABILITY,1.0,GENERIC_COLLAPSE,SUSTAIN_HOLD,SUSTAIN_HOLD
0ea5487c229a,THROAT_EFFORT,LOUD_VOICE_DIFFICULT,EFFORT,EFFORT,MAINTAIN,MAINTAIN,1.0,GENERIC_COLLAPSE,SUSTAIN_HOLD,SUSTAIN_HOLD
0ea5487c229a,THROAT_EFFORT,VOCAL_FATIGUE,EFFORT,EFFORT,MAINTAIN,MAINTAIN,1.0,GENERIC_COLLAPSE,SUSTAIN_HOLD,SUSTAIN_HOLD
0ea5487c229a,THROAT_EFFORT,AFTER_SINGING_FATIGUE,EFFORT,EFFORT,MAINTAIN,MAINTAIN,1.0,GENERIC_COLLAPSE,SUSTAIN_HOLD,SUSTAIN_HOLD
0ea5487c229a,LOUD_VOICE_DIFFICULT,VOCAL_FATIGUE,EFFORT,EFFORT,MAINTAIN,MAINTAIN,1.0,GENERIC_COLLAPSE,SUSTAIN_HOLD,SUSTAIN_HOLD
0ea5487c229a,LOUD_VOICE_DIFFICULT,AFTER_SINGING_FATIGUE,EFFORT,EFFORT,MAINTAIN,MAINTAIN,1.0,GENERIC_COLLAPSE,SUSTAIN_HOLD,SUSTAIN_HOLD
0ea5487c229a,VOCAL_FATIGUE,AFTER_SINGING_FATIGUE,EFFORT,EFFORT,MAINTAIN,MAINTAIN,1.0,GENERIC_COLLAPSE,SUSTAIN_HOLD,SUSTAIN_HOLD
0ea5487c229a,VOICE_TOO_DARK_MUFFLED,TIMBRE_CHANGES_HIGH,BRIGHTNESS,REGISTER_CONNECTION,TIMBRE_STYLE,REGISTER_CONNECTION,1.0,GENERIC_COLLAPSE,ARTICULATION,ARTICULATION
0ea5487c229a,PITCH_UNSTABLE,REGISTER_CONNECTION_DIFFICULT,STABILITY,STABILITY,STABILITY,STABILITY,1.0,GENERIC_COLLAPSE,SUSTAIN_HOLD,SUSTAIN_HOLD
0ea5487c229a,PAIN_WHILE_SINGING,PAIN_AFTER_SINGING,SAFETY,SAFETY,SAFETY,SAFETY,0.9375,LEGITIMATE_SHARED_FOCUS,SAFETY,SAFETY
0ea5487c229a,PAIN_WHILE_SINGING,SPEAKING_DISCOMFORT,SAFETY,SAFETY,SAFETY,SAFETY,0.9707,GENERIC_COLLAPSE,SAFETY,SAFETY
0ea5487c229a,PAIN_WHILE_SINGING,PERSISTENT_HOARSENESS,SAFETY,SAFETY,SAFETY,SAFETY,0.948,LEGITIMATE_SHARED_FOCUS,SAFETY,SAFETY
0ea5487c229a,PAIN_AFTER_SINGING,SPEAKING_DISCOMFORT,SAFETY,SAFETY,SAFETY,SAFETY,0.9414,LEGITIMATE_SHARED_FOCUS,SAFETY,SAFETY
0ea5487c229a,PAIN_AFTER_SINGING,PERSISTENT_HOARSENESS,SAFETY,SAFETY,SAFETY,SAFETY,0.948,LEGITIMATE_SHARED_FOCUS,SAFETY,SAFETY
0ea5487c229a,SPEAKING_DISCOMFORT,PERSISTENT_HOARSENESS,SAFETY,SAFETY,SAFETY,SAFETY,0.9436,LEGITIMATE_SHARED_FOCUS,SAFETY,SAFETY
0f26db696e8e,HIGH_NOTE_CANNOT_REACH,HIGH_NOTE_TOO_EFFORTFUL,REGISTER_CONNECTION,REGISTER_CONNECTION,REGISTER_CONNECTION,REGISTER_CONNECTION,1.0,GENERIC_COLLAPSE,SOVT_GLIDE,SOVT_GLIDE
0f26db696e8e,HIGH_NOTE_CANNOT_REACH,HIGH_NOTE_FLIPS,REGISTER_CONNECTION,REGISTER_CONNECTION,REGISTER_CONNECTION,REGISTER_CONNECTION,1.0,GENERIC_COLLAPSE,SOVT_GLIDE,SOVT_GLIDE
0f26db696e8e,HIGH_NOTE_TOO_EFFORTFUL,HIGH_NOTE_FLIPS,REGISTER_CONNECTION,REGISTER_CONNECTION,REGISTER_CONNECTION,REGISTER_CONNECTION,1.0,GENERIC_COLLAPSE,SOVT_GLIDE,SOVT_GLIDE
0f26db696e8e,HIGH_NOTE_UNSTABLE,PITCH_UNSTABLE,STABILITY,STABILITY,STABILITY,STABILITY,1.0,GENERIC_COLLAPSE,SUSTAIN_HOLD,SUSTAIN_HOLD
0f26db696e8e,HIGH_NOTE_UNSTABLE,REGISTER_CONNECTION_DIFFICULT,STABILITY,STABILITY,STABILITY,STABILITY,1.0,GENERIC_COLLAPSE,SUSTAIN_HOLD,SUSTAIN_HOLD
0f26db696e8e,THROAT_EFFORT,LOUD_VOICE_DIFFICULT,EFFORT,EFFORT,MAINTAIN,MAINTAIN,1.0,GENERIC_COLLAPSE,SUSTAIN_HOLD,SUSTAIN_HOLD
0f26db696e8e,THROAT_EFFORT,VOCAL_FATIGUE,EFFORT,EFFORT,MAINTAIN,MAINTAIN,1.0,GENERIC_COLLAPSE,SUSTAIN_HOLD,SUSTAIN_HOLD
0f26db696e8e,THROAT_EFFORT,AFTER_SINGING_FATIGUE,EFFORT,EFFORT,MAINTAIN,MAINTAIN,1.0,GENERIC_COLLAPSE,SUSTAIN_HOLD,SUSTAIN_HOLD
0f26db696e8e,LOUD_VOICE_DIFFICULT,VOCAL_FATIGUE,EFFORT,EFFORT,MAINTAIN,MAINTAIN,1.0,GENERIC_COLLAPSE,SUSTAIN_HOLD,SUSTAIN_HOLD
0f26db696e8e,LOUD_VOICE_DIFFICULT,AFTER_SINGING_FATIGUE,EFFORT,EFFORT,MAINTAIN,MAINTAIN,1.0,GENERIC_COLLAPSE,SUSTAIN_HOLD,SUSTAIN_HOLD
0f26db696e8e,VOCAL_FATIGUE,AFTER_SINGING_FATIGUE,EFFORT,EFFORT,MAINTAIN,MAINTAIN,1.0,GENERIC_COLLAPSE,SUSTAIN_HOLD,SUSTAIN_HOLD
0f26db696e8e,VOICE_TOO_THIN,VOICE_TOO_BREATHY,MAINTAIN,MAINTAIN,MAINTAIN,MAINTAIN,1.0,GENERIC_COLLAPSE,VOWEL_CONNECT,VOWEL_CONNECT
0f26db696e8e,VOICE_TOO_DARK_MUFFLED,OTHER_CONCERN,PRESENCE,MAINTAIN,PRESENCE,MAINTAIN,1.0,GENERIC_COLLAPSE,ARTICULATION,ARTICULATION
0f26db696e8e,PITCH_UNSTABLE,REGISTER_CONNECTION_DIFFICULT,STABILITY,STABILITY,STABILITY,STABILITY,1.0,GENERIC_COLLAPSE,SUSTAIN_HOLD,SUSTAIN_HOLD
0f26db696e8e,PAIN_WHILE_SINGING,PAIN_AFTER_SINGING,SAFETY,SAFETY,SAFETY,SAFETY,0.9375,LEGITIMATE_SHARED_FOCUS,SAFETY,SAFETY
0f26db696e8e,PAIN_WHILE_SINGING,SPEAKING_DISCOMFORT,SAFETY,SAFETY,SAFETY,SAFETY,0.9707,GENERIC_COLLAPSE,SAFETY,SAFETY
0f26db696e8e,PAIN_WHILE_SINGING,PERSISTENT_HOARSENESS,SAFETY,SAFETY,SAFETY,SAFETY,0.948,LEGITIMATE_SHARED_FOCUS,SAFETY,SAFETY
0f26db696e8e,PAIN_AFTER_SINGING,SPEAKING_DISCOMFORT,SAFETY,SAFETY,SAFETY,SAFETY,0.9414,LEGITIMATE_SHARED_FOCUS,SAFETY,SAFETY
0f26db696e8e,PAIN_AFTER_SINGING,PERSISTENT_HOARSENESS,SAFETY,SAFETY,SAFETY,SAFETY,0.948,LEGITIMATE_SHARED_FOCUS,SAFETY,SAFETY
0f26db696e8e,SPEAKING_DISCOMFORT,PERSISTENT_HOARSENESS,SAFETY,SAFETY,SAFETY,SAFETY,0.9436,LEGITIMATE_SHARED_FOCUS,SAFETY,SAFETY
10d07cc48c55,HIGH_NOTE_CANNOT_REACH,HIGH_NOTE_TOO_EFFORTFUL,REGISTER_CONNECTION,REGISTER_CONNECTION,REGISTER_CONNECTION,REGISTER_CONNECTION,1.0,GENERIC_COLLAPSE,SOVT_GLIDE,SOVT_GLIDE
10d07cc48c55,HIGH_NOTE_CANNOT_REACH,HIGH_NOTE_FLIPS,REGISTER_CONNECTION,REGISTER_CONNECTION,REGISTER_CONNECTION,REGISTER_CONNECTION,1.0,GENERIC_COLLAPSE,SOVT_GLIDE,SOVT_GLIDE
10d07cc48c55,HIGH_NOTE_TOO_EFFORTFUL,HIGH_NOTE_FLIPS,REGISTER_CONNECTION,REGISTER_CONNECTION,REGISTER_CONNECTION,REGISTER_CONNECTION,1.0,GENERIC_COLLAPSE,SOVT_GLIDE,SOVT_GLIDE
10d07cc48c55,HIGH_NOTE_UNSTABLE,PITCH_UNSTABLE,STABILITY,STABILITY,STABILITY,STABILITY,1.0,GENERIC_COLLAPSE,SUSTAIN_HOLD,SUSTAIN_HOLD
10d07cc48c55,HIGH_NOTE_UNSTABLE,REGISTER_CONNECTION_DIFFICULT,STABILITY,STABILITY,STABILITY,STABILITY,1.0,GENERIC_COLLAPSE,SUSTAIN_HOLD,SUSTAIN_HOLD
10d07cc48c55,THROAT_EFFORT,LOUD_VOICE_DIFFICULT,EFFORT,EFFORT,MAINTAIN,MAINTAIN,1.0,GENERIC_COLLAPSE,SUSTAIN_HOLD,SUSTAIN_HOLD
10d07cc48c55,THROAT_EFFORT,VOCAL_FATIGUE,EFFORT,EFFORT,MAINTAIN,MAINTAIN,1.0,GENERIC_COLLAPSE,SUSTAIN_HOLD,SUSTAIN_HOLD
10d07cc48c55,THROAT_EFFORT,AFTER_SINGING_FATIGUE,EFFORT,EFFORT,MAINTAIN,MAINTAIN,1.0,GENERIC_COLLAPSE,SUSTAIN_HOLD,SUSTAIN_HOLD
10d07cc48c55,LOUD_VOICE_DIFFICULT,VOCAL_FATIGUE,EFFORT,EFFORT,MAINTAIN,MAINTAIN,1.0,GENERIC_COLLAPSE,SUSTAIN_HOLD,SUSTAIN_HOLD
10d07cc48c55,LOUD_VOICE_DIFFICULT,AFTER_SINGING_FATIGUE,EFFORT,EFFORT,MAINTAIN,MAINTAIN,1.0,GENERIC_COLLAPSE,SUSTAIN_HOLD,SUSTAIN_HOLD
10d07cc48c55,VOCAL_FATIGUE,AFTER_SINGING_FATIGUE,EFFORT,EFFORT,MAINTAIN,MAINTAIN,1.0,GENERIC_COLLAPSE,SUSTAIN_HOLD,SUSTAIN_HOLD
10d07cc48c55,VOICE_TOO_DARK_MUFFLED,TIMBRE_CHANGES_HIGH,BRIGHTNESS,REGISTER_CONNECTION,TIMBRE_STYLE,REGISTER_CONNECTION,1.0,GENERIC_COLLAPSE,ARTICULATION,ARTICULATION
10d07cc48c55,PITCH_UNSTABLE,REGISTER_CONNECTION_DIFFICULT,STABILITY,STABILITY,STABILITY,STABILITY,1.0,GENERIC_COLLAPSE,SUSTAIN_HOLD,SUSTAIN_HOLD
10d07cc48c55,PAIN_WHILE_SINGING,PAIN_AFTER_SINGING,SAFETY,SAFETY,SAFETY,SAFETY,0.9375,LEGITIMATE_SHARED_FOCUS,SAFETY,SAFETY
10d07cc48c55,PAIN_WHILE_SINGING,SPEAKING_DISCOMFORT,SAFETY,SAFETY,SAFETY,SAFETY,0.9707,GENERIC_COLLAPSE,SAFETY,SAFETY
10d07cc48c55,PAIN_WHILE_SINGING,PERSISTENT_HOARSENESS,SAFETY,SAFETY,SAFETY,SAFETY,0.948,LEGITIMATE_SHARED_FOCUS,SAFETY,SAFETY
10d07cc48c55,PAIN_AFTER_SINGING,SPEAKING_DISCOMFORT,SAFETY,SAFETY,SAFETY,SAFETY,0.9414,LEGITIMATE_SHARED_FOCUS,SAFETY,SAFETY
10d07cc48c55,PAIN_AFTER_SINGING,PERSISTENT_HOARSENESS,SAFETY,SAFETY,SAFETY,SAFETY,0.948,LEGITIMATE_SHARED_FOCUS,SAFETY,SAFETY
10d07cc48c55,SPEAKING_DISCOMFORT,PERSISTENT_HOARSENESS,SAFETY,SAFETY,SAFETY,SAFETY,0.9436,LEGITIMATE_SHARED_FOCUS,SAFETY,SAFETY
1387ae324719,HIGH_NOTE_CANNOT_REACH,HIGH_NOTE_TOO_EFFORTFUL,EFFORT,EFFORT,EFFORT,EFFORT,1.0,GENERIC_COLLAPSE,SAFETY_REST,SAFETY_REST
1387ae324719,HIGH_NOTE_CANNOT_REACH,HIGH_NOTE_UNSTABLE,EFFORT,EFFORT,EFFORT,EFFORT,1.0,GENERIC_COLLAPSE,SAFETY_REST,SAFETY_REST
1387ae324719,HIGH_NOTE_CANNOT_REACH,THROAT_EFFORT,EFFORT,EFFORT,EFFORT,EFFORT,1.0,GENERIC_COLLAPSE,SAFETY_REST,SAFETY_REST
1387ae324719,HIGH_NOTE_CANNOT_REACH,LOUD_VOICE_DIFFICULT,EFFORT,EFFORT,EFFORT,EFFORT,1.0,GENERIC_COLLAPSE,SAFETY_REST,SAFETY_REST
1387ae324719,HIGH_NOTE_CANNOT_REACH,VOCAL_FATIGUE,EFFORT,EFFORT,EFFORT,EFFORT,1.0,GENERIC_COLLAPSE,SAFETY_REST,SAFETY_REST
1387ae324719,HIGH_NOTE_CANNOT_REACH,AFTER_SINGING_FATIGUE,EFFORT,EFFORT,EFFORT,EFFORT,1.0,GENERIC_COLLAPSE,SAFETY_REST,SAFETY_REST
1387ae324719,HIGH_NOTE_CANNOT_REACH,PITCH_UNSTABLE,EFFORT,EFFORT,EFFORT,EFFORT,1.0,GENERIC_COLLAPSE,SAFETY_REST,SAFETY_REST
1387ae324719,HIGH_NOTE_CANNOT_REACH,REGISTER_CONNECTION_DIFFICULT,EFFORT,EFFORT,EFFORT,EFFORT,1.0,GENERIC_COLLAPSE,SAFETY_REST,SAFETY_REST
1387ae324719,HIGH_NOTE_CANNOT_REACH,VIBRATO_UNSTABLE,EFFORT,EFFORT,EFFORT,EFFORT,1.0,GENERIC_COLLAPSE,SAFETY_REST,SAFETY_REST
1387ae324719,HIGH_NOTE_TOO_EFFORTFUL,HIGH_NOTE_UNSTABLE,EFFORT,EFFORT,EFFORT,EFFORT,1.0,GENERIC_COLLAPSE,SAFETY_REST,SAFETY_REST
1387ae324719,HIGH_NOTE_TOO_EFFORTFUL,THROAT_EFFORT,EFFORT,EFFORT,EFFORT,EFFORT,1.0,GENERIC_COLLAPSE,SAFETY_REST,SAFETY_REST
1387ae324719,HIGH_NOTE_TOO_EFFORTFUL,LOUD_VOICE_DIFFICULT,EFFORT,EFFORT,EFFORT,EFFORT,1.0,GENERIC_COLLAPSE,SAFETY_REST,SAFETY_REST
1387ae324719,HIGH_NOTE_TOO_EFFORTFUL,VOCAL_FATIGUE,EFFORT,EFFORT,EFFORT,EFFORT,1.0,GENERIC_COLLAPSE,SAFETY_REST,SAFETY_REST
1387ae324719,HIGH_NOTE_TOO_EFFORTFUL,AFTER_SINGING_FATIGUE,EFFORT,EFFORT,EFFORT,EFFORT,1.0,GENERIC_COLLAPSE,SAFETY_REST,SAFETY_REST
1387ae324719,HIGH_NOTE_TOO_EFFORTFUL,PITCH_UNSTABLE,EFFORT,EFFORT,EFFORT,EFFORT,1.0,GENERIC_COLLAPSE,SAFETY_REST,SAFETY_REST
1387ae324719,HIGH_NOTE_TOO_EFFORTFUL,REGISTER_CONNECTION_DIFFICULT,EFFORT,EFFORT,EFFORT,EFFORT,1.0,GENERIC_COLLAPSE,SAFETY_REST,SAFETY_REST
1387ae324719,HIGH_NOTE_TOO_EFFORTFUL,VIBRATO_UNSTABLE,EFFORT,EFFORT,EFFORT,EFFORT,1.0,GENERIC_COLLAPSE,SAFETY_REST,SAFETY_REST
1387ae324719,HIGH_NOTE_UNSTABLE,THROAT_EFFORT,EFFORT,EFFORT,EFFORT,EFFORT,1.0,GENERIC_COLLAPSE,SAFETY_REST,SAFETY_REST
1387ae324719,HIGH_NOTE_UNSTABLE,LOUD_VOICE_DIFFICULT,EFFORT,EFFORT,EFFORT,EFFORT,1.0,GENERIC_COLLAPSE,SAFETY_REST,SAFETY_REST
1387ae324719,HIGH_NOTE_UNSTABLE,VOCAL_FATIGUE,EFFORT,EFFORT,EFFORT,EFFORT,1.0,GENERIC_COLLAPSE,SAFETY_REST,SAFETY_REST
1387ae324719,HIGH_NOTE_UNSTABLE,AFTER_SINGING_FATIGUE,EFFORT,EFFORT,EFFORT,EFFORT,1.0,GENERIC_COLLAPSE,SAFETY_REST,SAFETY_REST
1387ae324719,HIGH_NOTE_UNSTABLE,PITCH_UNSTABLE,EFFORT,EFFORT,EFFORT,EFFORT,1.0,GENERIC_COLLAPSE,SAFETY_REST,SAFETY_REST
1387ae324719,HIGH_NOTE_UNSTABLE,REGISTER_CONNECTION_DIFFICULT,EFFORT,EFFORT,EFFORT,EFFORT,1.0,GENERIC_COLLAPSE,SAFETY_REST,SAFETY_REST
1387ae324719,HIGH_NOTE_UNSTABLE,VIBRATO_UNSTABLE,EFFORT,EFFORT,EFFORT,EFFORT,1.0,GENERIC_COLLAPSE,SAFETY_REST,SAFETY_REST
1387ae324719,THROAT_EFFORT,LOUD_VOICE_DIFFICULT,EFFORT,EFFORT,EFFORT,EFFORT,1.0,GENERIC_COLLAPSE,SAFETY_REST,SAFETY_REST
1387ae324719,THROAT_EFFORT,VOCAL_FATIGUE,EFFORT,EFFORT,EFFORT,EFFORT,1.0,GENERIC_COLLAPSE,SAFETY_REST,SAFETY_REST
1387ae324719,THROAT_EFFORT,AFTER_SINGING_FATIGUE,EFFORT,EFFORT,EFFORT,EFFORT,1.0,GENERIC_COLLAPSE,SAFETY_REST,SAFETY_REST
1387ae324719,THROAT_EFFORT,PITCH_UNSTABLE,EFFORT,EFFORT,EFFORT,EFFORT,1.0,GENERIC_COLLAPSE,SAFETY_REST,SAFETY_REST
1387ae324719,THROAT_EFFORT,REGISTER_CONNECTION_DIFFICULT,EFFORT,EFFORT,EFFORT,EFFORT,1.0,GENERIC_COLLAPSE,SAFETY_REST,SAFETY_REST
1387ae324719,THROAT_EFFORT,VIBRATO_UNSTABLE,EFFORT,EFFORT,EFFORT,EFFORT,1.0,GENERIC_COLLAPSE,SAFETY_REST,SAFETY_REST
1387ae324719,LOUD_VOICE_DIFFICULT,VOCAL_FATIGUE,EFFORT,EFFORT,EFFORT,EFFORT,1.0,GENERIC_COLLAPSE,SAFETY_REST,SAFETY_REST
1387ae324719,LOUD_VOICE_DIFFICULT,AFTER_SINGING_FATIGUE,EFFORT,EFFORT,EFFORT,EFFORT,1.0,GENERIC_COLLAPSE,SAFETY_REST,SAFETY_REST
1387ae324719,LOUD_VOICE_DIFFICULT,PITCH_UNSTABLE,EFFORT,EFFORT,EFFORT,EFFORT,1.0,GENERIC_COLLAPSE,SAFETY_REST,SAFETY_REST
1387ae324719,LOUD_VOICE_DIFFICULT,REGISTER_CONNECTION_DIFFICULT,EFFORT,EFFORT,EFFORT,EFFORT,1.0,GENERIC_COLLAPSE,SAFETY_REST,SAFETY_REST
1387ae324719,LOUD_VOICE_DIFFICULT,VIBRATO_UNSTABLE,EFFORT,EFFORT,EFFORT,EFFORT,1.0,GENERIC_COLLAPSE,SAFETY_REST,SAFETY_REST
1387ae324719,VOCAL_FATIGUE,AFTER_SINGING_FATIGUE,EFFORT,EFFORT,EFFORT,EFFORT,1.0,GENERIC_COLLAPSE,SAFETY_REST,SAFETY_REST
1387ae324719,VOCAL_FATIGUE,PITCH_UNSTABLE,EFFORT,EFFORT,EFFORT,EFFORT,1.0,GENERIC_COLLAPSE,SAFETY_REST,SAFETY_REST
1387ae324719,VOCAL_FATIGUE,REGISTER_CONNECTION_DIFFICULT,EFFORT,EFFORT,EFFORT,EFFORT,1.0,GENERIC_COLLAPSE,SAFETY_REST,SAFETY_REST
1387ae324719,VOCAL_FATIGUE,VIBRATO_UNSTABLE,EFFORT,EFFORT,EFFORT,EFFORT,1.0,GENERIC_COLLAPSE,SAFETY_REST,SAFETY_REST
1387ae324719,AFTER_SINGING_FATIGUE,PITCH_UNSTABLE,EFFORT,EFFORT,EFFORT,EFFORT,1.0,GENERIC_COLLAPSE,SAFETY_REST,SAFETY_REST
1387ae324719,AFTER_SINGING_FATIGUE,REGISTER_CONNECTION_DIFFICULT,EFFORT,EFFORT,EFFORT,EFFORT,1.0,GENERIC_COLLAPSE,SAFETY_REST,SAFETY_REST
1387ae324719,AFTER_SINGING_FATIGUE,VIBRATO_UNSTABLE,EFFORT,EFFORT,EFFORT,EFFORT,1.0,GENERIC_COLLAPSE,SAFETY_REST,SAFETY_REST
1387ae324719,VOICE_TOO_THIN,VOICE_TOO_DARK_MUFFLED,PRESENCE,PRESENCE,PRESENCE,PRESENCE,1.0,GENERIC_COLLAPSE,VOWEL_CONNECT,VOWEL_CONNECT
1387ae324719,PITCH_UNSTABLE,REGISTER_CONNECTION_DIFFICULT,EFFORT,EFFORT,EFFORT,EFFORT,1.0,GENERIC_COLLAPSE,SAFETY_REST,SAFETY_REST
1387ae324719,PITCH_UNSTABLE,VIBRATO_UNSTABLE,EFFORT,EFFORT,EFFORT,EFFORT,1.0,GENERIC_COLLAPSE,SAFETY_REST,SAFETY_REST
1387ae324719,REGISTER_CONNECTION_DIFFICULT,VIBRATO_UNSTABLE,EFFORT,EFFORT,EFFORT,EFFORT,1.0,GENERIC_COLLAPSE,SAFETY_REST,SAFETY_REST
1387ae324719,PAIN_WHILE_SINGING,PAIN_AFTER_SINGING,SAFETY,SAFETY,SAFETY,SAFETY,0.9375,LEGITIMATE_SHARED_FOCUS,SAFETY,SAFETY
1387ae324719,PAIN_WHILE_SINGING,SPEAKING_DISCOMFORT,SAFETY,SAFETY,SAFETY,SAFETY,0.9707,GENERIC_COLLAPSE,SAFETY,SAFETY
1387ae324719,PAIN_WHILE_SINGING,PERSISTENT_HOARSENESS,SAFETY,SAFETY,SAFETY,SAFETY,0.948,LEGITIMATE_SHARED_FOCUS,SAFETY,SAFETY
1387ae324719,PAIN_AFTER_SINGING,SPEAKING_DISCOMFORT,SAFETY,SAFETY,SAFETY,SAFETY,0.9414,LEGITIMATE_SHARED_FOCUS,SAFETY,SAFETY
1387ae324719,PAIN_AFTER_SINGING,PERSISTENT_HOARSENESS,SAFETY,SAFETY,SAFETY,SAFETY,0.948,LEGITIMATE_SHARED_FOCUS,SAFETY,SAFETY
1387ae324719,SPEAKING_DISCOMFORT,PERSISTENT_HOARSENESS,SAFETY,SAFETY,SAFETY,SAFETY,0.9436,LEGITIMATE_SHARED_FOCUS,SAFETY,SAFETY
15f8e161f598,HIGH_NOTE_CANNOT_REACH,HIGH_NOTE_TOO_EFFORTFUL,REGISTER_CONNECTION,REGISTER_CONNECTION,REGISTER_CONNECTION,REGISTER_CONNECTION,1.0,GENERIC_COLLAPSE,SOVT_GLIDE,SOVT_GLIDE
15f8e161f598,HIGH_NOTE_CANNOT_REACH,HIGH_NOTE_FLIPS,REGISTER_CONNECTION,REGISTER_CONNECTION,REGISTER_CONNECTION,REGISTER_CONNECTION,1.0,GENERIC_COLLAPSE,SOVT_GLIDE,SOVT_GLIDE
15f8e161f598,HIGH_NOTE_TOO_EFFORTFUL,HIGH_NOTE_FLIPS,REGISTER_CONNECTION,REGISTER_CONNECTION,REGISTER_CONNECTION,REGISTER_CONNECTION,1.0,GENERIC_COLLAPSE,SOVT_GLIDE,SOVT_GLIDE
15f8e161f598,HIGH_NOTE_UNSTABLE,PITCH_UNSTABLE,STABILITY,STABILITY,STABILITY,STABILITY,1.0,GENERIC_COLLAPSE,SUSTAIN_HOLD,SUSTAIN_HOLD
15f8e161f598,HIGH_NOTE_UNSTABLE,REGISTER_CONNECTION_DIFFICULT,STABILITY,STABILITY,STABILITY,STABILITY,1.0,GENERIC_COLLAPSE,SUSTAIN_HOLD,SUSTAIN_HOLD
15f8e161f598,THROAT_EFFORT,LOUD_VOICE_DIFFICULT,EFFORT,EFFORT,MAINTAIN,MAINTAIN,1.0,GENERIC_COLLAPSE,SUSTAIN_HOLD,SUSTAIN_HOLD
15f8e161f598,THROAT_EFFORT,VOCAL_FATIGUE,EFFORT,EFFORT,MAINTAIN,MAINTAIN,1.0,GENERIC_COLLAPSE,SUSTAIN_HOLD,SUSTAIN_HOLD
15f8e161f598,THROAT_EFFORT,AFTER_SINGING_FATIGUE,EFFORT,EFFORT,MAINTAIN,MAINTAIN,1.0,GENERIC_COLLAPSE,SUSTAIN_HOLD,SUSTAIN_HOLD
15f8e161f598,LOUD_VOICE_DIFFICULT,VOCAL_FATIGUE,EFFORT,EFFORT,MAINTAIN,MAINTAIN,1.0,GENERIC_COLLAPSE,SUSTAIN_HOLD,SUSTAIN_HOLD
15f8e161f598,LOUD_VOICE_DIFFICULT,AFTER_SINGING_FATIGUE,EFFORT,EFFORT,MAINTAIN,MAINTAIN,1.0,GENERIC_COLLAPSE,SUSTAIN_HOLD,SUSTAIN_HOLD
15f8e161f598,VOCAL_FATIGUE,AFTER_SINGING_FATIGUE,EFFORT,EFFORT,MAINTAIN,MAINTAIN,1.0,GENERIC_COLLAPSE,SUSTAIN_HOLD,SUSTAIN_HOLD
15f8e161f598,VOICE_TOO_THIN,VOICE_TOO_BREATHY,MAINTAIN,MAINTAIN,MAINTAIN,MAINTAIN,1.0,GENERIC_COLLAPSE,VOWEL_CONNECT,VOWEL_CONNECT
15f8e161f598,VOICE_TOO_DARK_MUFFLED,TIMBRE_CHANGES_HIGH,BRIGHTNESS,REGISTER_CONNECTION,TIMBRE_STYLE,REGISTER_CONNECTION,1.0,GENERIC_COLLAPSE,ARTICULATION,ARTICULATION
15f8e161f598,PITCH_UNSTABLE,REGISTER_CONNECTION_DIFFICULT,STABILITY,STABILITY,STABILITY,STABILITY,1.0,GENERIC_COLLAPSE,SUSTAIN_HOLD,SUSTAIN_HOLD
15f8e161f598,PAIN_WHILE_SINGING,PAIN_AFTER_SINGING,SAFETY,SAFETY,SAFETY,SAFETY,0.9375,LEGITIMATE_SHARED_FOCUS,SAFETY,SAFETY
15f8e161f598,PAIN_WHILE_SINGING,SPEAKING_DISCOMFORT,SAFETY,SAFETY,SAFETY,SAFETY,0.9707,GENERIC_COLLAPSE,SAFETY,SAFETY
15f8e161f598,PAIN_WHILE_SINGING,PERSISTENT_HOARSENESS,SAFETY,SAFETY,SAFETY,SAFETY,0.948,LEGITIMATE_SHARED_FOCUS,SAFETY,SAFETY
15f8e161f598,PAIN_AFTER_SINGING,SPEAKING_DISCOMFORT,SAFETY,SAFETY,SAFETY,SAFETY,0.9414,LEGITIMATE_SHARED_FOCUS,SAFETY,SAFETY
15f8e161f598,PAIN_AFTER_SINGING,PERSISTENT_HOARSENESS,SAFETY,SAFETY,SAFETY,SAFETY,0.948,LEGITIMATE_SHARED_FOCUS,SAFETY,SAFETY
15f8e161f598,SPEAKING_DISCOMFORT,PERSISTENT_HOARSENESS,SAFETY,SAFETY,SAFETY,SAFETY,0.9436,LEGITIMATE_SHARED_FOCUS,SAFETY,SAFETY
16b7e83c0418,HIGH_NOTE_CANNOT_REACH,HIGH_NOTE_TOO_EFFORTFUL,REGISTER_CONNECTION,REGISTER_CONNECTION,REGISTER_CONNECTION,REGISTER_CONNECTION,1.0,GENERIC_COLLAPSE,SOVT_GLIDE,SOVT_GLIDE
16b7e83c0418,HIGH_NOTE_CANNOT_REACH,HIGH_NOTE_FLIPS,REGISTER_CONNECTION,REGISTER_CONNECTION,REGISTER_CONNECTION,REGISTER_CONNECTION,1.0,GENERIC_COLLAPSE,SOVT_GLIDE,SOVT_GLIDE
16b7e83c0418,HIGH_NOTE_TOO_EFFORTFUL,HIGH_NOTE_FLIPS,REGISTER_CONNECTION,REGISTER_CONNECTION,REGISTER_CONNECTION,REGISTER_CONNECTION,1.0,GENERIC_COLLAPSE,SOVT_GLIDE,SOVT_GLIDE
16b7e83c0418,HIGH_NOTE_UNSTABLE,PITCH_UNSTABLE,STABILITY,STABILITY,STABILITY,STABILITY,1.0,GENERIC_COLLAPSE,SUSTAIN_HOLD,SUSTAIN_HOLD
16b7e83c0418,HIGH_NOTE_UNSTABLE,REGISTER_CONNECTION_DIFFICULT,STABILITY,STABILITY,STABILITY,STABILITY,1.0,GENERIC_COLLAPSE,SUSTAIN_HOLD,SUSTAIN_HOLD
16b7e83c0418,THROAT_EFFORT,LOUD_VOICE_DIFFICULT,EFFORT,EFFORT,MAINTAIN,MAINTAIN,1.0,GENERIC_COLLAPSE,SUSTAIN_HOLD,SUSTAIN_HOLD
16b7e83c0418,THROAT_EFFORT,VOCAL_FATIGUE,EFFORT,EFFORT,MAINTAIN,MAINTAIN,1.0,GENERIC_COLLAPSE,SUSTAIN_HOLD,SUSTAIN_HOLD
16b7e83c0418,THROAT_EFFORT,AFTER_SINGING_FATIGUE,EFFORT,EFFORT,MAINTAIN,MAINTAIN,1.0,GENERIC_COLLAPSE,SUSTAIN_HOLD,SUSTAIN_HOLD
16b7e83c0418,LOUD_VOICE_DIFFICULT,VOCAL_FATIGUE,EFFORT,EFFORT,MAINTAIN,MAINTAIN,1.0,GENERIC_COLLAPSE,SUSTAIN_HOLD,SUSTAIN_HOLD
16b7e83c0418,LOUD_VOICE_DIFFICULT,AFTER_SINGING_FATIGUE,EFFORT,EFFORT,MAINTAIN,MAINTAIN,1.0,GENERIC_COLLAPSE,SUSTAIN_HOLD,SUSTAIN_HOLD
16b7e83c0418,VOCAL_FATIGUE,AFTER_SINGING_FATIGUE,EFFORT,EFFORT,MAINTAIN,MAINTAIN,1.0,GENERIC_COLLAPSE,SUSTAIN_HOLD,SUSTAIN_HOLD
16b7e83c0418,VOICE_TOO_THIN,VOICE_TOO_BREATHY,MAINTAIN,MAINTAIN,MAINTAIN,MAINTAIN,1.0,GENERIC_COLLAPSE,VOWEL_CONNECT,VOWEL_CONNECT
16b7e83c0418,VOICE_TOO_DARK_MUFFLED,OTHER_CONCERN,PRESENCE,MAINTAIN,PRESENCE,MAINTAIN,1.0,GENERIC_COLLAPSE,ARTICULATION,ARTICULATION
16b7e83c0418,PITCH_UNSTABLE,REGISTER_CONNECTION_DIFFICULT,STABILITY,STABILITY,STABILITY,STABILITY,1.0,GENERIC_COLLAPSE,SUSTAIN_HOLD,SUSTAIN_HOLD
16b7e83c0418,PAIN_WHILE_SINGING,PAIN_AFTER_SINGING,SAFETY,SAFETY,SAFETY,SAFETY,0.9375,LEGITIMATE_SHARED_FOCUS,SAFETY,SAFETY
16b7e83c0418,PAIN_WHILE_SINGING,SPEAKING_DISCOMFORT,SAFETY,SAFETY,SAFETY,SAFETY,0.9707,GENERIC_COLLAPSE,SAFETY,SAFETY
16b7e83c0418,PAIN_WHILE_SINGING,PERSISTENT_HOARSENESS,SAFETY,SAFETY,SAFETY,SAFETY,0.948,LEGITIMATE_SHARED_FOCUS,SAFETY,SAFETY
16b7e83c0418,PAIN_AFTER_SINGING,SPEAKING_DISCOMFORT,SAFETY,SAFETY,SAFETY,SAFETY,0.9414,LEGITIMATE_SHARED_FOCUS,SAFETY,SAFETY
16b7e83c0418,PAIN_AFTER_SINGING,PERSISTENT_HOARSENESS,SAFETY,SAFETY,SAFETY,SAFETY,0.948,LEGITIMATE_SHARED_FOCUS,SAFETY,SAFETY
16b7e83c0418,SPEAKING_DISCOMFORT,PERSISTENT_HOARSENESS,SAFETY,SAFETY,SAFETY,SAFETY,0.9436,LEGITIMATE_SHARED_FOCUS,SAFETY,SAFETY
2c9d61ebb9da,HIGH_NOTE_CANNOT_REACH,HIGH_NOTE_TOO_EFFORTFUL,REGISTER_CONNECTION,REGISTER_CONNECTION,REGISTER_CONNECTION,REGISTER_CONNECTION,1.0,GENERIC_COLLAPSE,SOVT_GLIDE,SOVT_GLIDE
2c9d61ebb9da,HIGH_NOTE_CANNOT_REACH,HIGH_NOTE_FLIPS,REGISTER_CONNECTION,REGISTER_CONNECTION,REGISTER_CONNECTION,REGISTER_CONNECTION,1.0,GENERIC_COLLAPSE,SOVT_GLIDE,SOVT_GLIDE
2c9d61ebb9da,HIGH_NOTE_TOO_EFFORTFUL,HIGH_NOTE_FLIPS,REGISTER_CONNECTION,REGISTER_CONNECTION,REGISTER_CONNECTION,REGISTER_CONNECTION,1.0,GENERIC_COLLAPSE,SOVT_GLIDE,SOVT_GLIDE
2c9d61ebb9da,HIGH_NOTE_UNSTABLE,PITCH_UNSTABLE,STABILITY,STABILITY,STABILITY,STABILITY,1.0,GENERIC_COLLAPSE,SUSTAIN_HOLD,SUSTAIN_HOLD
2c9d61ebb9da,HIGH_NOTE_UNSTABLE,REGISTER_CONNECTION_DIFFICULT,STABILITY,STABILITY,STABILITY,STABILITY,1.0,GENERIC_COLLAPSE,SUSTAIN_HOLD,SUSTAIN_HOLD
2c9d61ebb9da,THROAT_EFFORT,LOUD_VOICE_DIFFICULT,EFFORT,EFFORT,MAINTAIN,MAINTAIN,1.0,GENERIC_COLLAPSE,SUSTAIN_HOLD,SUSTAIN_HOLD
2c9d61ebb9da,THROAT_EFFORT,VOCAL_FATIGUE,EFFORT,EFFORT,MAINTAIN,MAINTAIN,1.0,GENERIC_COLLAPSE,SUSTAIN_HOLD,SUSTAIN_HOLD
2c9d61ebb9da,THROAT_EFFORT,AFTER_SINGING_FATIGUE,EFFORT,EFFORT,MAINTAIN,MAINTAIN,1.0,GENERIC_COLLAPSE,SUSTAIN_HOLD,SUSTAIN_HOLD
2c9d61ebb9da,LOUD_VOICE_DIFFICULT,VOCAL_FATIGUE,EFFORT,EFFORT,MAINTAIN,MAINTAIN,1.0,GENERIC_COLLAPSE,SUSTAIN_HOLD,SUSTAIN_HOLD
2c9d61ebb9da,LOUD_VOICE_DIFFICULT,AFTER_SINGING_FATIGUE,EFFORT,EFFORT,MAINTAIN,MAINTAIN,1.0,GENERIC_COLLAPSE,SUSTAIN_HOLD,SUSTAIN_HOLD
2c9d61ebb9da,VOCAL_FATIGUE,AFTER_SINGING_FATIGUE,EFFORT,EFFORT,MAINTAIN,MAINTAIN,1.0,GENERIC_COLLAPSE,SUSTAIN_HOLD,SUSTAIN_HOLD
2c9d61ebb9da,VOICE_TOO_THIN,VOICE_TOO_BREATHY,MAINTAIN,TIMBRE,MAINTAIN,TIMBRE_STYLE,1.0,GENERIC_COLLAPSE,VOWEL_CONNECT,VOWEL_CONNECT
2c9d61ebb9da,VOICE_TOO_DARK_MUFFLED,TIMBRE_CHANGES_HIGH,BRIGHTNESS,REGISTER_CONNECTION,TIMBRE_STYLE,REGISTER_CONNECTION,1.0,GENERIC_COLLAPSE,ARTICULATION,ARTICULATION
2c9d61ebb9da,PITCH_UNSTABLE,REGISTER_CONNECTION_DIFFICULT,STABILITY,STABILITY,STABILITY,STABILITY,1.0,GENERIC_COLLAPSE,SUSTAIN_HOLD,SUSTAIN_HOLD
2c9d61ebb9da,PAIN_WHILE_SINGING,PAIN_AFTER_SINGING,SAFETY,SAFETY,SAFETY,SAFETY,0.9375,LEGITIMATE_SHARED_FOCUS,SAFETY,SAFETY
2c9d61ebb9da,PAIN_WHILE_SINGING,SPEAKING_DISCOMFORT,SAFETY,SAFETY,SAFETY,SAFETY,0.9707,GENERIC_COLLAPSE,SAFETY,SAFETY
2c9d61ebb9da,PAIN_WHILE_SINGING,PERSISTENT_HOARSENESS,SAFETY,SAFETY,SAFETY,SAFETY,0.948,LEGITIMATE_SHARED_FOCUS,SAFETY,SAFETY
2c9d61ebb9da,PAIN_AFTER_SINGING,SPEAKING_DISCOMFORT,SAFETY,SAFETY,SAFETY,SAFETY,0.9414,LEGITIMATE_SHARED_FOCUS,SAFETY,SAFETY
2c9d61ebb9da,PAIN_AFTER_SINGING,PERSISTENT_HOARSENESS,SAFETY,SAFETY,SAFETY,SAFETY,0.948,LEGITIMATE_SHARED_FOCUS,SAFETY,SAFETY
2c9d61ebb9da,SPEAKING_DISCOMFORT,PERSISTENT_HOARSENESS,SAFETY,SAFETY,SAFETY,SAFETY,0.9436,LEGITIMATE_SHARED_FOCUS,SAFETY,SAFETY
357eeb649bd6,HIGH_NOTE_CANNOT_REACH,HIGH_NOTE_FLIPS,REGISTER_CONNECTION,REGISTER_CONNECTION,REGISTER_CONNECTION,REGISTER_CONNECTION,1.0,GENERIC_COLLAPSE,SOVT_GLIDE,SOVT_GLIDE
357eeb649bd6,HIGH_NOTE_TOO_EFFORTFUL,THROAT_EFFORT,MAINTAIN,EFFORT,MAINTAIN,MAINTAIN,1.0,GENERIC_COLLAPSE,SUSTAIN_HOLD,SUSTAIN_HOLD
357eeb649bd6,HIGH_NOTE_TOO_EFFORTFUL,LOUD_VOICE_DIFFICULT,MAINTAIN,EFFORT,MAINTAIN,MAINTAIN,1.0,GENERIC_COLLAPSE,SUSTAIN_HOLD,SUSTAIN_HOLD
357eeb649bd6,HIGH_NOTE_TOO_EFFORTFUL,VOCAL_FATIGUE,MAINTAIN,EFFORT,MAINTAIN,MAINTAIN,1.0,GENERIC_COLLAPSE,SUSTAIN_HOLD,SUSTAIN_HOLD
357eeb649bd6,HIGH_NOTE_TOO_EFFORTFUL,AFTER_SINGING_FATIGUE,MAINTAIN,EFFORT,MAINTAIN,MAINTAIN,1.0,GENERIC_COLLAPSE,SUSTAIN_HOLD,SUSTAIN_HOLD
357eeb649bd6,HIGH_NOTE_UNSTABLE,PITCH_UNSTABLE,STABILITY,STABILITY,STABILITY,STABILITY,1.0,GENERIC_COLLAPSE,SUSTAIN_HOLD,SUSTAIN_HOLD
357eeb649bd6,HIGH_NOTE_UNSTABLE,REGISTER_CONNECTION_DIFFICULT,STABILITY,STABILITY,STABILITY,STABILITY,1.0,GENERIC_COLLAPSE,SUSTAIN_HOLD,SUSTAIN_HOLD
357eeb649bd6,THROAT_EFFORT,LOUD_VOICE_DIFFICULT,EFFORT,EFFORT,MAINTAIN,MAINTAIN,1.0,GENERIC_COLLAPSE,SUSTAIN_HOLD,SUSTAIN_HOLD
357eeb649bd6,THROAT_EFFORT,VOCAL_FATIGUE,EFFORT,EFFORT,MAINTAIN,MAINTAIN,1.0,GENERIC_COLLAPSE,SUSTAIN_HOLD,SUSTAIN_HOLD
357eeb649bd6,THROAT_EFFORT,AFTER_SINGING_FATIGUE,EFFORT,EFFORT,MAINTAIN,MAINTAIN,1.0,GENERIC_COLLAPSE,SUSTAIN_HOLD,SUSTAIN_HOLD
357eeb649bd6,LOUD_VOICE_DIFFICULT,VOCAL_FATIGUE,EFFORT,EFFORT,MAINTAIN,MAINTAIN,1.0,GENERIC_COLLAPSE,SUSTAIN_HOLD,SUSTAIN_HOLD
357eeb649bd6,LOUD_VOICE_DIFFICULT,AFTER_SINGING_FATIGUE,EFFORT,EFFORT,MAINTAIN,MAINTAIN,1.0,GENERIC_COLLAPSE,SUSTAIN_HOLD,SUSTAIN_HOLD
357eeb649bd6,VOCAL_FATIGUE,AFTER_SINGING_FATIGUE,EFFORT,EFFORT,MAINTAIN,MAINTAIN,1.0,GENERIC_COLLAPSE,SUSTAIN_HOLD,SUSTAIN_HOLD
357eeb649bd6,VOICE_TOO_DARK_MUFFLED,TIMBRE_CHANGES_HIGH,BRIGHTNESS,REGISTER_CONNECTION,TIMBRE_STYLE,REGISTER_CONNECTION,1.0,GENERIC_COLLAPSE,ARTICULATION,ARTICULATION
357eeb649bd6,PITCH_UNSTABLE,REGISTER_CONNECTION_DIFFICULT,STABILITY,STABILITY,STABILITY,STABILITY,1.0,GENERIC_COLLAPSE,SUSTAIN_HOLD,SUSTAIN_HOLD
357eeb649bd6,PAIN_WHILE_SINGING,PAIN_AFTER_SINGING,SAFETY,SAFETY,SAFETY,SAFETY,0.9375,LEGITIMATE_SHARED_FOCUS,SAFETY,SAFETY
357eeb649bd6,PAIN_WHILE_SINGING,SPEAKING_DISCOMFORT,SAFETY,SAFETY,SAFETY,SAFETY,0.9707,GENERIC_COLLAPSE,SAFETY,SAFETY
357eeb649bd6,PAIN_WHILE_SINGING,PERSISTENT_HOARSENESS,SAFETY,SAFETY,SAFETY,SAFETY,0.948,LEGITIMATE_SHARED_FOCUS,SAFETY,SAFETY
357eeb649bd6,PAIN_AFTER_SINGING,SPEAKING_DISCOMFORT,SAFETY,SAFETY,SAFETY,SAFETY,0.9414,LEGITIMATE_SHARED_FOCUS,SAFETY,SAFETY
357eeb649bd6,PAIN_AFTER_SINGING,PERSISTENT_HOARSENESS,SAFETY,SAFETY,SAFETY,SAFETY,0.948,LEGITIMATE_SHARED_FOCUS,SAFETY,SAFETY
357eeb649bd6,SPEAKING_DISCOMFORT,PERSISTENT_HOARSENESS,SAFETY,SAFETY,SAFETY,SAFETY,0.9436,LEGITIMATE_SHARED_FOCUS,SAFETY,SAFETY
36a7bd4286b4,HIGH_NOTE_CANNOT_REACH,HIGH_NOTE_TOO_EFFORTFUL,REGISTER_CONNECTION,REGISTER_CONNECTION,REGISTER_CONNECTION,REGISTER_CONNECTION,1.0,GENERIC_COLLAPSE,SOVT_GLIDE,SOVT_GLIDE
36a7bd4286b4,HIGH_NOTE_CANNOT_REACH,HIGH_NOTE_FLIPS,REGISTER_CONNECTION,REGISTER_CONNECTION,REGISTER_CONNECTION,REGISTER_CONNECTION,1.0,GENERIC_COLLAPSE,SOVT_GLIDE,SOVT_GLIDE
36a7bd4286b4,HIGH_NOTE_TOO_EFFORTFUL,HIGH_NOTE_FLIPS,REGISTER_CONNECTION,REGISTER_CONNECTION,REGISTER_CONNECTION,REGISTER_CONNECTION,1.0,GENERIC_COLLAPSE,SOVT_GLIDE,SOVT_GLIDE
36a7bd4286b4,HIGH_NOTE_UNSTABLE,PITCH_UNSTABLE,STABILITY,STABILITY,STABILITY,STABILITY,1.0,GENERIC_COLLAPSE,SUSTAIN_HOLD,SUSTAIN_HOLD
36a7bd4286b4,HIGH_NOTE_UNSTABLE,REGISTER_CONNECTION_DIFFICULT,STABILITY,STABILITY,STABILITY,STABILITY,1.0,GENERIC_COLLAPSE,SUSTAIN_HOLD,SUSTAIN_HOLD
36a7bd4286b4,THROAT_EFFORT,LOUD_VOICE_DIFFICULT,EFFORT,EFFORT,MAINTAIN,MAINTAIN,1.0,GENERIC_COLLAPSE,SUSTAIN_HOLD,SUSTAIN_HOLD
36a7bd4286b4,THROAT_EFFORT,VOCAL_FATIGUE,EFFORT,EFFORT,MAINTAIN,MAINTAIN,1.0,GENERIC_COLLAPSE,SUSTAIN_HOLD,SUSTAIN_HOLD
36a7bd4286b4,THROAT_EFFORT,AFTER_SINGING_FATIGUE,EFFORT,EFFORT,MAINTAIN,MAINTAIN,1.0,GENERIC_COLLAPSE,SUSTAIN_HOLD,SUSTAIN_HOLD
36a7bd4286b4,LOUD_VOICE_DIFFICULT,VOCAL_FATIGUE,EFFORT,EFFORT,MAINTAIN,MAINTAIN,1.0,GENERIC_COLLAPSE,SUSTAIN_HOLD,SUSTAIN_HOLD
36a7bd4286b4,LOUD_VOICE_DIFFICULT,AFTER_SINGING_FATIGUE,EFFORT,EFFORT,MAINTAIN,MAINTAIN,1.0,GENERIC_COLLAPSE,SUSTAIN_HOLD,SUSTAIN_HOLD
36a7bd4286b4,VOCAL_FATIGUE,AFTER_SINGING_FATIGUE,EFFORT,EFFORT,MAINTAIN,MAINTAIN,1.0,GENERIC_COLLAPSE,SUSTAIN_HOLD,SUSTAIN_HOLD
36a7bd4286b4,VOICE_TOO_DARK_MUFFLED,TIMBRE_CHANGES_HIGH,BRIGHTNESS,REGISTER_CONNECTION,TIMBRE_STYLE,REGISTER_CONNECTION,1.0,GENERIC_COLLAPSE,ARTICULATION,ARTICULATION
36a7bd4286b4,PITCH_UNSTABLE,REGISTER_CONNECTION_DIFFICULT,STABILITY,STABILITY,STABILITY,STABILITY,1.0,GENERIC_COLLAPSE,SUSTAIN_HOLD,SUSTAIN_HOLD
36a7bd4286b4,PAIN_WHILE_SINGING,PAIN_AFTER_SINGING,SAFETY,SAFETY,SAFETY,SAFETY,0.9375,LEGITIMATE_SHARED_FOCUS,SAFETY,SAFETY
36a7bd4286b4,PAIN_WHILE_SINGING,SPEAKING_DISCOMFORT,SAFETY,SAFETY,SAFETY,SAFETY,0.9707,GENERIC_COLLAPSE,SAFETY,SAFETY
36a7bd4286b4,PAIN_WHILE_SINGING,PERSISTENT_HOARSENESS,SAFETY,SAFETY,SAFETY,SAFETY,0.948,LEGITIMATE_SHARED_FOCUS,SAFETY,SAFETY
36a7bd4286b4,PAIN_AFTER_SINGING,SPEAKING_DISCOMFORT,SAFETY,SAFETY,SAFETY,SAFETY,0.9414,LEGITIMATE_SHARED_FOCUS,SAFETY,SAFETY
36a7bd4286b4,PAIN_AFTER_SINGING,PERSISTENT_HOARSENESS,SAFETY,SAFETY,SAFETY,SAFETY,0.948,LEGITIMATE_SHARED_FOCUS,SAFETY,SAFETY
36a7bd4286b4,SPEAKING_DISCOMFORT,PERSISTENT_HOARSENESS,SAFETY,SAFETY,SAFETY,SAFETY,0.9436,LEGITIMATE_SHARED_FOCUS,SAFETY,SAFETY
37db691d1416,HIGH_NOTE_CANNOT_REACH,HIGH_NOTE_TOO_EFFORTFUL,REGISTER_CONNECTION,REGISTER_CONNECTION,REGISTER_CONNECTION,REGISTER_CONNECTION,1.0,GENERIC_COLLAPSE,SOVT_GLIDE,SOVT_GLIDE
37db691d1416,HIGH_NOTE_CANNOT_REACH,HIGH_NOTE_FLIPS,REGISTER_CONNECTION,REGISTER_CONNECTION,REGISTER_CONNECTION,REGISTER_CONNECTION,1.0,GENERIC_COLLAPSE,SOVT_GLIDE,SOVT_GLIDE
37db691d1416,HIGH_NOTE_TOO_EFFORTFUL,HIGH_NOTE_FLIPS,REGISTER_CONNECTION,REGISTER_CONNECTION,REGISTER_CONNECTION,REGISTER_CONNECTION,1.0,GENERIC_COLLAPSE,SOVT_GLIDE,SOVT_GLIDE
37db691d1416,HIGH_NOTE_UNSTABLE,PITCH_UNSTABLE,STABILITY,STABILITY,STABILITY,STABILITY,1.0,GENERIC_COLLAPSE,SUSTAIN_HOLD,SUSTAIN_HOLD
37db691d1416,HIGH_NOTE_UNSTABLE,REGISTER_CONNECTION_DIFFICULT,STABILITY,STABILITY,STABILITY,STABILITY,1.0,GENERIC_COLLAPSE,SUSTAIN_HOLD,SUSTAIN_HOLD
37db691d1416,THROAT_EFFORT,LOUD_VOICE_DIFFICULT,EFFORT,EFFORT,MAINTAIN,MAINTAIN,1.0,GENERIC_COLLAPSE,SUSTAIN_HOLD,SUSTAIN_HOLD
37db691d1416,THROAT_EFFORT,VOCAL_FATIGUE,EFFORT,EFFORT,MAINTAIN,MAINTAIN,1.0,GENERIC_COLLAPSE,SUSTAIN_HOLD,SUSTAIN_HOLD
37db691d1416,THROAT_EFFORT,AFTER_SINGING_FATIGUE,EFFORT,EFFORT,MAINTAIN,MAINTAIN,1.0,GENERIC_COLLAPSE,SUSTAIN_HOLD,SUSTAIN_HOLD
37db691d1416,LOUD_VOICE_DIFFICULT,VOCAL_FATIGUE,EFFORT,EFFORT,MAINTAIN,MAINTAIN,1.0,GENERIC_COLLAPSE,SUSTAIN_HOLD,SUSTAIN_HOLD
37db691d1416,LOUD_VOICE_DIFFICULT,AFTER_SINGING_FATIGUE,EFFORT,EFFORT,MAINTAIN,MAINTAIN,1.0,GENERIC_COLLAPSE,SUSTAIN_HOLD,SUSTAIN_HOLD
37db691d1416,VOCAL_FATIGUE,AFTER_SINGING_FATIGUE,EFFORT,EFFORT,MAINTAIN,MAINTAIN,1.0,GENERIC_COLLAPSE,SUSTAIN_HOLD,SUSTAIN_HOLD
37db691d1416,VOICE_TOO_DARK_MUFFLED,TIMBRE_CHANGES_HIGH,BRIGHTNESS,REGISTER_CONNECTION,TIMBRE_STYLE,REGISTER_CONNECTION,1.0,GENERIC_COLLAPSE,ARTICULATION,ARTICULATION
37db691d1416,PITCH_UNSTABLE,REGISTER_CONNECTION_DIFFICULT,STABILITY,STABILITY,STABILITY,STABILITY,1.0,GENERIC_COLLAPSE,SUSTAIN_HOLD,SUSTAIN_HOLD
37db691d1416,PAIN_WHILE_SINGING,PAIN_AFTER_SINGING,SAFETY,SAFETY,SAFETY,SAFETY,0.9375,LEGITIMATE_SHARED_FOCUS,SAFETY,SAFETY
37db691d1416,PAIN_WHILE_SINGING,SPEAKING_DISCOMFORT,SAFETY,SAFETY,SAFETY,SAFETY,0.9707,GENERIC_COLLAPSE,SAFETY,SAFETY
37db691d1416,PAIN_WHILE_SINGING,PERSISTENT_HOARSENESS,SAFETY,SAFETY,SAFETY,SAFETY,0.948,LEGITIMATE_SHARED_FOCUS,SAFETY,SAFETY
37db691d1416,PAIN_AFTER_SINGING,SPEAKING_DISCOMFORT,SAFETY,SAFETY,SAFETY,SAFETY,0.9414,LEGITIMATE_SHARED_FOCUS,SAFETY,SAFETY
37db691d1416,PAIN_AFTER_SINGING,PERSISTENT_HOARSENESS,SAFETY,SAFETY,SAFETY,SAFETY,0.948,LEGITIMATE_SHARED_FOCUS,SAFETY,SAFETY
37db691d1416,SPEAKING_DISCOMFORT,PERSISTENT_HOARSENESS,SAFETY,SAFETY,SAFETY,SAFETY,0.9436,LEGITIMATE_SHARED_FOCUS,SAFETY,SAFETY
3ced1f723c5e,HIGH_NOTE_CANNOT_REACH,HIGH_NOTE_TOO_EFFORTFUL,REGISTER_CONNECTION,REGISTER_CONNECTION,REGISTER_CONNECTION,REGISTER_CONNECTION,1.0,GENERIC_COLLAPSE,SOVT_GLIDE,SOVT_GLIDE
3ced1f723c5e,HIGH_NOTE_CANNOT_REACH,HIGH_NOTE_FLIPS,REGISTER_CONNECTION,REGISTER_CONNECTION,REGISTER_CONNECTION,REGISTER_CONNECTION,1.0,GENERIC_COLLAPSE,SOVT_GLIDE,SOVT_GLIDE
3ced1f723c5e,HIGH_NOTE_TOO_EFFORTFUL,HIGH_NOTE_FLIPS,REGISTER_CONNECTION,REGISTER_CONNECTION,REGISTER_CONNECTION,REGISTER_CONNECTION,1.0,GENERIC_COLLAPSE,SOVT_GLIDE,SOVT_GLIDE
3ced1f723c5e,HIGH_NOTE_UNSTABLE,PITCH_UNSTABLE,STABILITY,STABILITY,STABILITY,STABILITY,1.0,GENERIC_COLLAPSE,SUSTAIN_HOLD,SUSTAIN_HOLD
3ced1f723c5e,HIGH_NOTE_UNSTABLE,REGISTER_CONNECTION_DIFFICULT,STABILITY,STABILITY,STABILITY,STABILITY,1.0,GENERIC_COLLAPSE,SUSTAIN_HOLD,SUSTAIN_HOLD
3ced1f723c5e,THROAT_EFFORT,LOUD_VOICE_DIFFICULT,EFFORT,EFFORT,MAINTAIN,MAINTAIN,1.0,GENERIC_COLLAPSE,SUSTAIN_HOLD,SUSTAIN_HOLD
3ced1f723c5e,THROAT_EFFORT,VOCAL_FATIGUE,EFFORT,EFFORT,MAINTAIN,MAINTAIN,1.0,GENERIC_COLLAPSE,SUSTAIN_HOLD,SUSTAIN_HOLD
3ced1f723c5e,THROAT_EFFORT,AFTER_SINGING_FATIGUE,EFFORT,EFFORT,MAINTAIN,MAINTAIN,1.0,GENERIC_COLLAPSE,SUSTAIN_HOLD,SUSTAIN_HOLD
3ced1f723c5e,LOUD_VOICE_DIFFICULT,VOCAL_FATIGUE,EFFORT,EFFORT,MAINTAIN,MAINTAIN,1.0,GENERIC_COLLAPSE,SUSTAIN_HOLD,SUSTAIN_HOLD
3ced1f723c5e,LOUD_VOICE_DIFFICULT,AFTER_SINGING_FATIGUE,EFFORT,EFFORT,MAINTAIN,MAINTAIN,1.0,GENERIC_COLLAPSE,SUSTAIN_HOLD,SUSTAIN_HOLD
3ced1f723c5e,VOCAL_FATIGUE,AFTER_SINGING_FATIGUE,EFFORT,EFFORT,MAINTAIN,MAINTAIN,1.0,GENERIC_COLLAPSE,SUSTAIN_HOLD,SUSTAIN_HOLD
3ced1f723c5e,VOICE_TOO_DARK_MUFFLED,TIMBRE_CHANGES_HIGH,BRIGHTNESS,REGISTER_CONNECTION,TIMBRE_STYLE,REGISTER_CONNECTION,1.0,GENERIC_COLLAPSE,ARTICULATION,ARTICULATION
3ced1f723c5e,PITCH_UNSTABLE,REGISTER_CONNECTION_DIFFICULT,STABILITY,STABILITY,STABILITY,STABILITY,1.0,GENERIC_COLLAPSE,SUSTAIN_HOLD,SUSTAIN_HOLD
3ced1f723c5e,PAIN_WHILE_SINGING,PAIN_AFTER_SINGING,SAFETY,SAFETY,SAFETY,SAFETY,0.9375,LEGITIMATE_SHARED_FOCUS,SAFETY,SAFETY
3ced1f723c5e,PAIN_WHILE_SINGING,SPEAKING_DISCOMFORT,SAFETY,SAFETY,SAFETY,SAFETY,0.9707,GENERIC_COLLAPSE,SAFETY,SAFETY
3ced1f723c5e,PAIN_WHILE_SINGING,PERSISTENT_HOARSENESS,SAFETY,SAFETY,SAFETY,SAFETY,0.948,LEGITIMATE_SHARED_FOCUS,SAFETY,SAFETY
3ced1f723c5e,PAIN_AFTER_SINGING,SPEAKING_DISCOMFORT,SAFETY,SAFETY,SAFETY,SAFETY,0.9414,LEGITIMATE_SHARED_FOCUS,SAFETY,SAFETY
3ced1f723c5e,PAIN_AFTER_SINGING,PERSISTENT_HOARSENESS,SAFETY,SAFETY,SAFETY,SAFETY,0.948,LEGITIMATE_SHARED_FOCUS,SAFETY,SAFETY
3ced1f723c5e,SPEAKING_DISCOMFORT,PERSISTENT_HOARSENESS,SAFETY,SAFETY,SAFETY,SAFETY,0.9436,LEGITIMATE_SHARED_FOCUS,SAFETY,SAFETY
40fb338380cc,HIGH_NOTE_CANNOT_REACH,HIGH_NOTE_TOO_EFFORTFUL,REGISTER_CONNECTION,REGISTER_CONNECTION,REGISTER_CONNECTION,REGISTER_CONNECTION,1.0,GENERIC_COLLAPSE,SOVT_GLIDE,SOVT_GLIDE
40fb338380cc,HIGH_NOTE_CANNOT_REACH,HIGH_NOTE_FLIPS,REGISTER_CONNECTION,REGISTER_CONNECTION,REGISTER_CONNECTION,REGISTER_CONNECTION,1.0,GENERIC_COLLAPSE,SOVT_GLIDE,SOVT_GLIDE
40fb338380cc,HIGH_NOTE_TOO_EFFORTFUL,HIGH_NOTE_FLIPS,REGISTER_CONNECTION,REGISTER_CONNECTION,REGISTER_CONNECTION,REGISTER_CONNECTION,1.0,GENERIC_COLLAPSE,SOVT_GLIDE,SOVT_GLIDE
40fb338380cc,HIGH_NOTE_UNSTABLE,PITCH_UNSTABLE,STABILITY,STABILITY,STABILITY,STABILITY,1.0,GENERIC_COLLAPSE,SUSTAIN_HOLD,SUSTAIN_HOLD
40fb338380cc,HIGH_NOTE_UNSTABLE,REGISTER_CONNECTION_DIFFICULT,STABILITY,STABILITY,STABILITY,STABILITY,1.0,GENERIC_COLLAPSE,SUSTAIN_HOLD,SUSTAIN_HOLD
40fb338380cc,THROAT_EFFORT,LOUD_VOICE_DIFFICULT,EFFORT,EFFORT,MAINTAIN,MAINTAIN,1.0,GENERIC_COLLAPSE,SUSTAIN_HOLD,SUSTAIN_HOLD
40fb338380cc,THROAT_EFFORT,VOCAL_FATIGUE,EFFORT,EFFORT,MAINTAIN,MAINTAIN,1.0,GENERIC_COLLAPSE,SUSTAIN_HOLD,SUSTAIN_HOLD
40fb338380cc,THROAT_EFFORT,AFTER_SINGING_FATIGUE,EFFORT,EFFORT,MAINTAIN,MAINTAIN,1.0,GENERIC_COLLAPSE,SUSTAIN_HOLD,SUSTAIN_HOLD
40fb338380cc,LOUD_VOICE_DIFFICULT,VOCAL_FATIGUE,EFFORT,EFFORT,MAINTAIN,MAINTAIN,1.0,GENERIC_COLLAPSE,SUSTAIN_HOLD,SUSTAIN_HOLD
40fb338380cc,LOUD_VOICE_DIFFICULT,AFTER_SINGING_FATIGUE,EFFORT,EFFORT,MAINTAIN,MAINTAIN,1.0,GENERIC_COLLAPSE,SUSTAIN_HOLD,SUSTAIN_HOLD
40fb338380cc,VOCAL_FATIGUE,AFTER_SINGING_FATIGUE,EFFORT,EFFORT,MAINTAIN,MAINTAIN,1.0,GENERIC_COLLAPSE,SUSTAIN_HOLD,SUSTAIN_HOLD
40fb338380cc,VOICE_TOO_DARK_MUFFLED,TIMBRE_CHANGES_HIGH,BRIGHTNESS,REGISTER_CONNECTION,TIMBRE_STYLE,REGISTER_CONNECTION,1.0,GENERIC_COLLAPSE,ARTICULATION,ARTICULATION
40fb338380cc,PITCH_UNSTABLE,REGISTER_CONNECTION_DIFFICULT,STABILITY,STABILITY,STABILITY,STABILITY,1.0,GENERIC_COLLAPSE,SUSTAIN_HOLD,SUSTAIN_HOLD
40fb338380cc,PAIN_WHILE_SINGING,PAIN_AFTER_SINGING,SAFETY,SAFETY,SAFETY,SAFETY,0.9375,LEGITIMATE_SHARED_FOCUS,SAFETY,SAFETY
40fb338380cc,PAIN_WHILE_SINGING,SPEAKING_DISCOMFORT,SAFETY,SAFETY,SAFETY,SAFETY,0.9707,GENERIC_COLLAPSE,SAFETY,SAFETY
40fb338380cc,PAIN_WHILE_SINGING,PERSISTENT_HOARSENESS,SAFETY,SAFETY,SAFETY,SAFETY,0.948,LEGITIMATE_SHARED_FOCUS,SAFETY,SAFETY
40fb338380cc,PAIN_AFTER_SINGING,SPEAKING_DISCOMFORT,SAFETY,SAFETY,SAFETY,SAFETY,0.9414,LEGITIMATE_SHARED_FOCUS,SAFETY,SAFETY
40fb338380cc,PAIN_AFTER_SINGING,PERSISTENT_HOARSENESS,SAFETY,SAFETY,SAFETY,SAFETY,0.948,LEGITIMATE_SHARED_FOCUS,SAFETY,SAFETY
40fb338380cc,SPEAKING_DISCOMFORT,PERSISTENT_HOARSENESS,SAFETY,SAFETY,SAFETY,SAFETY,0.9436,LEGITIMATE_SHARED_FOCUS,SAFETY,SAFETY
442202fca595,HIGH_NOTE_CANNOT_REACH,HIGH_NOTE_TOO_EFFORTFUL,REGISTER_CONNECTION,REGISTER_CONNECTION,REGISTER_CONNECTION,REGISTER_CONNECTION,1.0,GENERIC_COLLAPSE,SOVT_GLIDE,SOVT_GLIDE
442202fca595,HIGH_NOTE_CANNOT_REACH,HIGH_NOTE_FLIPS,REGISTER_CONNECTION,REGISTER_CONNECTION,REGISTER_CONNECTION,REGISTER_CONNECTION,1.0,GENERIC_COLLAPSE,SOVT_GLIDE,SOVT_GLIDE
442202fca595,HIGH_NOTE_TOO_EFFORTFUL,HIGH_NOTE_FLIPS,REGISTER_CONNECTION,REGISTER_CONNECTION,REGISTER_CONNECTION,REGISTER_CONNECTION,1.0,GENERIC_COLLAPSE,SOVT_GLIDE,SOVT_GLIDE
442202fca595,HIGH_NOTE_UNSTABLE,PITCH_UNSTABLE,STABILITY,STABILITY,STABILITY,STABILITY,1.0,GENERIC_COLLAPSE,SUSTAIN_HOLD,SUSTAIN_HOLD
442202fca595,HIGH_NOTE_UNSTABLE,REGISTER_CONNECTION_DIFFICULT,STABILITY,STABILITY,STABILITY,STABILITY,1.0,GENERIC_COLLAPSE,SUSTAIN_HOLD,SUSTAIN_HOLD
442202fca595,THROAT_EFFORT,LOUD_VOICE_DIFFICULT,EFFORT,EFFORT,MAINTAIN,MAINTAIN,1.0,GENERIC_COLLAPSE,SUSTAIN_HOLD,SUSTAIN_HOLD
442202fca595,THROAT_EFFORT,VOCAL_FATIGUE,EFFORT,EFFORT,MAINTAIN,MAINTAIN,1.0,GENERIC_COLLAPSE,SUSTAIN_HOLD,SUSTAIN_HOLD
442202fca595,THROAT_EFFORT,AFTER_SINGING_FATIGUE,EFFORT,EFFORT,MAINTAIN,MAINTAIN,1.0,GENERIC_COLLAPSE,SUSTAIN_HOLD,SUSTAIN_HOLD
442202fca595,LOUD_VOICE_DIFFICULT,VOCAL_FATIGUE,EFFORT,EFFORT,MAINTAIN,MAINTAIN,1.0,GENERIC_COLLAPSE,SUSTAIN_HOLD,SUSTAIN_HOLD
442202fca595,LOUD_VOICE_DIFFICULT,AFTER_SINGING_FATIGUE,EFFORT,EFFORT,MAINTAIN,MAINTAIN,1.0,GENERIC_COLLAPSE,SUSTAIN_HOLD,SUSTAIN_HOLD
442202fca595,VOCAL_FATIGUE,AFTER_SINGING_FATIGUE,EFFORT,EFFORT,MAINTAIN,MAINTAIN,1.0,GENERIC_COLLAPSE,SUSTAIN_HOLD,SUSTAIN_HOLD
442202fca595,VOICE_TOO_THIN,VOICE_TOO_BREATHY,MAINTAIN,TIMBRE,MAINTAIN,TIMBRE_STYLE,1.0,GENERIC_COLLAPSE,VOWEL_CONNECT,VOWEL_CONNECT
442202fca595,VOICE_TOO_DARK_MUFFLED,OTHER_CONCERN,PRESENCE,MAINTAIN,PRESENCE,MAINTAIN,1.0,GENERIC_COLLAPSE,ARTICULATION,ARTICULATION
442202fca595,PITCH_UNSTABLE,REGISTER_CONNECTION_DIFFICULT,STABILITY,STABILITY,STABILITY,STABILITY,1.0,GENERIC_COLLAPSE,SUSTAIN_HOLD,SUSTAIN_HOLD
442202fca595,PAIN_WHILE_SINGING,PAIN_AFTER_SINGING,SAFETY,SAFETY,SAFETY,SAFETY,0.9375,LEGITIMATE_SHARED_FOCUS,SAFETY,SAFETY
442202fca595,PAIN_WHILE_SINGING,SPEAKING_DISCOMFORT,SAFETY,SAFETY,SAFETY,SAFETY,0.9707,GENERIC_COLLAPSE,SAFETY,SAFETY
442202fca595,PAIN_WHILE_SINGING,PERSISTENT_HOARSENESS,SAFETY,SAFETY,SAFETY,SAFETY,0.948,LEGITIMATE_SHARED_FOCUS,SAFETY,SAFETY
442202fca595,PAIN_AFTER_SINGING,SPEAKING_DISCOMFORT,SAFETY,SAFETY,SAFETY,SAFETY,0.9414,LEGITIMATE_SHARED_FOCUS,SAFETY,SAFETY
442202fca595,PAIN_AFTER_SINGING,PERSISTENT_HOARSENESS,SAFETY,SAFETY,SAFETY,SAFETY,0.948,LEGITIMATE_SHARED_FOCUS,SAFETY,SAFETY
442202fca595,SPEAKING_DISCOMFORT,PERSISTENT_HOARSENESS,SAFETY,SAFETY,SAFETY,SAFETY,0.9436,LEGITIMATE_SHARED_FOCUS,SAFETY,SAFETY
54b972ad300a,HIGH_NOTE_CANNOT_REACH,HIGH_NOTE_TOO_EFFORTFUL,REGISTER_CONNECTION,REGISTER_CONNECTION,REGISTER_CONNECTION,REGISTER_CONNECTION,1.0,GENERIC_COLLAPSE,SOVT_GLIDE,SOVT_GLIDE
54b972ad300a,HIGH_NOTE_CANNOT_REACH,HIGH_NOTE_FLIPS,REGISTER_CONNECTION,REGISTER_CONNECTION,REGISTER_CONNECTION,REGISTER_CONNECTION,1.0,GENERIC_COLLAPSE,SOVT_GLIDE,SOVT_GLIDE
54b972ad300a,HIGH_NOTE_TOO_EFFORTFUL,HIGH_NOTE_FLIPS,REGISTER_CONNECTION,REGISTER_CONNECTION,REGISTER_CONNECTION,REGISTER_CONNECTION,1.0,GENERIC_COLLAPSE,SOVT_GLIDE,SOVT_GLIDE
54b972ad300a,HIGH_NOTE_UNSTABLE,PITCH_UNSTABLE,STABILITY,STABILITY,STABILITY,STABILITY,1.0,GENERIC_COLLAPSE,SUSTAIN_HOLD,SUSTAIN_HOLD
54b972ad300a,HIGH_NOTE_UNSTABLE,REGISTER_CONNECTION_DIFFICULT,STABILITY,STABILITY,STABILITY,STABILITY,1.0,GENERIC_COLLAPSE,SUSTAIN_HOLD,SUSTAIN_HOLD
54b972ad300a,THROAT_EFFORT,LOUD_VOICE_DIFFICULT,EFFORT,EFFORT,MAINTAIN,MAINTAIN,1.0,GENERIC_COLLAPSE,SUSTAIN_HOLD,SUSTAIN_HOLD
54b972ad300a,THROAT_EFFORT,VOCAL_FATIGUE,EFFORT,EFFORT,MAINTAIN,MAINTAIN,1.0,GENERIC_COLLAPSE,SUSTAIN_HOLD,SUSTAIN_HOLD
54b972ad300a,THROAT_EFFORT,AFTER_SINGING_FATIGUE,EFFORT,EFFORT,MAINTAIN,MAINTAIN,1.0,GENERIC_COLLAPSE,SUSTAIN_HOLD,SUSTAIN_HOLD
54b972ad300a,LOUD_VOICE_DIFFICULT,VOCAL_FATIGUE,EFFORT,EFFORT,MAINTAIN,MAINTAIN,1.0,GENERIC_COLLAPSE,SUSTAIN_HOLD,SUSTAIN_HOLD
54b972ad300a,LOUD_VOICE_DIFFICULT,AFTER_SINGING_FATIGUE,EFFORT,EFFORT,MAINTAIN,MAINTAIN,1.0,GENERIC_COLLAPSE,SUSTAIN_HOLD,SUSTAIN_HOLD
54b972ad300a,VOCAL_FATIGUE,AFTER_SINGING_FATIGUE,EFFORT,EFFORT,MAINTAIN,MAINTAIN,1.0,GENERIC_COLLAPSE,SUSTAIN_HOLD,SUSTAIN_HOLD
54b972ad300a,VOICE_TOO_DARK_MUFFLED,TIMBRE_CHANGES_HIGH,BRIGHTNESS,REGISTER_CONNECTION,TIMBRE_STYLE,REGISTER_CONNECTION,1.0,GENERIC_COLLAPSE,ARTICULATION,ARTICULATION
54b972ad300a,PITCH_UNSTABLE,REGISTER_CONNECTION_DIFFICULT,STABILITY,STABILITY,STABILITY,STABILITY,1.0,GENERIC_COLLAPSE,SUSTAIN_HOLD,SUSTAIN_HOLD
54b972ad300a,PAIN_WHILE_SINGING,PAIN_AFTER_SINGING,SAFETY,SAFETY,SAFETY,SAFETY,0.9375,LEGITIMATE_SHARED_FOCUS,SAFETY,SAFETY
54b972ad300a,PAIN_WHILE_SINGING,SPEAKING_DISCOMFORT,SAFETY,SAFETY,SAFETY,SAFETY,0.9707,GENERIC_COLLAPSE,SAFETY,SAFETY
54b972ad300a,PAIN_WHILE_SINGING,PERSISTENT_HOARSENESS,SAFETY,SAFETY,SAFETY,SAFETY,0.948,LEGITIMATE_SHARED_FOCUS,SAFETY,SAFETY
54b972ad300a,PAIN_AFTER_SINGING,SPEAKING_DISCOMFORT,SAFETY,SAFETY,SAFETY,SAFETY,0.9414,LEGITIMATE_SHARED_FOCUS,SAFETY,SAFETY
54b972ad300a,PAIN_AFTER_SINGING,PERSISTENT_HOARSENESS,SAFETY,SAFETY,SAFETY,SAFETY,0.948,LEGITIMATE_SHARED_FOCUS,SAFETY,SAFETY
54b972ad300a,SPEAKING_DISCOMFORT,PERSISTENT_HOARSENESS,SAFETY,SAFETY,SAFETY,SAFETY,0.9436,LEGITIMATE_SHARED_FOCUS,SAFETY,SAFETY
5662e8094f66,HIGH_NOTE_CANNOT_REACH,HIGH_NOTE_TOO_EFFORTFUL,REGISTER_CONNECTION,REGISTER_CONNECTION,REGISTER_CONNECTION,REGISTER_CONNECTION,1.0,GENERIC_COLLAPSE,SOVT_GLIDE,SOVT_GLIDE
5662e8094f66,HIGH_NOTE_CANNOT_REACH,HIGH_NOTE_FLIPS,REGISTER_CONNECTION,REGISTER_CONNECTION,REGISTER_CONNECTION,REGISTER_CONNECTION,1.0,GENERIC_COLLAPSE,SOVT_GLIDE,SOVT_GLIDE
5662e8094f66,HIGH_NOTE_TOO_EFFORTFUL,HIGH_NOTE_FLIPS,REGISTER_CONNECTION,REGISTER_CONNECTION,REGISTER_CONNECTION,REGISTER_CONNECTION,1.0,GENERIC_COLLAPSE,SOVT_GLIDE,SOVT_GLIDE
5662e8094f66,HIGH_NOTE_UNSTABLE,PITCH_UNSTABLE,STABILITY,STABILITY,STABILITY,STABILITY,1.0,GENERIC_COLLAPSE,SUSTAIN_HOLD,SUSTAIN_HOLD
5662e8094f66,HIGH_NOTE_UNSTABLE,REGISTER_CONNECTION_DIFFICULT,STABILITY,STABILITY,STABILITY,STABILITY,1.0,GENERIC_COLLAPSE,SUSTAIN_HOLD,SUSTAIN_HOLD
5662e8094f66,THROAT_EFFORT,LOUD_VOICE_DIFFICULT,EFFORT,EFFORT,MAINTAIN,MAINTAIN,1.0,GENERIC_COLLAPSE,SUSTAIN_HOLD,SUSTAIN_HOLD
5662e8094f66,THROAT_EFFORT,VOCAL_FATIGUE,EFFORT,EFFORT,MAINTAIN,MAINTAIN,1.0,GENERIC_COLLAPSE,SUSTAIN_HOLD,SUSTAIN_HOLD
5662e8094f66,THROAT_EFFORT,AFTER_SINGING_FATIGUE,EFFORT,EFFORT,MAINTAIN,MAINTAIN,1.0,GENERIC_COLLAPSE,SUSTAIN_HOLD,SUSTAIN_HOLD
5662e8094f66,LOUD_VOICE_DIFFICULT,VOCAL_FATIGUE,EFFORT,EFFORT,MAINTAIN,MAINTAIN,1.0,GENERIC_COLLAPSE,SUSTAIN_HOLD,SUSTAIN_HOLD
5662e8094f66,LOUD_VOICE_DIFFICULT,AFTER_SINGING_FATIGUE,EFFORT,EFFORT,MAINTAIN,MAINTAIN,1.0,GENERIC_COLLAPSE,SUSTAIN_HOLD,SUSTAIN_HOLD
5662e8094f66,VOCAL_FATIGUE,AFTER_SINGING_FATIGUE,EFFORT,EFFORT,MAINTAIN,MAINTAIN,1.0,GENERIC_COLLAPSE,SUSTAIN_HOLD,SUSTAIN_HOLD
5662e8094f66,VOICE_TOO_DARK_MUFFLED,TIMBRE_CHANGES_HIGH,BRIGHTNESS,REGISTER_CONNECTION,TIMBRE_STYLE,REGISTER_CONNECTION,1.0,GENERIC_COLLAPSE,ARTICULATION,ARTICULATION
5662e8094f66,PITCH_UNSTABLE,REGISTER_CONNECTION_DIFFICULT,STABILITY,STABILITY,STABILITY,STABILITY,1.0,GENERIC_COLLAPSE,SUSTAIN_HOLD,SUSTAIN_HOLD
5662e8094f66,PAIN_WHILE_SINGING,PAIN_AFTER_SINGING,SAFETY,SAFETY,SAFETY,SAFETY,0.9375,LEGITIMATE_SHARED_FOCUS,SAFETY,SAFETY
5662e8094f66,PAIN_WHILE_SINGING,SPEAKING_DISCOMFORT,SAFETY,SAFETY,SAFETY,SAFETY,0.9707,GENERIC_COLLAPSE,SAFETY,SAFETY
5662e8094f66,PAIN_WHILE_SINGING,PERSISTENT_HOARSENESS,SAFETY,SAFETY,SAFETY,SAFETY,0.948,LEGITIMATE_SHARED_FOCUS,SAFETY,SAFETY
5662e8094f66,PAIN_AFTER_SINGING,SPEAKING_DISCOMFORT,SAFETY,SAFETY,SAFETY,SAFETY,0.9414,LEGITIMATE_SHARED_FOCUS,SAFETY,SAFETY
5662e8094f66,PAIN_AFTER_SINGING,PERSISTENT_HOARSENESS,SAFETY,SAFETY,SAFETY,SAFETY,0.948,LEGITIMATE_SHARED_FOCUS,SAFETY,SAFETY
5662e8094f66,SPEAKING_DISCOMFORT,PERSISTENT_HOARSENESS,SAFETY,SAFETY,SAFETY,SAFETY,0.9436,LEGITIMATE_SHARED_FOCUS,SAFETY,SAFETY
5e7819c3abb4,HIGH_NOTE_CANNOT_REACH,HIGH_NOTE_TOO_EFFORTFUL,EFFORT,EFFORT,EFFORT,EFFORT,1.0,GENERIC_COLLAPSE,SAFETY_REST,SAFETY_REST
5e7819c3abb4,HIGH_NOTE_CANNOT_REACH,HIGH_NOTE_UNSTABLE,EFFORT,EFFORT,EFFORT,EFFORT,1.0,GENERIC_COLLAPSE,SAFETY_REST,SAFETY_REST
5e7819c3abb4,HIGH_NOTE_CANNOT_REACH,THROAT_EFFORT,EFFORT,EFFORT,EFFORT,EFFORT,1.0,GENERIC_COLLAPSE,SAFETY_REST,SAFETY_REST
5e7819c3abb4,HIGH_NOTE_CANNOT_REACH,LOUD_VOICE_DIFFICULT,EFFORT,EFFORT,EFFORT,EFFORT,1.0,GENERIC_COLLAPSE,SAFETY_REST,SAFETY_REST
5e7819c3abb4,HIGH_NOTE_CANNOT_REACH,VOCAL_FATIGUE,EFFORT,EFFORT,EFFORT,EFFORT,1.0,GENERIC_COLLAPSE,SAFETY_REST,SAFETY_REST
5e7819c3abb4,HIGH_NOTE_CANNOT_REACH,AFTER_SINGING_FATIGUE,EFFORT,EFFORT,EFFORT,EFFORT,1.0,GENERIC_COLLAPSE,SAFETY_REST,SAFETY_REST
5e7819c3abb4,HIGH_NOTE_CANNOT_REACH,PITCH_UNSTABLE,EFFORT,EFFORT,EFFORT,EFFORT,1.0,GENERIC_COLLAPSE,SAFETY_REST,SAFETY_REST
5e7819c3abb4,HIGH_NOTE_CANNOT_REACH,REGISTER_CONNECTION_DIFFICULT,EFFORT,EFFORT,EFFORT,EFFORT,1.0,GENERIC_COLLAPSE,SAFETY_REST,SAFETY_REST
5e7819c3abb4,HIGH_NOTE_CANNOT_REACH,VIBRATO_UNSTABLE,EFFORT,EFFORT,EFFORT,EFFORT,1.0,GENERIC_COLLAPSE,SAFETY_REST,SAFETY_REST
5e7819c3abb4,HIGH_NOTE_TOO_EFFORTFUL,HIGH_NOTE_UNSTABLE,EFFORT,EFFORT,EFFORT,EFFORT,1.0,GENERIC_COLLAPSE,SAFETY_REST,SAFETY_REST
5e7819c3abb4,HIGH_NOTE_TOO_EFFORTFUL,THROAT_EFFORT,EFFORT,EFFORT,EFFORT,EFFORT,1.0,GENERIC_COLLAPSE,SAFETY_REST,SAFETY_REST
5e7819c3abb4,HIGH_NOTE_TOO_EFFORTFUL,LOUD_VOICE_DIFFICULT,EFFORT,EFFORT,EFFORT,EFFORT,1.0,GENERIC_COLLAPSE,SAFETY_REST,SAFETY_REST
5e7819c3abb4,HIGH_NOTE_TOO_EFFORTFUL,VOCAL_FATIGUE,EFFORT,EFFORT,EFFORT,EFFORT,1.0,GENERIC_COLLAPSE,SAFETY_REST,SAFETY_REST
5e7819c3abb4,HIGH_NOTE_TOO_EFFORTFUL,AFTER_SINGING_FATIGUE,EFFORT,EFFORT,EFFORT,EFFORT,1.0,GENERIC_COLLAPSE,SAFETY_REST,SAFETY_REST
5e7819c3abb4,HIGH_NOTE_TOO_EFFORTFUL,PITCH_UNSTABLE,EFFORT,EFFORT,EFFORT,EFFORT,1.0,GENERIC_COLLAPSE,SAFETY_REST,SAFETY_REST
5e7819c3abb4,HIGH_NOTE_TOO_EFFORTFUL,REGISTER_CONNECTION_DIFFICULT,EFFORT,EFFORT,EFFORT,EFFORT,1.0,GENERIC_COLLAPSE,SAFETY_REST,SAFETY_REST
5e7819c3abb4,HIGH_NOTE_TOO_EFFORTFUL,VIBRATO_UNSTABLE,EFFORT,EFFORT,EFFORT,EFFORT,1.0,GENERIC_COLLAPSE,SAFETY_REST,SAFETY_REST
5e7819c3abb4,HIGH_NOTE_UNSTABLE,THROAT_EFFORT,EFFORT,EFFORT,EFFORT,EFFORT,1.0,GENERIC_COLLAPSE,SAFETY_REST,SAFETY_REST
5e7819c3abb4,HIGH_NOTE_UNSTABLE,LOUD_VOICE_DIFFICULT,EFFORT,EFFORT,EFFORT,EFFORT,1.0,GENERIC_COLLAPSE,SAFETY_REST,SAFETY_REST
5e7819c3abb4,HIGH_NOTE_UNSTABLE,VOCAL_FATIGUE,EFFORT,EFFORT,EFFORT,EFFORT,1.0,GENERIC_COLLAPSE,SAFETY_REST,SAFETY_REST
5e7819c3abb4,HIGH_NOTE_UNSTABLE,AFTER_SINGING_FATIGUE,EFFORT,EFFORT,EFFORT,EFFORT,1.0,GENERIC_COLLAPSE,SAFETY_REST,SAFETY_REST
5e7819c3abb4,HIGH_NOTE_UNSTABLE,PITCH_UNSTABLE,EFFORT,EFFORT,EFFORT,EFFORT,1.0,GENERIC_COLLAPSE,SAFETY_REST,SAFETY_REST
5e7819c3abb4,HIGH_NOTE_UNSTABLE,REGISTER_CONNECTION_DIFFICULT,EFFORT,EFFORT,EFFORT,EFFORT,1.0,GENERIC_COLLAPSE,SAFETY_REST,SAFETY_REST
5e7819c3abb4,HIGH_NOTE_UNSTABLE,VIBRATO_UNSTABLE,EFFORT,EFFORT,EFFORT,EFFORT,1.0,GENERIC_COLLAPSE,SAFETY_REST,SAFETY_REST
5e7819c3abb4,THROAT_EFFORT,LOUD_VOICE_DIFFICULT,EFFORT,EFFORT,EFFORT,EFFORT,1.0,GENERIC_COLLAPSE,SAFETY_REST,SAFETY_REST
5e7819c3abb4,THROAT_EFFORT,VOCAL_FATIGUE,EFFORT,EFFORT,EFFORT,EFFORT,1.0,GENERIC_COLLAPSE,SAFETY_REST,SAFETY_REST
5e7819c3abb4,THROAT_EFFORT,AFTER_SINGING_FATIGUE,EFFORT,EFFORT,EFFORT,EFFORT,1.0,GENERIC_COLLAPSE,SAFETY_REST,SAFETY_REST
5e7819c3abb4,THROAT_EFFORT,PITCH_UNSTABLE,EFFORT,EFFORT,EFFORT,EFFORT,1.0,GENERIC_COLLAPSE,SAFETY_REST,SAFETY_REST
5e7819c3abb4,THROAT_EFFORT,REGISTER_CONNECTION_DIFFICULT,EFFORT,EFFORT,EFFORT,EFFORT,1.0,GENERIC_COLLAPSE,SAFETY_REST,SAFETY_REST
5e7819c3abb4,THROAT_EFFORT,VIBRATO_UNSTABLE,EFFORT,EFFORT,EFFORT,EFFORT,1.0,GENERIC_COLLAPSE,SAFETY_REST,SAFETY_REST
5e7819c3abb4,LOUD_VOICE_DIFFICULT,VOCAL_FATIGUE,EFFORT,EFFORT,EFFORT,EFFORT,1.0,GENERIC_COLLAPSE,SAFETY_REST,SAFETY_REST
5e7819c3abb4,LOUD_VOICE_DIFFICULT,AFTER_SINGING_FATIGUE,EFFORT,EFFORT,EFFORT,EFFORT,1.0,GENERIC_COLLAPSE,SAFETY_REST,SAFETY_REST
5e7819c3abb4,LOUD_VOICE_DIFFICULT,PITCH_UNSTABLE,EFFORT,EFFORT,EFFORT,EFFORT,1.0,GENERIC_COLLAPSE,SAFETY_REST,SAFETY_REST
5e7819c3abb4,LOUD_VOICE_DIFFICULT,REGISTER_CONNECTION_DIFFICULT,EFFORT,EFFORT,EFFORT,EFFORT,1.0,GENERIC_COLLAPSE,SAFETY_REST,SAFETY_REST
5e7819c3abb4,LOUD_VOICE_DIFFICULT,VIBRATO_UNSTABLE,EFFORT,EFFORT,EFFORT,EFFORT,1.0,GENERIC_COLLAPSE,SAFETY_REST,SAFETY_REST
5e7819c3abb4,VOCAL_FATIGUE,AFTER_SINGING_FATIGUE,EFFORT,EFFORT,EFFORT,EFFORT,1.0,GENERIC_COLLAPSE,SAFETY_REST,SAFETY_REST
5e7819c3abb4,VOCAL_FATIGUE,PITCH_UNSTABLE,EFFORT,EFFORT,EFFORT,EFFORT,1.0,GENERIC_COLLAPSE,SAFETY_REST,SAFETY_REST
5e7819c3abb4,VOCAL_FATIGUE,REGISTER_CONNECTION_DIFFICULT,EFFORT,EFFORT,EFFORT,EFFORT,1.0,GENERIC_COLLAPSE,SAFETY_REST,SAFETY_REST
5e7819c3abb4,VOCAL_FATIGUE,VIBRATO_UNSTABLE,EFFORT,EFFORT,EFFORT,EFFORT,1.0,GENERIC_COLLAPSE,SAFETY_REST,SAFETY_REST
5e7819c3abb4,AFTER_SINGING_FATIGUE,PITCH_UNSTABLE,EFFORT,EFFORT,EFFORT,EFFORT,1.0,GENERIC_COLLAPSE,SAFETY_REST,SAFETY_REST
5e7819c3abb4,AFTER_SINGING_FATIGUE,REGISTER_CONNECTION_DIFFICULT,EFFORT,EFFORT,EFFORT,EFFORT,1.0,GENERIC_COLLAPSE,SAFETY_REST,SAFETY_REST
5e7819c3abb4,AFTER_SINGING_FATIGUE,VIBRATO_UNSTABLE,EFFORT,EFFORT,EFFORT,EFFORT,1.0,GENERIC_COLLAPSE,SAFETY_REST,SAFETY_REST
5e7819c3abb4,VOICE_TOO_THIN,VOICE_TOO_BREATHY,EFFORT,EFFORT,EFFORT,EFFORT,1.0,GENERIC_COLLAPSE,VOWEL_CONNECT,VOWEL_CONNECT
5e7819c3abb4,VOICE_TOO_DARK_MUFFLED,OTHER_CONCERN,EFFORT,EFFORT,EFFORT,EFFORT,1.0,GENERIC_COLLAPSE,ARTICULATION,ARTICULATION
5e7819c3abb4,PITCH_UNSTABLE,REGISTER_CONNECTION_DIFFICULT,EFFORT,EFFORT,EFFORT,EFFORT,1.0,GENERIC_COLLAPSE,SAFETY_REST,SAFETY_REST
5e7819c3abb4,PITCH_UNSTABLE,VIBRATO_UNSTABLE,EFFORT,EFFORT,EFFORT,EFFORT,1.0,GENERIC_COLLAPSE,SAFETY_REST,SAFETY_REST
5e7819c3abb4,REGISTER_CONNECTION_DIFFICULT,VIBRATO_UNSTABLE,EFFORT,EFFORT,EFFORT,EFFORT,1.0,GENERIC_COLLAPSE,SAFETY_REST,SAFETY_REST
5e7819c3abb4,PAIN_WHILE_SINGING,PAIN_AFTER_SINGING,SAFETY,SAFETY,SAFETY,SAFETY,0.9375,LEGITIMATE_SHARED_FOCUS,SAFETY,SAFETY
5e7819c3abb4,PAIN_WHILE_SINGING,SPEAKING_DISCOMFORT,SAFETY,SAFETY,SAFETY,SAFETY,0.9707,GENERIC_COLLAPSE,SAFETY,SAFETY
5e7819c3abb4,PAIN_WHILE_SINGING,PERSISTENT_HOARSENESS,SAFETY,SAFETY,SAFETY,SAFETY,0.948,LEGITIMATE_SHARED_FOCUS,SAFETY,SAFETY
5e7819c3abb4,PAIN_AFTER_SINGING,SPEAKING_DISCOMFORT,SAFETY,SAFETY,SAFETY,SAFETY,0.9414,LEGITIMATE_SHARED_FOCUS,SAFETY,SAFETY
5e7819c3abb4,PAIN_AFTER_SINGING,PERSISTENT_HOARSENESS,SAFETY,SAFETY,SAFETY,SAFETY,0.948,LEGITIMATE_SHARED_FOCUS,SAFETY,SAFETY
5e7819c3abb4,SPEAKING_DISCOMFORT,PERSISTENT_HOARSENESS,SAFETY,SAFETY,SAFETY,SAFETY,0.9436,LEGITIMATE_SHARED_FOCUS,SAFETY,SAFETY
5fdfa9eb73e5,HIGH_NOTE_CANNOT_REACH,HIGH_NOTE_TOO_EFFORTFUL,REGISTER_CONNECTION,REGISTER_CONNECTION,REGISTER_CONNECTION,REGISTER_CONNECTION,1.0,GENERIC_COLLAPSE,SOVT_GLIDE,SOVT_GLIDE
5fdfa9eb73e5,HIGH_NOTE_CANNOT_REACH,HIGH_NOTE_FLIPS,REGISTER_CONNECTION,REGISTER_CONNECTION,REGISTER_CONNECTION,REGISTER_CONNECTION,1.0,GENERIC_COLLAPSE,SOVT_GLIDE,SOVT_GLIDE
5fdfa9eb73e5,HIGH_NOTE_CANNOT_REACH,HIGH_NOTE_UNSTABLE,REGISTER_CONNECTION,REGISTER_CONNECTION,REGISTER_CONNECTION,REGISTER_CONNECTION,1.0,GENERIC_COLLAPSE,SOVT_GLIDE,SOVT_GLIDE
5fdfa9eb73e5,HIGH_NOTE_CANNOT_REACH,THROAT_EFFORT,REGISTER_CONNECTION,REGISTER_CONNECTION,REGISTER_CONNECTION,REGISTER_CONNECTION,1.0,GENERIC_COLLAPSE,SOVT_GLIDE,SOVT_GLIDE
5fdfa9eb73e5,HIGH_NOTE_CANNOT_REACH,LOUD_VOICE_DIFFICULT,REGISTER_CONNECTION,REGISTER_CONNECTION,REGISTER_CONNECTION,REGISTER_CONNECTION,1.0,GENERIC_COLLAPSE,SOVT_GLIDE,SOVT_GLIDE
5fdfa9eb73e5,HIGH_NOTE_CANNOT_REACH,VOCAL_FATIGUE,REGISTER_CONNECTION,REGISTER_CONNECTION,REGISTER_CONNECTION,REGISTER_CONNECTION,1.0,GENERIC_COLLAPSE,SOVT_GLIDE,SOVT_GLIDE
5fdfa9eb73e5,HIGH_NOTE_CANNOT_REACH,AFTER_SINGING_FATIGUE,REGISTER_CONNECTION,REGISTER_CONNECTION,REGISTER_CONNECTION,REGISTER_CONNECTION,1.0,GENERIC_COLLAPSE,SOVT_GLIDE,SOVT_GLIDE
5fdfa9eb73e5,HIGH_NOTE_CANNOT_REACH,PITCH_UNSTABLE,REGISTER_CONNECTION,REGISTER_CONNECTION,REGISTER_CONNECTION,REGISTER_CONNECTION,1.0,GENERIC_COLLAPSE,SOVT_GLIDE,SOVT_GLIDE
5fdfa9eb73e5,HIGH_NOTE_CANNOT_REACH,REGISTER_CONNECTION_DIFFICULT,REGISTER_CONNECTION,REGISTER_CONNECTION,REGISTER_CONNECTION,REGISTER_CONNECTION,1.0,GENERIC_COLLAPSE,SOVT_GLIDE,SOVT_GLIDE
5fdfa9eb73e5,HIGH_NOTE_TOO_EFFORTFUL,HIGH_NOTE_FLIPS,REGISTER_CONNECTION,REGISTER_CONNECTION,REGISTER_CONNECTION,REGISTER_CONNECTION,1.0,GENERIC_COLLAPSE,SOVT_GLIDE,SOVT_GLIDE
5fdfa9eb73e5,HIGH_NOTE_TOO_EFFORTFUL,HIGH_NOTE_UNSTABLE,REGISTER_CONNECTION,REGISTER_CONNECTION,REGISTER_CONNECTION,REGISTER_CONNECTION,1.0,GENERIC_COLLAPSE,SOVT_GLIDE,SOVT_GLIDE
5fdfa9eb73e5,HIGH_NOTE_TOO_EFFORTFUL,THROAT_EFFORT,REGISTER_CONNECTION,REGISTER_CONNECTION,REGISTER_CONNECTION,REGISTER_CONNECTION,1.0,GENERIC_COLLAPSE,SOVT_GLIDE,SOVT_GLIDE
5fdfa9eb73e5,HIGH_NOTE_TOO_EFFORTFUL,LOUD_VOICE_DIFFICULT,REGISTER_CONNECTION,REGISTER_CONNECTION,REGISTER_CONNECTION,REGISTER_CONNECTION,1.0,GENERIC_COLLAPSE,SOVT_GLIDE,SOVT_GLIDE
5fdfa9eb73e5,HIGH_NOTE_TOO_EFFORTFUL,VOCAL_FATIGUE,REGISTER_CONNECTION,REGISTER_CONNECTION,REGISTER_CONNECTION,REGISTER_CONNECTION,1.0,GENERIC_COLLAPSE,SOVT_GLIDE,SOVT_GLIDE
5fdfa9eb73e5,HIGH_NOTE_TOO_EFFORTFUL,AFTER_SINGING_FATIGUE,REGISTER_CONNECTION,REGISTER_CONNECTION,REGISTER_CONNECTION,REGISTER_CONNECTION,1.0,GENERIC_COLLAPSE,SOVT_GLIDE,SOVT_GLIDE
5fdfa9eb73e5,HIGH_NOTE_TOO_EFFORTFUL,PITCH_UNSTABLE,REGISTER_CONNECTION,REGISTER_CONNECTION,REGISTER_CONNECTION,REGISTER_CONNECTION,1.0,GENERIC_COLLAPSE,SOVT_GLIDE,SOVT_GLIDE
5fdfa9eb73e5,HIGH_NOTE_TOO_EFFORTFUL,REGISTER_CONNECTION_DIFFICULT,REGISTER_CONNECTION,REGISTER_CONNECTION,REGISTER_CONNECTION,REGISTER_CONNECTION,1.0,GENERIC_COLLAPSE,SOVT_GLIDE,SOVT_GLIDE
5fdfa9eb73e5,HIGH_NOTE_FLIPS,HIGH_NOTE_UNSTABLE,REGISTER_CONNECTION,REGISTER_CONNECTION,REGISTER_CONNECTION,REGISTER_CONNECTION,1.0,GENERIC_COLLAPSE,SOVT_GLIDE,SOVT_GLIDE
5fdfa9eb73e5,HIGH_NOTE_FLIPS,THROAT_EFFORT,REGISTER_CONNECTION,REGISTER_CONNECTION,REGISTER_CONNECTION,REGISTER_CONNECTION,1.0,GENERIC_COLLAPSE,SOVT_GLIDE,SOVT_GLIDE
5fdfa9eb73e5,HIGH_NOTE_FLIPS,LOUD_VOICE_DIFFICULT,REGISTER_CONNECTION,REGISTER_CONNECTION,REGISTER_CONNECTION,REGISTER_CONNECTION,1.0,GENERIC_COLLAPSE,SOVT_GLIDE,SOVT_GLIDE
5fdfa9eb73e5,HIGH_NOTE_FLIPS,VOCAL_FATIGUE,REGISTER_CONNECTION,REGISTER_CONNECTION,REGISTER_CONNECTION,REGISTER_CONNECTION,1.0,GENERIC_COLLAPSE,SOVT_GLIDE,SOVT_GLIDE
5fdfa9eb73e5,HIGH_NOTE_FLIPS,AFTER_SINGING_FATIGUE,REGISTER_CONNECTION,REGISTER_CONNECTION,REGISTER_CONNECTION,REGISTER_CONNECTION,1.0,GENERIC_COLLAPSE,SOVT_GLIDE,SOVT_GLIDE
5fdfa9eb73e5,HIGH_NOTE_FLIPS,PITCH_UNSTABLE,REGISTER_CONNECTION,REGISTER_CONNECTION,REGISTER_CONNECTION,REGISTER_CONNECTION,1.0,GENERIC_COLLAPSE,SOVT_GLIDE,SOVT_GLIDE
5fdfa9eb73e5,HIGH_NOTE_FLIPS,REGISTER_CONNECTION_DIFFICULT,REGISTER_CONNECTION,REGISTER_CONNECTION,REGISTER_CONNECTION,REGISTER_CONNECTION,1.0,GENERIC_COLLAPSE,SOVT_GLIDE,SOVT_GLIDE
5fdfa9eb73e5,HIGH_NOTE_THINS,VOICE_TOO_THIN,REGISTER_CONNECTION,REGISTER_CONNECTION,REGISTER_CONNECTION,REGISTER_CONNECTION,1.0,GENERIC_COLLAPSE,SOVT_GLIDE,SOVT_GLIDE
5fdfa9eb73e5,HIGH_NOTE_THINS,TIMBRE_CHANGES_HIGH,REGISTER_CONNECTION,REGISTER_CONNECTION,REGISTER_CONNECTION,REGISTER_CONNECTION,1.0,GENERIC_COLLAPSE,SOVT_GLIDE,SOVT_GLIDE
5fdfa9eb73e5,HIGH_NOTE_UNSTABLE,THROAT_EFFORT,REGISTER_CONNECTION,REGISTER_CONNECTION,REGISTER_CONNECTION,REGISTER_CONNECTION,1.0,GENERIC_COLLAPSE,SOVT_GLIDE,SOVT_GLIDE
5fdfa9eb73e5,HIGH_NOTE_UNSTABLE,LOUD_VOICE_DIFFICULT,REGISTER_CONNECTION,REGISTER_CONNECTION,REGISTER_CONNECTION,REGISTER_CONNECTION,1.0,GENERIC_COLLAPSE,SOVT_GLIDE,SOVT_GLIDE
5fdfa9eb73e5,HIGH_NOTE_UNSTABLE,VOCAL_FATIGUE,REGISTER_CONNECTION,REGISTER_CONNECTION,REGISTER_CONNECTION,REGISTER_CONNECTION,1.0,GENERIC_COLLAPSE,SOVT_GLIDE,SOVT_GLIDE
5fdfa9eb73e5,HIGH_NOTE_UNSTABLE,AFTER_SINGING_FATIGUE,REGISTER_CONNECTION,REGISTER_CONNECTION,REGISTER_CONNECTION,REGISTER_CONNECTION,1.0,GENERIC_COLLAPSE,SOVT_GLIDE,SOVT_GLIDE
5fdfa9eb73e5,HIGH_NOTE_UNSTABLE,PITCH_UNSTABLE,REGISTER_CONNECTION,REGISTER_CONNECTION,REGISTER_CONNECTION,REGISTER_CONNECTION,1.0,GENERIC_COLLAPSE,SOVT_GLIDE,SOVT_GLIDE
5fdfa9eb73e5,HIGH_NOTE_UNSTABLE,REGISTER_CONNECTION_DIFFICULT,REGISTER_CONNECTION,REGISTER_CONNECTION,REGISTER_CONNECTION,REGISTER_CONNECTION,1.0,GENERIC_COLLAPSE,SOVT_GLIDE,SOVT_GLIDE
5fdfa9eb73e5,THROAT_EFFORT,LOUD_VOICE_DIFFICULT,REGISTER_CONNECTION,REGISTER_CONNECTION,REGISTER_CONNECTION,REGISTER_CONNECTION,1.0,GENERIC_COLLAPSE,SOVT_GLIDE,SOVT_GLIDE
5fdfa9eb73e5,THROAT_EFFORT,VOCAL_FATIGUE,REGISTER_CONNECTION,REGISTER_CONNECTION,REGISTER_CONNECTION,REGISTER_CONNECTION,1.0,GENERIC_COLLAPSE,SOVT_GLIDE,SOVT_GLIDE
5fdfa9eb73e5,THROAT_EFFORT,AFTER_SINGING_FATIGUE,REGISTER_CONNECTION,REGISTER_CONNECTION,REGISTER_CONNECTION,REGISTER_CONNECTION,1.0,GENERIC_COLLAPSE,SOVT_GLIDE,SOVT_GLIDE
5fdfa9eb73e5,THROAT_EFFORT,PITCH_UNSTABLE,REGISTER_CONNECTION,REGISTER_CONNECTION,REGISTER_CONNECTION,REGISTER_CONNECTION,1.0,GENERIC_COLLAPSE,SOVT_GLIDE,SOVT_GLIDE
5fdfa9eb73e5,THROAT_EFFORT,REGISTER_CONNECTION_DIFFICULT,REGISTER_CONNECTION,REGISTER_CONNECTION,REGISTER_CONNECTION,REGISTER_CONNECTION,1.0,GENERIC_COLLAPSE,SOVT_GLIDE,SOVT_GLIDE
5fdfa9eb73e5,LOUD_VOICE_DIFFICULT,VOCAL_FATIGUE,REGISTER_CONNECTION,REGISTER_CONNECTION,REGISTER_CONNECTION,REGISTER_CONNECTION,1.0,GENERIC_COLLAPSE,SOVT_GLIDE,SOVT_GLIDE
5fdfa9eb73e5,LOUD_VOICE_DIFFICULT,AFTER_SINGING_FATIGUE,REGISTER_CONNECTION,REGISTER_CONNECTION,REGISTER_CONNECTION,REGISTER_CONNECTION,1.0,GENERIC_COLLAPSE,SOVT_GLIDE,SOVT_GLIDE
5fdfa9eb73e5,LOUD_VOICE_DIFFICULT,PITCH_UNSTABLE,REGISTER_CONNECTION,REGISTER_CONNECTION,REGISTER_CONNECTION,REGISTER_CONNECTION,1.0,GENERIC_COLLAPSE,SOVT_GLIDE,SOVT_GLIDE
5fdfa9eb73e5,LOUD_VOICE_DIFFICULT,REGISTER_CONNECTION_DIFFICULT,REGISTER_CONNECTION,REGISTER_CONNECTION,REGISTER_CONNECTION,REGISTER_CONNECTION,1.0,GENERIC_COLLAPSE,SOVT_GLIDE,SOVT_GLIDE
5fdfa9eb73e5,VOCAL_FATIGUE,AFTER_SINGING_FATIGUE,REGISTER_CONNECTION,REGISTER_CONNECTION,REGISTER_CONNECTION,REGISTER_CONNECTION,1.0,GENERIC_COLLAPSE,SOVT_GLIDE,SOVT_GLIDE
5fdfa9eb73e5,VOCAL_FATIGUE,PITCH_UNSTABLE,REGISTER_CONNECTION,REGISTER_CONNECTION,REGISTER_CONNECTION,REGISTER_CONNECTION,1.0,GENERIC_COLLAPSE,SOVT_GLIDE,SOVT_GLIDE
5fdfa9eb73e5,VOCAL_FATIGUE,REGISTER_CONNECTION_DIFFICULT,REGISTER_CONNECTION,REGISTER_CONNECTION,REGISTER_CONNECTION,REGISTER_CONNECTION,1.0,GENERIC_COLLAPSE,SOVT_GLIDE,SOVT_GLIDE
5fdfa9eb73e5,AFTER_SINGING_FATIGUE,PITCH_UNSTABLE,REGISTER_CONNECTION,REGISTER_CONNECTION,REGISTER_CONNECTION,REGISTER_CONNECTION,1.0,GENERIC_COLLAPSE,SOVT_GLIDE,SOVT_GLIDE
5fdfa9eb73e5,AFTER_SINGING_FATIGUE,REGISTER_CONNECTION_DIFFICULT,REGISTER_CONNECTION,REGISTER_CONNECTION,REGISTER_CONNECTION,REGISTER_CONNECTION,1.0,GENERIC_COLLAPSE,SOVT_GLIDE,SOVT_GLIDE
5fdfa9eb73e5,VOICE_TOO_THIN,TIMBRE_CHANGES_HIGH,REGISTER_CONNECTION,REGISTER_CONNECTION,REGISTER_CONNECTION,REGISTER_CONNECTION,1.0,GENERIC_COLLAPSE,SOVT_GLIDE,SOVT_GLIDE
5fdfa9eb73e5,VOICE_TOO_DARK_MUFFLED,OTHER_CONCERN,REGISTER_CONNECTION,REGISTER_CONNECTION,REGISTER_CONNECTION,REGISTER_CONNECTION,1.0,GENERIC_COLLAPSE,ARTICULATION,ARTICULATION
5fdfa9eb73e5,PITCH_UNSTABLE,REGISTER_CONNECTION_DIFFICULT,REGISTER_CONNECTION,REGISTER_CONNECTION,REGISTER_CONNECTION,REGISTER_CONNECTION,1.0,GENERIC_COLLAPSE,SOVT_GLIDE,SOVT_GLIDE
5fdfa9eb73e5,PAIN_WHILE_SINGING,PAIN_AFTER_SINGING,SAFETY,SAFETY,SAFETY,SAFETY,0.9375,LEGITIMATE_SHARED_FOCUS,SAFETY,SAFETY
5fdfa9eb73e5,PAIN_WHILE_SINGING,SPEAKING_DISCOMFORT,SAFETY,SAFETY,SAFETY,SAFETY,0.9707,GENERIC_COLLAPSE,SAFETY,SAFETY
5fdfa9eb73e5,PAIN_WHILE_SINGING,PERSISTENT_HOARSENESS,SAFETY,SAFETY,SAFETY,SAFETY,0.948,LEGITIMATE_SHARED_FOCUS,SAFETY,SAFETY
5fdfa9eb73e5,PAIN_AFTER_SINGING,SPEAKING_DISCOMFORT,SAFETY,SAFETY,SAFETY,SAFETY,0.9414,LEGITIMATE_SHARED_FOCUS,SAFETY,SAFETY
5fdfa9eb73e5,PAIN_AFTER_SINGING,PERSISTENT_HOARSENESS,SAFETY,SAFETY,SAFETY,SAFETY,0.948,LEGITIMATE_SHARED_FOCUS,SAFETY,SAFETY
5fdfa9eb73e5,SPEAKING_DISCOMFORT,PERSISTENT_HOARSENESS,SAFETY,SAFETY,SAFETY,SAFETY,0.9436,LEGITIMATE_SHARED_FOCUS,SAFETY,SAFETY
6b3aa0d0ddfb,HIGH_NOTE_CANNOT_REACH,HIGH_NOTE_TOO_EFFORTFUL,REGISTER_CONNECTION,REGISTER_CONNECTION,REGISTER_CONNECTION,REGISTER_CONNECTION,1.0,GENERIC_COLLAPSE,SOVT_GLIDE,SOVT_GLIDE
6b3aa0d0ddfb,HIGH_NOTE_CANNOT_REACH,HIGH_NOTE_FLIPS,REGISTER_CONNECTION,REGISTER_CONNECTION,REGISTER_CONNECTION,REGISTER_CONNECTION,1.0,GENERIC_COLLAPSE,SOVT_GLIDE,SOVT_GLIDE
6b3aa0d0ddfb,HIGH_NOTE_TOO_EFFORTFUL,HIGH_NOTE_FLIPS,REGISTER_CONNECTION,REGISTER_CONNECTION,REGISTER_CONNECTION,REGISTER_CONNECTION,1.0,GENERIC_COLLAPSE,SOVT_GLIDE,SOVT_GLIDE
6b3aa0d0ddfb,HIGH_NOTE_UNSTABLE,PITCH_UNSTABLE,STABILITY,STABILITY,STABILITY,STABILITY,1.0,GENERIC_COLLAPSE,SUSTAIN_HOLD,SUSTAIN_HOLD
6b3aa0d0ddfb,HIGH_NOTE_UNSTABLE,REGISTER_CONNECTION_DIFFICULT,STABILITY,STABILITY,STABILITY,STABILITY,1.0,GENERIC_COLLAPSE,SUSTAIN_HOLD,SUSTAIN_HOLD
6b3aa0d0ddfb,THROAT_EFFORT,LOUD_VOICE_DIFFICULT,EFFORT,EFFORT,MAINTAIN,MAINTAIN,1.0,GENERIC_COLLAPSE,SUSTAIN_HOLD,SUSTAIN_HOLD
6b3aa0d0ddfb,THROAT_EFFORT,VOCAL_FATIGUE,EFFORT,EFFORT,MAINTAIN,MAINTAIN,1.0,GENERIC_COLLAPSE,SUSTAIN_HOLD,SUSTAIN_HOLD
6b3aa0d0ddfb,THROAT_EFFORT,AFTER_SINGING_FATIGUE,EFFORT,EFFORT,MAINTAIN,MAINTAIN,1.0,GENERIC_COLLAPSE,SUSTAIN_HOLD,SUSTAIN_HOLD
6b3aa0d0ddfb,LOUD_VOICE_DIFFICULT,VOCAL_FATIGUE,EFFORT,EFFORT,MAINTAIN,MAINTAIN,1.0,GENERIC_COLLAPSE,SUSTAIN_HOLD,SUSTAIN_HOLD
6b3aa0d0ddfb,LOUD_VOICE_DIFFICULT,AFTER_SINGING_FATIGUE,EFFORT,EFFORT,MAINTAIN,MAINTAIN,1.0,GENERIC_COLLAPSE,SUSTAIN_HOLD,SUSTAIN_HOLD
6b3aa0d0ddfb,VOCAL_FATIGUE,AFTER_SINGING_FATIGUE,EFFORT,EFFORT,MAINTAIN,MAINTAIN,1.0,GENERIC_COLLAPSE,SUSTAIN_HOLD,SUSTAIN_HOLD
6b3aa0d0ddfb,VOICE_TOO_DARK_MUFFLED,TIMBRE_CHANGES_HIGH,BRIGHTNESS,REGISTER_CONNECTION,TIMBRE_STYLE,REGISTER_CONNECTION,1.0,GENERIC_COLLAPSE,ARTICULATION,ARTICULATION
6b3aa0d0ddfb,PITCH_UNSTABLE,REGISTER_CONNECTION_DIFFICULT,STABILITY,STABILITY,STABILITY,STABILITY,1.0,GENERIC_COLLAPSE,SUSTAIN_HOLD,SUSTAIN_HOLD
6b3aa0d0ddfb,PAIN_WHILE_SINGING,PAIN_AFTER_SINGING,SAFETY,SAFETY,SAFETY,SAFETY,0.9375,LEGITIMATE_SHARED_FOCUS,SAFETY,SAFETY
6b3aa0d0ddfb,PAIN_WHILE_SINGING,SPEAKING_DISCOMFORT,SAFETY,SAFETY,SAFETY,SAFETY,0.9707,GENERIC_COLLAPSE,SAFETY,SAFETY
6b3aa0d0ddfb,PAIN_WHILE_SINGING,PERSISTENT_HOARSENESS,SAFETY,SAFETY,SAFETY,SAFETY,0.948,LEGITIMATE_SHARED_FOCUS,SAFETY,SAFETY
6b3aa0d0ddfb,PAIN_AFTER_SINGING,SPEAKING_DISCOMFORT,SAFETY,SAFETY,SAFETY,SAFETY,0.9414,LEGITIMATE_SHARED_FOCUS,SAFETY,SAFETY
6b3aa0d0ddfb,PAIN_AFTER_SINGING,PERSISTENT_HOARSENESS,SAFETY,SAFETY,SAFETY,SAFETY,0.948,LEGITIMATE_SHARED_FOCUS,SAFETY,SAFETY
6b3aa0d0ddfb,SPEAKING_DISCOMFORT,PERSISTENT_HOARSENESS,SAFETY,SAFETY,SAFETY,SAFETY,0.9436,LEGITIMATE_SHARED_FOCUS,SAFETY,SAFETY
6fb8c8208c80,HIGH_NOTE_CANNOT_REACH,HIGH_NOTE_TOO_EFFORTFUL,REGISTER_CONNECTION,REGISTER_CONNECTION,REGISTER_CONNECTION,REGISTER_CONNECTION,1.0,GENERIC_COLLAPSE,SOVT_GLIDE,SOVT_GLIDE
6fb8c8208c80,HIGH_NOTE_CANNOT_REACH,HIGH_NOTE_FLIPS,REGISTER_CONNECTION,REGISTER_CONNECTION,REGISTER_CONNECTION,REGISTER_CONNECTION,1.0,GENERIC_COLLAPSE,SOVT_GLIDE,SOVT_GLIDE
6fb8c8208c80,HIGH_NOTE_TOO_EFFORTFUL,HIGH_NOTE_FLIPS,REGISTER_CONNECTION,REGISTER_CONNECTION,REGISTER_CONNECTION,REGISTER_CONNECTION,1.0,GENERIC_COLLAPSE,SOVT_GLIDE,SOVT_GLIDE
6fb8c8208c80,HIGH_NOTE_UNSTABLE,PITCH_UNSTABLE,STABILITY,STABILITY,STABILITY,STABILITY,1.0,GENERIC_COLLAPSE,SUSTAIN_HOLD,SUSTAIN_HOLD
6fb8c8208c80,HIGH_NOTE_UNSTABLE,REGISTER_CONNECTION_DIFFICULT,STABILITY,STABILITY,STABILITY,STABILITY,1.0,GENERIC_COLLAPSE,SUSTAIN_HOLD,SUSTAIN_HOLD
6fb8c8208c80,THROAT_EFFORT,LOUD_VOICE_DIFFICULT,EFFORT,EFFORT,MAINTAIN,MAINTAIN,1.0,GENERIC_COLLAPSE,SUSTAIN_HOLD,SUSTAIN_HOLD
6fb8c8208c80,THROAT_EFFORT,VOCAL_FATIGUE,EFFORT,EFFORT,MAINTAIN,MAINTAIN,1.0,GENERIC_COLLAPSE,SUSTAIN_HOLD,SUSTAIN_HOLD
6fb8c8208c80,THROAT_EFFORT,AFTER_SINGING_FATIGUE,EFFORT,EFFORT,MAINTAIN,MAINTAIN,1.0,GENERIC_COLLAPSE,SUSTAIN_HOLD,SUSTAIN_HOLD
6fb8c8208c80,LOUD_VOICE_DIFFICULT,VOCAL_FATIGUE,EFFORT,EFFORT,MAINTAIN,MAINTAIN,1.0,GENERIC_COLLAPSE,SUSTAIN_HOLD,SUSTAIN_HOLD
6fb8c8208c80,LOUD_VOICE_DIFFICULT,AFTER_SINGING_FATIGUE,EFFORT,EFFORT,MAINTAIN,MAINTAIN,1.0,GENERIC_COLLAPSE,SUSTAIN_HOLD,SUSTAIN_HOLD
6fb8c8208c80,VOCAL_FATIGUE,AFTER_SINGING_FATIGUE,EFFORT,EFFORT,MAINTAIN,MAINTAIN,1.0,GENERIC_COLLAPSE,SUSTAIN_HOLD,SUSTAIN_HOLD
6fb8c8208c80,VOICE_TOO_THIN,VOICE_TOO_BREATHY,MAINTAIN,MAINTAIN,MAINTAIN,MAINTAIN,1.0,GENERIC_COLLAPSE,VOWEL_CONNECT,VOWEL_CONNECT
6fb8c8208c80,VOICE_TOO_DARK_MUFFLED,OTHER_CONCERN,PRESENCE,MAINTAIN,PRESENCE,MAINTAIN,1.0,GENERIC_COLLAPSE,ARTICULATION,ARTICULATION
6fb8c8208c80,PITCH_UNSTABLE,REGISTER_CONNECTION_DIFFICULT,STABILITY,STABILITY,STABILITY,STABILITY,1.0,GENERIC_COLLAPSE,SUSTAIN_HOLD,SUSTAIN_HOLD
6fb8c8208c80,PAIN_WHILE_SINGING,PAIN_AFTER_SINGING,SAFETY,SAFETY,SAFETY,SAFETY,0.9375,LEGITIMATE_SHARED_FOCUS,SAFETY,SAFETY
6fb8c8208c80,PAIN_WHILE_SINGING,SPEAKING_DISCOMFORT,SAFETY,SAFETY,SAFETY,SAFETY,0.9707,GENERIC_COLLAPSE,SAFETY,SAFETY
6fb8c8208c80,PAIN_WHILE_SINGING,PERSISTENT_HOARSENESS,SAFETY,SAFETY,SAFETY,SAFETY,0.948,LEGITIMATE_SHARED_FOCUS,SAFETY,SAFETY
6fb8c8208c80,PAIN_AFTER_SINGING,SPEAKING_DISCOMFORT,SAFETY,SAFETY,SAFETY,SAFETY,0.9414,LEGITIMATE_SHARED_FOCUS,SAFETY,SAFETY
6fb8c8208c80,PAIN_AFTER_SINGING,PERSISTENT_HOARSENESS,SAFETY,SAFETY,SAFETY,SAFETY,0.948,LEGITIMATE_SHARED_FOCUS,SAFETY,SAFETY
6fb8c8208c80,SPEAKING_DISCOMFORT,PERSISTENT_HOARSENESS,SAFETY,SAFETY,SAFETY,SAFETY,0.9436,LEGITIMATE_SHARED_FOCUS,SAFETY,SAFETY
70479ec67665,HIGH_NOTE_CANNOT_REACH,HIGH_NOTE_TOO_EFFORTFUL,REGISTER_CONNECTION,REGISTER_CONNECTION,REGISTER_CONNECTION,REGISTER_CONNECTION,1.0,GENERIC_COLLAPSE,SOVT_GLIDE,SOVT_GLIDE
70479ec67665,HIGH_NOTE_CANNOT_REACH,HIGH_NOTE_FLIPS,REGISTER_CONNECTION,REGISTER_CONNECTION,REGISTER_CONNECTION,REGISTER_CONNECTION,1.0,GENERIC_COLLAPSE,SOVT_GLIDE,SOVT_GLIDE
70479ec67665,HIGH_NOTE_TOO_EFFORTFUL,HIGH_NOTE_FLIPS,REGISTER_CONNECTION,REGISTER_CONNECTION,REGISTER_CONNECTION,REGISTER_CONNECTION,1.0,GENERIC_COLLAPSE,SOVT_GLIDE,SOVT_GLIDE
70479ec67665,HIGH_NOTE_UNSTABLE,PITCH_UNSTABLE,STABILITY,STABILITY,STABILITY,STABILITY,1.0,GENERIC_COLLAPSE,SUSTAIN_HOLD,SUSTAIN_HOLD
70479ec67665,HIGH_NOTE_UNSTABLE,REGISTER_CONNECTION_DIFFICULT,STABILITY,STABILITY,STABILITY,STABILITY,1.0,GENERIC_COLLAPSE,SUSTAIN_HOLD,SUSTAIN_HOLD
70479ec67665,THROAT_EFFORT,LOUD_VOICE_DIFFICULT,EFFORT,EFFORT,MAINTAIN,MAINTAIN,1.0,GENERIC_COLLAPSE,SUSTAIN_HOLD,SUSTAIN_HOLD
70479ec67665,THROAT_EFFORT,VOCAL_FATIGUE,EFFORT,EFFORT,MAINTAIN,MAINTAIN,1.0,GENERIC_COLLAPSE,SUSTAIN_HOLD,SUSTAIN_HOLD
70479ec67665,THROAT_EFFORT,AFTER_SINGING_FATIGUE,EFFORT,EFFORT,MAINTAIN,MAINTAIN,1.0,GENERIC_COLLAPSE,SUSTAIN_HOLD,SUSTAIN_HOLD
70479ec67665,LOUD_VOICE_DIFFICULT,VOCAL_FATIGUE,EFFORT,EFFORT,MAINTAIN,MAINTAIN,1.0,GENERIC_COLLAPSE,SUSTAIN_HOLD,SUSTAIN_HOLD
70479ec67665,LOUD_VOICE_DIFFICULT,AFTER_SINGING_FATIGUE,EFFORT,EFFORT,MAINTAIN,MAINTAIN,1.0,GENERIC_COLLAPSE,SUSTAIN_HOLD,SUSTAIN_HOLD
70479ec67665,VOCAL_FATIGUE,AFTER_SINGING_FATIGUE,EFFORT,EFFORT,MAINTAIN,MAINTAIN,1.0,GENERIC_COLLAPSE,SUSTAIN_HOLD,SUSTAIN_HOLD
70479ec67665,VOICE_TOO_THIN,VOICE_TOO_BREATHY,MAINTAIN,MAINTAIN,MAINTAIN,MAINTAIN,1.0,GENERIC_COLLAPSE,VOWEL_CONNECT,VOWEL_CONNECT
70479ec67665,VOICE_TOO_DARK_MUFFLED,TIMBRE_CHANGES_HIGH,BRIGHTNESS,REGISTER_CONNECTION,TIMBRE_STYLE,REGISTER_CONNECTION,1.0,GENERIC_COLLAPSE,ARTICULATION,ARTICULATION
70479ec67665,PITCH_UNSTABLE,REGISTER_CONNECTION_DIFFICULT,STABILITY,STABILITY,STABILITY,STABILITY,1.0,GENERIC_COLLAPSE,SUSTAIN_HOLD,SUSTAIN_HOLD
70479ec67665,PAIN_WHILE_SINGING,PAIN_AFTER_SINGING,SAFETY,SAFETY,SAFETY,SAFETY,0.9375,LEGITIMATE_SHARED_FOCUS,SAFETY,SAFETY
70479ec67665,PAIN_WHILE_SINGING,SPEAKING_DISCOMFORT,SAFETY,SAFETY,SAFETY,SAFETY,0.9707,GENERIC_COLLAPSE,SAFETY,SAFETY
70479ec67665,PAIN_WHILE_SINGING,PERSISTENT_HOARSENESS,SAFETY,SAFETY,SAFETY,SAFETY,0.948,LEGITIMATE_SHARED_FOCUS,SAFETY,SAFETY
70479ec67665,PAIN_AFTER_SINGING,SPEAKING_DISCOMFORT,SAFETY,SAFETY,SAFETY,SAFETY,0.9414,LEGITIMATE_SHARED_FOCUS,SAFETY,SAFETY
70479ec67665,PAIN_AFTER_SINGING,PERSISTENT_HOARSENESS,SAFETY,SAFETY,SAFETY,SAFETY,0.948,LEGITIMATE_SHARED_FOCUS,SAFETY,SAFETY
70479ec67665,SPEAKING_DISCOMFORT,PERSISTENT_HOARSENESS,SAFETY,SAFETY,SAFETY,SAFETY,0.9436,LEGITIMATE_SHARED_FOCUS,SAFETY,SAFETY
7436d634b9bf,HIGH_NOTE_CANNOT_REACH,HIGH_NOTE_TOO_EFFORTFUL,REGISTER_CONNECTION,REGISTER_CONNECTION,REGISTER_CONNECTION,REGISTER_CONNECTION,1.0,GENERIC_COLLAPSE,SOVT_GLIDE,SOVT_GLIDE
7436d634b9bf,HIGH_NOTE_CANNOT_REACH,HIGH_NOTE_FLIPS,REGISTER_CONNECTION,REGISTER_CONNECTION,REGISTER_CONNECTION,REGISTER_CONNECTION,1.0,GENERIC_COLLAPSE,SOVT_GLIDE,SOVT_GLIDE
7436d634b9bf,HIGH_NOTE_TOO_EFFORTFUL,HIGH_NOTE_FLIPS,REGISTER_CONNECTION,REGISTER_CONNECTION,REGISTER_CONNECTION,REGISTER_CONNECTION,1.0,GENERIC_COLLAPSE,SOVT_GLIDE,SOVT_GLIDE
7436d634b9bf,HIGH_NOTE_UNSTABLE,PITCH_UNSTABLE,STABILITY,STABILITY,STABILITY,STABILITY,1.0,GENERIC_COLLAPSE,SUSTAIN_HOLD,SUSTAIN_HOLD
7436d634b9bf,HIGH_NOTE_UNSTABLE,REGISTER_CONNECTION_DIFFICULT,STABILITY,STABILITY,STABILITY,STABILITY,1.0,GENERIC_COLLAPSE,SUSTAIN_HOLD,SUSTAIN_HOLD
7436d634b9bf,THROAT_EFFORT,LOUD_VOICE_DIFFICULT,EFFORT,EFFORT,MAINTAIN,MAINTAIN,1.0,GENERIC_COLLAPSE,SUSTAIN_HOLD,SUSTAIN_HOLD
7436d634b9bf,THROAT_EFFORT,VOCAL_FATIGUE,EFFORT,EFFORT,MAINTAIN,MAINTAIN,1.0,GENERIC_COLLAPSE,SUSTAIN_HOLD,SUSTAIN_HOLD
7436d634b9bf,THROAT_EFFORT,AFTER_SINGING_FATIGUE,EFFORT,EFFORT,MAINTAIN,MAINTAIN,1.0,GENERIC_COLLAPSE,SUSTAIN_HOLD,SUSTAIN_HOLD
7436d634b9bf,LOUD_VOICE_DIFFICULT,VOCAL_FATIGUE,EFFORT,EFFORT,MAINTAIN,MAINTAIN,1.0,GENERIC_COLLAPSE,SUSTAIN_HOLD,SUSTAIN_HOLD
7436d634b9bf,LOUD_VOICE_DIFFICULT,AFTER_SINGING_FATIGUE,EFFORT,EFFORT,MAINTAIN,MAINTAIN,1.0,GENERIC_COLLAPSE,SUSTAIN_HOLD,SUSTAIN_HOLD
7436d634b9bf,VOCAL_FATIGUE,AFTER_SINGING_FATIGUE,EFFORT,EFFORT,MAINTAIN,MAINTAIN,1.0,GENERIC_COLLAPSE,SUSTAIN_HOLD,SUSTAIN_HOLD
7436d634b9bf,VOICE_TOO_DARK_MUFFLED,TIMBRE_CHANGES_HIGH,BRIGHTNESS,REGISTER_CONNECTION,TIMBRE_STYLE,REGISTER_CONNECTION,1.0,GENERIC_COLLAPSE,ARTICULATION,ARTICULATION
7436d634b9bf,PITCH_UNSTABLE,REGISTER_CONNECTION_DIFFICULT,STABILITY,STABILITY,STABILITY,STABILITY,1.0,GENERIC_COLLAPSE,SUSTAIN_HOLD,SUSTAIN_HOLD
7436d634b9bf,PAIN_WHILE_SINGING,PAIN_AFTER_SINGING,SAFETY,SAFETY,SAFETY,SAFETY,0.9375,LEGITIMATE_SHARED_FOCUS,SAFETY,SAFETY
7436d634b9bf,PAIN_WHILE_SINGING,SPEAKING_DISCOMFORT,SAFETY,SAFETY,SAFETY,SAFETY,0.9707,GENERIC_COLLAPSE,SAFETY,SAFETY
7436d634b9bf,PAIN_WHILE_SINGING,PERSISTENT_HOARSENESS,SAFETY,SAFETY,SAFETY,SAFETY,0.948,LEGITIMATE_SHARED_FOCUS,SAFETY,SAFETY
7436d634b9bf,PAIN_AFTER_SINGING,SPEAKING_DISCOMFORT,SAFETY,SAFETY,SAFETY,SAFETY,0.9414,LEGITIMATE_SHARED_FOCUS,SAFETY,SAFETY
7436d634b9bf,PAIN_AFTER_SINGING,PERSISTENT_HOARSENESS,SAFETY,SAFETY,SAFETY,SAFETY,0.948,LEGITIMATE_SHARED_FOCUS,SAFETY,SAFETY
7436d634b9bf,SPEAKING_DISCOMFORT,PERSISTENT_HOARSENESS,SAFETY,SAFETY,SAFETY,SAFETY,0.9436,LEGITIMATE_SHARED_FOCUS,SAFETY,SAFETY
7abf49d0b4cd,HIGH_NOTE_CANNOT_REACH,HIGH_NOTE_TOO_EFFORTFUL,REGISTER_CONNECTION,REGISTER_CONNECTION,REGISTER_CONNECTION,REGISTER_CONNECTION,1.0,GENERIC_COLLAPSE,SOVT_GLIDE,SOVT_GLIDE
7abf49d0b4cd,HIGH_NOTE_CANNOT_REACH,HIGH_NOTE_FLIPS,REGISTER_CONNECTION,REGISTER_CONNECTION,REGISTER_CONNECTION,REGISTER_CONNECTION,1.0,GENERIC_COLLAPSE,SOVT_GLIDE,SOVT_GLIDE
7abf49d0b4cd,HIGH_NOTE_CANNOT_REACH,HIGH_NOTE_UNSTABLE,REGISTER_CONNECTION,REGISTER_CONNECTION,REGISTER_CONNECTION,REGISTER_CONNECTION,1.0,GENERIC_COLLAPSE,SOVT_GLIDE,SOVT_GLIDE
7abf49d0b4cd,HIGH_NOTE_CANNOT_REACH,THROAT_EFFORT,REGISTER_CONNECTION,REGISTER_CONNECTION,REGISTER_CONNECTION,REGISTER_CONNECTION,1.0,GENERIC_COLLAPSE,SOVT_GLIDE,SOVT_GLIDE
7abf49d0b4cd,HIGH_NOTE_CANNOT_REACH,LOUD_VOICE_DIFFICULT,REGISTER_CONNECTION,REGISTER_CONNECTION,REGISTER_CONNECTION,REGISTER_CONNECTION,1.0,GENERIC_COLLAPSE,SOVT_GLIDE,SOVT_GLIDE
7abf49d0b4cd,HIGH_NOTE_CANNOT_REACH,VOCAL_FATIGUE,REGISTER_CONNECTION,REGISTER_CONNECTION,REGISTER_CONNECTION,REGISTER_CONNECTION,1.0,GENERIC_COLLAPSE,SOVT_GLIDE,SOVT_GLIDE
7abf49d0b4cd,HIGH_NOTE_CANNOT_REACH,AFTER_SINGING_FATIGUE,REGISTER_CONNECTION,REGISTER_CONNECTION,REGISTER_CONNECTION,REGISTER_CONNECTION,1.0,GENERIC_COLLAPSE,SOVT_GLIDE,SOVT_GLIDE
7abf49d0b4cd,HIGH_NOTE_CANNOT_REACH,PITCH_UNSTABLE,REGISTER_CONNECTION,REGISTER_CONNECTION,REGISTER_CONNECTION,REGISTER_CONNECTION,1.0,GENERIC_COLLAPSE,SOVT_GLIDE,SOVT_GLIDE
7abf49d0b4cd,HIGH_NOTE_CANNOT_REACH,REGISTER_CONNECTION_DIFFICULT,REGISTER_CONNECTION,REGISTER_CONNECTION,REGISTER_CONNECTION,REGISTER_CONNECTION,1.0,GENERIC_COLLAPSE,SOVT_GLIDE,SOVT_GLIDE
7abf49d0b4cd,HIGH_NOTE_TOO_EFFORTFUL,HIGH_NOTE_FLIPS,REGISTER_CONNECTION,REGISTER_CONNECTION,REGISTER_CONNECTION,REGISTER_CONNECTION,1.0,GENERIC_COLLAPSE,SOVT_GLIDE,SOVT_GLIDE
7abf49d0b4cd,HIGH_NOTE_TOO_EFFORTFUL,HIGH_NOTE_UNSTABLE,REGISTER_CONNECTION,REGISTER_CONNECTION,REGISTER_CONNECTION,REGISTER_CONNECTION,1.0,GENERIC_COLLAPSE,SOVT_GLIDE,SOVT_GLIDE
7abf49d0b4cd,HIGH_NOTE_TOO_EFFORTFUL,THROAT_EFFORT,REGISTER_CONNECTION,REGISTER_CONNECTION,REGISTER_CONNECTION,REGISTER_CONNECTION,1.0,GENERIC_COLLAPSE,SOVT_GLIDE,SOVT_GLIDE
7abf49d0b4cd,HIGH_NOTE_TOO_EFFORTFUL,LOUD_VOICE_DIFFICULT,REGISTER_CONNECTION,REGISTER_CONNECTION,REGISTER_CONNECTION,REGISTER_CONNECTION,1.0,GENERIC_COLLAPSE,SOVT_GLIDE,SOVT_GLIDE
7abf49d0b4cd,HIGH_NOTE_TOO_EFFORTFUL,VOCAL_FATIGUE,REGISTER_CONNECTION,REGISTER_CONNECTION,REGISTER_CONNECTION,REGISTER_CONNECTION,1.0,GENERIC_COLLAPSE,SOVT_GLIDE,SOVT_GLIDE
7abf49d0b4cd,HIGH_NOTE_TOO_EFFORTFUL,AFTER_SINGING_FATIGUE,REGISTER_CONNECTION,REGISTER_CONNECTION,REGISTER_CONNECTION,REGISTER_CONNECTION,1.0,GENERIC_COLLAPSE,SOVT_GLIDE,SOVT_GLIDE
7abf49d0b4cd,HIGH_NOTE_TOO_EFFORTFUL,PITCH_UNSTABLE,REGISTER_CONNECTION,REGISTER_CONNECTION,REGISTER_CONNECTION,REGISTER_CONNECTION,1.0,GENERIC_COLLAPSE,SOVT_GLIDE,SOVT_GLIDE
7abf49d0b4cd,HIGH_NOTE_TOO_EFFORTFUL,REGISTER_CONNECTION_DIFFICULT,REGISTER_CONNECTION,REGISTER_CONNECTION,REGISTER_CONNECTION,REGISTER_CONNECTION,1.0,GENERIC_COLLAPSE,SOVT_GLIDE,SOVT_GLIDE
7abf49d0b4cd,HIGH_NOTE_FLIPS,HIGH_NOTE_UNSTABLE,REGISTER_CONNECTION,REGISTER_CONNECTION,REGISTER_CONNECTION,REGISTER_CONNECTION,1.0,GENERIC_COLLAPSE,SOVT_GLIDE,SOVT_GLIDE
7abf49d0b4cd,HIGH_NOTE_FLIPS,THROAT_EFFORT,REGISTER_CONNECTION,REGISTER_CONNECTION,REGISTER_CONNECTION,REGISTER_CONNECTION,1.0,GENERIC_COLLAPSE,SOVT_GLIDE,SOVT_GLIDE
7abf49d0b4cd,HIGH_NOTE_FLIPS,LOUD_VOICE_DIFFICULT,REGISTER_CONNECTION,REGISTER_CONNECTION,REGISTER_CONNECTION,REGISTER_CONNECTION,1.0,GENERIC_COLLAPSE,SOVT_GLIDE,SOVT_GLIDE
7abf49d0b4cd,HIGH_NOTE_FLIPS,VOCAL_FATIGUE,REGISTER_CONNECTION,REGISTER_CONNECTION,REGISTER_CONNECTION,REGISTER_CONNECTION,1.0,GENERIC_COLLAPSE,SOVT_GLIDE,SOVT_GLIDE
7abf49d0b4cd,HIGH_NOTE_FLIPS,AFTER_SINGING_FATIGUE,REGISTER_CONNECTION,REGISTER_CONNECTION,REGISTER_CONNECTION,REGISTER_CONNECTION,1.0,GENERIC_COLLAPSE,SOVT_GLIDE,SOVT_GLIDE
7abf49d0b4cd,HIGH_NOTE_FLIPS,PITCH_UNSTABLE,REGISTER_CONNECTION,REGISTER_CONNECTION,REGISTER_CONNECTION,REGISTER_CONNECTION,1.0,GENERIC_COLLAPSE,SOVT_GLIDE,SOVT_GLIDE
7abf49d0b4cd,HIGH_NOTE_FLIPS,REGISTER_CONNECTION_DIFFICULT,REGISTER_CONNECTION,REGISTER_CONNECTION,REGISTER_CONNECTION,REGISTER_CONNECTION,1.0,GENERIC_COLLAPSE,SOVT_GLIDE,SOVT_GLIDE
7abf49d0b4cd,HIGH_NOTE_THINS,TIMBRE_CHANGES_HIGH,REGISTER_CONNECTION,REGISTER_CONNECTION,REGISTER_CONNECTION,REGISTER_CONNECTION,1.0,GENERIC_COLLAPSE,SOVT_GLIDE,SOVT_GLIDE
7abf49d0b4cd,HIGH_NOTE_UNSTABLE,THROAT_EFFORT,REGISTER_CONNECTION,REGISTER_CONNECTION,REGISTER_CONNECTION,REGISTER_CONNECTION,1.0,GENERIC_COLLAPSE,SOVT_GLIDE,SOVT_GLIDE
7abf49d0b4cd,HIGH_NOTE_UNSTABLE,LOUD_VOICE_DIFFICULT,REGISTER_CONNECTION,REGISTER_CONNECTION,REGISTER_CONNECTION,REGISTER_CONNECTION,1.0,GENERIC_COLLAPSE,SOVT_GLIDE,SOVT_GLIDE
7abf49d0b4cd,HIGH_NOTE_UNSTABLE,VOCAL_FATIGUE,REGISTER_CONNECTION,REGISTER_CONNECTION,REGISTER_CONNECTION,REGISTER_CONNECTION,1.0,GENERIC_COLLAPSE,SOVT_GLIDE,SOVT_GLIDE
7abf49d0b4cd,HIGH_NOTE_UNSTABLE,AFTER_SINGING_FATIGUE,REGISTER_CONNECTION,REGISTER_CONNECTION,REGISTER_CONNECTION,REGISTER_CONNECTION,1.0,GENERIC_COLLAPSE,SOVT_GLIDE,SOVT_GLIDE
7abf49d0b4cd,HIGH_NOTE_UNSTABLE,PITCH_UNSTABLE,REGISTER_CONNECTION,REGISTER_CONNECTION,REGISTER_CONNECTION,REGISTER_CONNECTION,1.0,GENERIC_COLLAPSE,SOVT_GLIDE,SOVT_GLIDE
7abf49d0b4cd,HIGH_NOTE_UNSTABLE,REGISTER_CONNECTION_DIFFICULT,REGISTER_CONNECTION,REGISTER_CONNECTION,REGISTER_CONNECTION,REGISTER_CONNECTION,1.0,GENERIC_COLLAPSE,SOVT_GLIDE,SOVT_GLIDE
7abf49d0b4cd,THROAT_EFFORT,LOUD_VOICE_DIFFICULT,REGISTER_CONNECTION,REGISTER_CONNECTION,REGISTER_CONNECTION,REGISTER_CONNECTION,1.0,GENERIC_COLLAPSE,SOVT_GLIDE,SOVT_GLIDE
7abf49d0b4cd,THROAT_EFFORT,VOCAL_FATIGUE,REGISTER_CONNECTION,REGISTER_CONNECTION,REGISTER_CONNECTION,REGISTER_CONNECTION,1.0,GENERIC_COLLAPSE,SOVT_GLIDE,SOVT_GLIDE
7abf49d0b4cd,THROAT_EFFORT,AFTER_SINGING_FATIGUE,REGISTER_CONNECTION,REGISTER_CONNECTION,REGISTER_CONNECTION,REGISTER_CONNECTION,1.0,GENERIC_COLLAPSE,SOVT_GLIDE,SOVT_GLIDE
7abf49d0b4cd,THROAT_EFFORT,PITCH_UNSTABLE,REGISTER_CONNECTION,REGISTER_CONNECTION,REGISTER_CONNECTION,REGISTER_CONNECTION,1.0,GENERIC_COLLAPSE,SOVT_GLIDE,SOVT_GLIDE
7abf49d0b4cd,THROAT_EFFORT,REGISTER_CONNECTION_DIFFICULT,REGISTER_CONNECTION,REGISTER_CONNECTION,REGISTER_CONNECTION,REGISTER_CONNECTION,1.0,GENERIC_COLLAPSE,SOVT_GLIDE,SOVT_GLIDE
7abf49d0b4cd,LOUD_VOICE_DIFFICULT,VOCAL_FATIGUE,REGISTER_CONNECTION,REGISTER_CONNECTION,REGISTER_CONNECTION,REGISTER_CONNECTION,1.0,GENERIC_COLLAPSE,SOVT_GLIDE,SOVT_GLIDE
7abf49d0b4cd,LOUD_VOICE_DIFFICULT,AFTER_SINGING_FATIGUE,REGISTER_CONNECTION,REGISTER_CONNECTION,REGISTER_CONNECTION,REGISTER_CONNECTION,1.0,GENERIC_COLLAPSE,SOVT_GLIDE,SOVT_GLIDE
7abf49d0b4cd,LOUD_VOICE_DIFFICULT,PITCH_UNSTABLE,REGISTER_CONNECTION,REGISTER_CONNECTION,REGISTER_CONNECTION,REGISTER_CONNECTION,1.0,GENERIC_COLLAPSE,SOVT_GLIDE,SOVT_GLIDE
7abf49d0b4cd,LOUD_VOICE_DIFFICULT,REGISTER_CONNECTION_DIFFICULT,REGISTER_CONNECTION,REGISTER_CONNECTION,REGISTER_CONNECTION,REGISTER_CONNECTION,1.0,GENERIC_COLLAPSE,SOVT_GLIDE,SOVT_GLIDE
7abf49d0b4cd,VOCAL_FATIGUE,AFTER_SINGING_FATIGUE,REGISTER_CONNECTION,REGISTER_CONNECTION,REGISTER_CONNECTION,REGISTER_CONNECTION,1.0,GENERIC_COLLAPSE,SOVT_GLIDE,SOVT_GLIDE
7abf49d0b4cd,VOCAL_FATIGUE,PITCH_UNSTABLE,REGISTER_CONNECTION,REGISTER_CONNECTION,REGISTER_CONNECTION,REGISTER_CONNECTION,1.0,GENERIC_COLLAPSE,SOVT_GLIDE,SOVT_GLIDE
7abf49d0b4cd,VOCAL_FATIGUE,REGISTER_CONNECTION_DIFFICULT,REGISTER_CONNECTION,REGISTER_CONNECTION,REGISTER_CONNECTION,REGISTER_CONNECTION,1.0,GENERIC_COLLAPSE,SOVT_GLIDE,SOVT_GLIDE
7abf49d0b4cd,AFTER_SINGING_FATIGUE,PITCH_UNSTABLE,REGISTER_CONNECTION,REGISTER_CONNECTION,REGISTER_CONNECTION,REGISTER_CONNECTION,1.0,GENERIC_COLLAPSE,SOVT_GLIDE,SOVT_GLIDE
7abf49d0b4cd,AFTER_SINGING_FATIGUE,REGISTER_CONNECTION_DIFFICULT,REGISTER_CONNECTION,REGISTER_CONNECTION,REGISTER_CONNECTION,REGISTER_CONNECTION,1.0,GENERIC_COLLAPSE,SOVT_GLIDE,SOVT_GLIDE
7abf49d0b4cd,PITCH_UNSTABLE,REGISTER_CONNECTION_DIFFICULT,REGISTER_CONNECTION,REGISTER_CONNECTION,REGISTER_CONNECTION,REGISTER_CONNECTION,1.0,GENERIC_COLLAPSE,SOVT_GLIDE,SOVT_GLIDE
7abf49d0b4cd,PAIN_WHILE_SINGING,PAIN_AFTER_SINGING,SAFETY,SAFETY,SAFETY,SAFETY,0.9375,LEGITIMATE_SHARED_FOCUS,SAFETY,SAFETY
7abf49d0b4cd,PAIN_WHILE_SINGING,SPEAKING_DISCOMFORT,SAFETY,SAFETY,SAFETY,SAFETY,0.9707,GENERIC_COLLAPSE,SAFETY,SAFETY
7abf49d0b4cd,PAIN_WHILE_SINGING,PERSISTENT_HOARSENESS,SAFETY,SAFETY,SAFETY,SAFETY,0.948,LEGITIMATE_SHARED_FOCUS,SAFETY,SAFETY
7abf49d0b4cd,PAIN_AFTER_SINGING,SPEAKING_DISCOMFORT,SAFETY,SAFETY,SAFETY,SAFETY,0.9414,LEGITIMATE_SHARED_FOCUS,SAFETY,SAFETY
7abf49d0b4cd,PAIN_AFTER_SINGING,PERSISTENT_HOARSENESS,SAFETY,SAFETY,SAFETY,SAFETY,0.948,LEGITIMATE_SHARED_FOCUS,SAFETY,SAFETY
7abf49d0b4cd,SPEAKING_DISCOMFORT,PERSISTENT_HOARSENESS,SAFETY,SAFETY,SAFETY,SAFETY,0.9436,LEGITIMATE_SHARED_FOCUS,SAFETY,SAFETY
7b8c45cdd16b,HIGH_NOTE_CANNOT_REACH,HIGH_NOTE_TOO_EFFORTFUL,REGISTER_CONNECTION,REGISTER_CONNECTION,REGISTER_CONNECTION,REGISTER_CONNECTION,1.0,GENERIC_COLLAPSE,SOVT_GLIDE,SOVT_GLIDE
7b8c45cdd16b,HIGH_NOTE_CANNOT_REACH,HIGH_NOTE_FLIPS,REGISTER_CONNECTION,REGISTER_CONNECTION,REGISTER_CONNECTION,REGISTER_CONNECTION,1.0,GENERIC_COLLAPSE,SOVT_GLIDE,SOVT_GLIDE
7b8c45cdd16b,HIGH_NOTE_TOO_EFFORTFUL,HIGH_NOTE_FLIPS,REGISTER_CONNECTION,REGISTER_CONNECTION,REGISTER_CONNECTION,REGISTER_CONNECTION,1.0,GENERIC_COLLAPSE,SOVT_GLIDE,SOVT_GLIDE
7b8c45cdd16b,HIGH_NOTE_UNSTABLE,PITCH_UNSTABLE,STABILITY,STABILITY,STABILITY,STABILITY,1.0,GENERIC_COLLAPSE,SUSTAIN_HOLD,SUSTAIN_HOLD
7b8c45cdd16b,HIGH_NOTE_UNSTABLE,REGISTER_CONNECTION_DIFFICULT,STABILITY,STABILITY,STABILITY,STABILITY,1.0,GENERIC_COLLAPSE,SUSTAIN_HOLD,SUSTAIN_HOLD
7b8c45cdd16b,THROAT_EFFORT,LOUD_VOICE_DIFFICULT,EFFORT,EFFORT,MAINTAIN,MAINTAIN,1.0,GENERIC_COLLAPSE,SUSTAIN_HOLD,SUSTAIN_HOLD
7b8c45cdd16b,THROAT_EFFORT,VOCAL_FATIGUE,EFFORT,EFFORT,MAINTAIN,MAINTAIN,1.0,GENERIC_COLLAPSE,SUSTAIN_HOLD,SUSTAIN_HOLD
7b8c45cdd16b,THROAT_EFFORT,AFTER_SINGING_FATIGUE,EFFORT,EFFORT,MAINTAIN,MAINTAIN,1.0,GENERIC_COLLAPSE,SUSTAIN_HOLD,SUSTAIN_HOLD
7b8c45cdd16b,LOUD_VOICE_DIFFICULT,VOCAL_FATIGUE,EFFORT,EFFORT,MAINTAIN,MAINTAIN,1.0,GENERIC_COLLAPSE,SUSTAIN_HOLD,SUSTAIN_HOLD
7b8c45cdd16b,LOUD_VOICE_DIFFICULT,AFTER_SINGING_FATIGUE,EFFORT,EFFORT,MAINTAIN,MAINTAIN,1.0,GENERIC_COLLAPSE,SUSTAIN_HOLD,SUSTAIN_HOLD
7b8c45cdd16b,VOCAL_FATIGUE,AFTER_SINGING_FATIGUE,EFFORT,EFFORT,MAINTAIN,MAINTAIN,1.0,GENERIC_COLLAPSE,SUSTAIN_HOLD,SUSTAIN_HOLD
7b8c45cdd16b,VOICE_TOO_DARK_MUFFLED,TIMBRE_CHANGES_HIGH,BRIGHTNESS,REGISTER_CONNECTION,TIMBRE_STYLE,REGISTER_CONNECTION,1.0,GENERIC_COLLAPSE,ARTICULATION,ARTICULATION
7b8c45cdd16b,PITCH_UNSTABLE,REGISTER_CONNECTION_DIFFICULT,STABILITY,STABILITY,STABILITY,STABILITY,1.0,GENERIC_COLLAPSE,SUSTAIN_HOLD,SUSTAIN_HOLD
7b8c45cdd16b,PAIN_WHILE_SINGING,PAIN_AFTER_SINGING,SAFETY,SAFETY,SAFETY,SAFETY,0.9375,LEGITIMATE_SHARED_FOCUS,SAFETY,SAFETY
7b8c45cdd16b,PAIN_WHILE_SINGING,SPEAKING_DISCOMFORT,SAFETY,SAFETY,SAFETY,SAFETY,0.9707,GENERIC_COLLAPSE,SAFETY,SAFETY
7b8c45cdd16b,PAIN_WHILE_SINGING,PERSISTENT_HOARSENESS,SAFETY,SAFETY,SAFETY,SAFETY,0.948,LEGITIMATE_SHARED_FOCUS,SAFETY,SAFETY
7b8c45cdd16b,PAIN_AFTER_SINGING,SPEAKING_DISCOMFORT,SAFETY,SAFETY,SAFETY,SAFETY,0.9414,LEGITIMATE_SHARED_FOCUS,SAFETY,SAFETY
7b8c45cdd16b,PAIN_AFTER_SINGING,PERSISTENT_HOARSENESS,SAFETY,SAFETY,SAFETY,SAFETY,0.948,LEGITIMATE_SHARED_FOCUS,SAFETY,SAFETY
7b8c45cdd16b,SPEAKING_DISCOMFORT,PERSISTENT_HOARSENESS,SAFETY,SAFETY,SAFETY,SAFETY,0.9436,LEGITIMATE_SHARED_FOCUS,SAFETY,SAFETY
8156c1254947,HIGH_NOTE_CANNOT_REACH,HIGH_NOTE_TOO_EFFORTFUL,EFFORT,EFFORT,EFFORT,EFFORT,1.0,GENERIC_COLLAPSE,SAFETY_REST,SAFETY_REST
8156c1254947,HIGH_NOTE_CANNOT_REACH,HIGH_NOTE_UNSTABLE,EFFORT,EFFORT,EFFORT,EFFORT,1.0,GENERIC_COLLAPSE,SAFETY_REST,SAFETY_REST
8156c1254947,HIGH_NOTE_CANNOT_REACH,THROAT_EFFORT,EFFORT,EFFORT,EFFORT,EFFORT,1.0,GENERIC_COLLAPSE,SAFETY_REST,SAFETY_REST
8156c1254947,HIGH_NOTE_CANNOT_REACH,LOUD_VOICE_DIFFICULT,EFFORT,EFFORT,EFFORT,EFFORT,1.0,GENERIC_COLLAPSE,SAFETY_REST,SAFETY_REST
8156c1254947,HIGH_NOTE_CANNOT_REACH,VOCAL_FATIGUE,EFFORT,EFFORT,EFFORT,EFFORT,1.0,GENERIC_COLLAPSE,SAFETY_REST,SAFETY_REST
8156c1254947,HIGH_NOTE_CANNOT_REACH,AFTER_SINGING_FATIGUE,EFFORT,EFFORT,EFFORT,EFFORT,1.0,GENERIC_COLLAPSE,SAFETY_REST,SAFETY_REST
8156c1254947,HIGH_NOTE_CANNOT_REACH,PITCH_UNSTABLE,EFFORT,EFFORT,EFFORT,EFFORT,1.0,GENERIC_COLLAPSE,SAFETY_REST,SAFETY_REST
8156c1254947,HIGH_NOTE_CANNOT_REACH,REGISTER_CONNECTION_DIFFICULT,EFFORT,EFFORT,EFFORT,EFFORT,1.0,GENERIC_COLLAPSE,SAFETY_REST,SAFETY_REST
8156c1254947,HIGH_NOTE_CANNOT_REACH,VIBRATO_UNSTABLE,EFFORT,EFFORT,EFFORT,EFFORT,1.0,GENERIC_COLLAPSE,SAFETY_REST,SAFETY_REST
8156c1254947,HIGH_NOTE_TOO_EFFORTFUL,HIGH_NOTE_UNSTABLE,EFFORT,EFFORT,EFFORT,EFFORT,1.0,GENERIC_COLLAPSE,SAFETY_REST,SAFETY_REST
8156c1254947,HIGH_NOTE_TOO_EFFORTFUL,THROAT_EFFORT,EFFORT,EFFORT,EFFORT,EFFORT,1.0,GENERIC_COLLAPSE,SAFETY_REST,SAFETY_REST
8156c1254947,HIGH_NOTE_TOO_EFFORTFUL,LOUD_VOICE_DIFFICULT,EFFORT,EFFORT,EFFORT,EFFORT,1.0,GENERIC_COLLAPSE,SAFETY_REST,SAFETY_REST
8156c1254947,HIGH_NOTE_TOO_EFFORTFUL,VOCAL_FATIGUE,EFFORT,EFFORT,EFFORT,EFFORT,1.0,GENERIC_COLLAPSE,SAFETY_REST,SAFETY_REST
8156c1254947,HIGH_NOTE_TOO_EFFORTFUL,AFTER_SINGING_FATIGUE,EFFORT,EFFORT,EFFORT,EFFORT,1.0,GENERIC_COLLAPSE,SAFETY_REST,SAFETY_REST
8156c1254947,HIGH_NOTE_TOO_EFFORTFUL,PITCH_UNSTABLE,EFFORT,EFFORT,EFFORT,EFFORT,1.0,GENERIC_COLLAPSE,SAFETY_REST,SAFETY_REST
8156c1254947,HIGH_NOTE_TOO_EFFORTFUL,REGISTER_CONNECTION_DIFFICULT,EFFORT,EFFORT,EFFORT,EFFORT,1.0,GENERIC_COLLAPSE,SAFETY_REST,SAFETY_REST
8156c1254947,HIGH_NOTE_TOO_EFFORTFUL,VIBRATO_UNSTABLE,EFFORT,EFFORT,EFFORT,EFFORT,1.0,GENERIC_COLLAPSE,SAFETY_REST,SAFETY_REST
8156c1254947,HIGH_NOTE_UNSTABLE,THROAT_EFFORT,EFFORT,EFFORT,EFFORT,EFFORT,1.0,GENERIC_COLLAPSE,SAFETY_REST,SAFETY_REST
8156c1254947,HIGH_NOTE_UNSTABLE,LOUD_VOICE_DIFFICULT,EFFORT,EFFORT,EFFORT,EFFORT,1.0,GENERIC_COLLAPSE,SAFETY_REST,SAFETY_REST
8156c1254947,HIGH_NOTE_UNSTABLE,VOCAL_FATIGUE,EFFORT,EFFORT,EFFORT,EFFORT,1.0,GENERIC_COLLAPSE,SAFETY_REST,SAFETY_REST
8156c1254947,HIGH_NOTE_UNSTABLE,AFTER_SINGING_FATIGUE,EFFORT,EFFORT,EFFORT,EFFORT,1.0,GENERIC_COLLAPSE,SAFETY_REST,SAFETY_REST
8156c1254947,HIGH_NOTE_UNSTABLE,PITCH_UNSTABLE,EFFORT,EFFORT,EFFORT,EFFORT,1.0,GENERIC_COLLAPSE,SAFETY_REST,SAFETY_REST
8156c1254947,HIGH_NOTE_UNSTABLE,REGISTER_CONNECTION_DIFFICULT,EFFORT,EFFORT,EFFORT,EFFORT,1.0,GENERIC_COLLAPSE,SAFETY_REST,SAFETY_REST
8156c1254947,HIGH_NOTE_UNSTABLE,VIBRATO_UNSTABLE,EFFORT,EFFORT,EFFORT,EFFORT,1.0,GENERIC_COLLAPSE,SAFETY_REST,SAFETY_REST
8156c1254947,THROAT_EFFORT,LOUD_VOICE_DIFFICULT,EFFORT,EFFORT,EFFORT,EFFORT,1.0,GENERIC_COLLAPSE,SAFETY_REST,SAFETY_REST
8156c1254947,THROAT_EFFORT,VOCAL_FATIGUE,EFFORT,EFFORT,EFFORT,EFFORT,1.0,GENERIC_COLLAPSE,SAFETY_REST,SAFETY_REST
8156c1254947,THROAT_EFFORT,AFTER_SINGING_FATIGUE,EFFORT,EFFORT,EFFORT,EFFORT,1.0,GENERIC_COLLAPSE,SAFETY_REST,SAFETY_REST
8156c1254947,THROAT_EFFORT,PITCH_UNSTABLE,EFFORT,EFFORT,EFFORT,EFFORT,1.0,GENERIC_COLLAPSE,SAFETY_REST,SAFETY_REST
8156c1254947,THROAT_EFFORT,REGISTER_CONNECTION_DIFFICULT,EFFORT,EFFORT,EFFORT,EFFORT,1.0,GENERIC_COLLAPSE,SAFETY_REST,SAFETY_REST
8156c1254947,THROAT_EFFORT,VIBRATO_UNSTABLE,EFFORT,EFFORT,EFFORT,EFFORT,1.0,GENERIC_COLLAPSE,SAFETY_REST,SAFETY_REST
8156c1254947,LOUD_VOICE_DIFFICULT,VOCAL_FATIGUE,EFFORT,EFFORT,EFFORT,EFFORT,1.0,GENERIC_COLLAPSE,SAFETY_REST,SAFETY_REST
8156c1254947,LOUD_VOICE_DIFFICULT,AFTER_SINGING_FATIGUE,EFFORT,EFFORT,EFFORT,EFFORT,1.0,GENERIC_COLLAPSE,SAFETY_REST,SAFETY_REST
8156c1254947,LOUD_VOICE_DIFFICULT,PITCH_UNSTABLE,EFFORT,EFFORT,EFFORT,EFFORT,1.0,GENERIC_COLLAPSE,SAFETY_REST,SAFETY_REST
8156c1254947,LOUD_VOICE_DIFFICULT,REGISTER_CONNECTION_DIFFICULT,EFFORT,EFFORT,EFFORT,EFFORT,1.0,GENERIC_COLLAPSE,SAFETY_REST,SAFETY_REST
8156c1254947,LOUD_VOICE_DIFFICULT,VIBRATO_UNSTABLE,EFFORT,EFFORT,EFFORT,EFFORT,1.0,GENERIC_COLLAPSE,SAFETY_REST,SAFETY_REST
8156c1254947,VOCAL_FATIGUE,AFTER_SINGING_FATIGUE,EFFORT,EFFORT,EFFORT,EFFORT,1.0,GENERIC_COLLAPSE,SAFETY_REST,SAFETY_REST
8156c1254947,VOCAL_FATIGUE,PITCH_UNSTABLE,EFFORT,EFFORT,EFFORT,EFFORT,1.0,GENERIC_COLLAPSE,SAFETY_REST,SAFETY_REST
8156c1254947,VOCAL_FATIGUE,REGISTER_CONNECTION_DIFFICULT,EFFORT,EFFORT,EFFORT,EFFORT,1.0,GENERIC_COLLAPSE,SAFETY_REST,SAFETY_REST
8156c1254947,VOCAL_FATIGUE,VIBRATO_UNSTABLE,EFFORT,EFFORT,EFFORT,EFFORT,1.0,GENERIC_COLLAPSE,SAFETY_REST,SAFETY_REST
8156c1254947,AFTER_SINGING_FATIGUE,PITCH_UNSTABLE,EFFORT,EFFORT,EFFORT,EFFORT,1.0,GENERIC_COLLAPSE,SAFETY_REST,SAFETY_REST
8156c1254947,AFTER_SINGING_FATIGUE,REGISTER_CONNECTION_DIFFICULT,EFFORT,EFFORT,EFFORT,EFFORT,1.0,GENERIC_COLLAPSE,SAFETY_REST,SAFETY_REST
8156c1254947,AFTER_SINGING_FATIGUE,VIBRATO_UNSTABLE,EFFORT,EFFORT,EFFORT,EFFORT,1.0,GENERIC_COLLAPSE,SAFETY_REST,SAFETY_REST
8156c1254947,VOICE_TOO_THIN,VOICE_TOO_DARK_MUFFLED,PRESENCE,PRESENCE,PRESENCE,PRESENCE,1.0,GENERIC_COLLAPSE,VOWEL_CONNECT,VOWEL_CONNECT
8156c1254947,PITCH_UNSTABLE,REGISTER_CONNECTION_DIFFICULT,EFFORT,EFFORT,EFFORT,EFFORT,1.0,GENERIC_COLLAPSE,SAFETY_REST,SAFETY_REST
8156c1254947,PITCH_UNSTABLE,VIBRATO_UNSTABLE,EFFORT,EFFORT,EFFORT,EFFORT,1.0,GENERIC_COLLAPSE,SAFETY_REST,SAFETY_REST
8156c1254947,REGISTER_CONNECTION_DIFFICULT,VIBRATO_UNSTABLE,EFFORT,EFFORT,EFFORT,EFFORT,1.0,GENERIC_COLLAPSE,SAFETY_REST,SAFETY_REST
8156c1254947,PAIN_WHILE_SINGING,PAIN_AFTER_SINGING,SAFETY,SAFETY,SAFETY,SAFETY,0.9375,LEGITIMATE_SHARED_FOCUS,SAFETY,SAFETY
8156c1254947,PAIN_WHILE_SINGING,SPEAKING_DISCOMFORT,SAFETY,SAFETY,SAFETY,SAFETY,0.9707,GENERIC_COLLAPSE,SAFETY,SAFETY
8156c1254947,PAIN_WHILE_SINGING,PERSISTENT_HOARSENESS,SAFETY,SAFETY,SAFETY,SAFETY,0.948,LEGITIMATE_SHARED_FOCUS,SAFETY,SAFETY
8156c1254947,PAIN_AFTER_SINGING,SPEAKING_DISCOMFORT,SAFETY,SAFETY,SAFETY,SAFETY,0.9414,LEGITIMATE_SHARED_FOCUS,SAFETY,SAFETY
8156c1254947,PAIN_AFTER_SINGING,PERSISTENT_HOARSENESS,SAFETY,SAFETY,SAFETY,SAFETY,0.948,LEGITIMATE_SHARED_FOCUS,SAFETY,SAFETY
8156c1254947,SPEAKING_DISCOMFORT,PERSISTENT_HOARSENESS,SAFETY,SAFETY,SAFETY,SAFETY,0.9436,LEGITIMATE_SHARED_FOCUS,SAFETY,SAFETY
882c5cd5a0c8,HIGH_NOTE_CANNOT_REACH,HIGH_NOTE_TOO_EFFORTFUL,REGISTER_CONNECTION,REGISTER_CONNECTION,REGISTER_CONNECTION,REGISTER_CONNECTION,1.0,GENERIC_COLLAPSE,SOVT_GLIDE,SOVT_GLIDE
882c5cd5a0c8,HIGH_NOTE_CANNOT_REACH,HIGH_NOTE_FLIPS,REGISTER_CONNECTION,REGISTER_CONNECTION,REGISTER_CONNECTION,REGISTER_CONNECTION,1.0,GENERIC_COLLAPSE,SOVT_GLIDE,SOVT_GLIDE
882c5cd5a0c8,HIGH_NOTE_TOO_EFFORTFUL,HIGH_NOTE_FLIPS,REGISTER_CONNECTION,REGISTER_CONNECTION,REGISTER_CONNECTION,REGISTER_CONNECTION,1.0,GENERIC_COLLAPSE,SOVT_GLIDE,SOVT_GLIDE
882c5cd5a0c8,HIGH_NOTE_UNSTABLE,PITCH_UNSTABLE,STABILITY,STABILITY,STABILITY,STABILITY,1.0,GENERIC_COLLAPSE,SUSTAIN_HOLD,SUSTAIN_HOLD
882c5cd5a0c8,HIGH_NOTE_UNSTABLE,REGISTER_CONNECTION_DIFFICULT,STABILITY,STABILITY,STABILITY,STABILITY,1.0,GENERIC_COLLAPSE,SUSTAIN_HOLD,SUSTAIN_HOLD
882c5cd5a0c8,THROAT_EFFORT,LOUD_VOICE_DIFFICULT,EFFORT,EFFORT,MAINTAIN,MAINTAIN,1.0,GENERIC_COLLAPSE,SUSTAIN_HOLD,SUSTAIN_HOLD
882c5cd5a0c8,THROAT_EFFORT,VOCAL_FATIGUE,EFFORT,EFFORT,MAINTAIN,MAINTAIN,1.0,GENERIC_COLLAPSE,SUSTAIN_HOLD,SUSTAIN_HOLD
882c5cd5a0c8,THROAT_EFFORT,AFTER_SINGING_FATIGUE,EFFORT,EFFORT,MAINTAIN,MAINTAIN,1.0,GENERIC_COLLAPSE,SUSTAIN_HOLD,SUSTAIN_HOLD
882c5cd5a0c8,LOUD_VOICE_DIFFICULT,VOCAL_FATIGUE,EFFORT,EFFORT,MAINTAIN,MAINTAIN,1.0,GENERIC_COLLAPSE,SUSTAIN_HOLD,SUSTAIN_HOLD
882c5cd5a0c8,LOUD_VOICE_DIFFICULT,AFTER_SINGING_FATIGUE,EFFORT,EFFORT,MAINTAIN,MAINTAIN,1.0,GENERIC_COLLAPSE,SUSTAIN_HOLD,SUSTAIN_HOLD
882c5cd5a0c8,VOCAL_FATIGUE,AFTER_SINGING_FATIGUE,EFFORT,EFFORT,MAINTAIN,MAINTAIN,1.0,GENERIC_COLLAPSE,SUSTAIN_HOLD,SUSTAIN_HOLD
882c5cd5a0c8,VOICE_TOO_DARK_MUFFLED,TIMBRE_CHANGES_HIGH,BRIGHTNESS,REGISTER_CONNECTION,TIMBRE_STYLE,REGISTER_CONNECTION,1.0,GENERIC_COLLAPSE,ARTICULATION,ARTICULATION
882c5cd5a0c8,PITCH_UNSTABLE,REGISTER_CONNECTION_DIFFICULT,STABILITY,STABILITY,STABILITY,STABILITY,1.0,GENERIC_COLLAPSE,SUSTAIN_HOLD,SUSTAIN_HOLD
882c5cd5a0c8,PAIN_WHILE_SINGING,PAIN_AFTER_SINGING,SAFETY,SAFETY,SAFETY,SAFETY,0.9375,LEGITIMATE_SHARED_FOCUS,SAFETY,SAFETY
882c5cd5a0c8,PAIN_WHILE_SINGING,SPEAKING_DISCOMFORT,SAFETY,SAFETY,SAFETY,SAFETY,0.9707,GENERIC_COLLAPSE,SAFETY,SAFETY
882c5cd5a0c8,PAIN_WHILE_SINGING,PERSISTENT_HOARSENESS,SAFETY,SAFETY,SAFETY,SAFETY,0.948,LEGITIMATE_SHARED_FOCUS,SAFETY,SAFETY
882c5cd5a0c8,PAIN_AFTER_SINGING,SPEAKING_DISCOMFORT,SAFETY,SAFETY,SAFETY,SAFETY,0.9414,LEGITIMATE_SHARED_FOCUS,SAFETY,SAFETY
882c5cd5a0c8,PAIN_AFTER_SINGING,PERSISTENT_HOARSENESS,SAFETY,SAFETY,SAFETY,SAFETY,0.948,LEGITIMATE_SHARED_FOCUS,SAFETY,SAFETY
882c5cd5a0c8,SPEAKING_DISCOMFORT,PERSISTENT_HOARSENESS,SAFETY,SAFETY,SAFETY,SAFETY,0.9436,LEGITIMATE_SHARED_FOCUS,SAFETY,SAFETY
8b5617784c9c,HIGH_NOTE_CANNOT_REACH,HIGH_NOTE_TOO_EFFORTFUL,REGISTER_CONNECTION,REGISTER_CONNECTION,REGISTER_CONNECTION,REGISTER_CONNECTION,1.0,GENERIC_COLLAPSE,SOVT_GLIDE,SOVT_GLIDE
8b5617784c9c,HIGH_NOTE_CANNOT_REACH,HIGH_NOTE_FLIPS,REGISTER_CONNECTION,REGISTER_CONNECTION,REGISTER_CONNECTION,REGISTER_CONNECTION,1.0,GENERIC_COLLAPSE,SOVT_GLIDE,SOVT_GLIDE
8b5617784c9c,HIGH_NOTE_TOO_EFFORTFUL,HIGH_NOTE_FLIPS,REGISTER_CONNECTION,REGISTER_CONNECTION,REGISTER_CONNECTION,REGISTER_CONNECTION,1.0,GENERIC_COLLAPSE,SOVT_GLIDE,SOVT_GLIDE
8b5617784c9c,HIGH_NOTE_UNSTABLE,PITCH_UNSTABLE,STABILITY,STABILITY,STABILITY,STABILITY,1.0,GENERIC_COLLAPSE,SUSTAIN_HOLD,SUSTAIN_HOLD
8b5617784c9c,HIGH_NOTE_UNSTABLE,REGISTER_CONNECTION_DIFFICULT,STABILITY,STABILITY,STABILITY,STABILITY,1.0,GENERIC_COLLAPSE,SUSTAIN_HOLD,SUSTAIN_HOLD
8b5617784c9c,THROAT_EFFORT,LOUD_VOICE_DIFFICULT,EFFORT,EFFORT,MAINTAIN,MAINTAIN,1.0,GENERIC_COLLAPSE,SUSTAIN_HOLD,SUSTAIN_HOLD
8b5617784c9c,THROAT_EFFORT,VOCAL_FATIGUE,EFFORT,EFFORT,MAINTAIN,MAINTAIN,1.0,GENERIC_COLLAPSE,SUSTAIN_HOLD,SUSTAIN_HOLD
8b5617784c9c,THROAT_EFFORT,AFTER_SINGING_FATIGUE,EFFORT,EFFORT,MAINTAIN,MAINTAIN,1.0,GENERIC_COLLAPSE,SUSTAIN_HOLD,SUSTAIN_HOLD
8b5617784c9c,LOUD_VOICE_DIFFICULT,VOCAL_FATIGUE,EFFORT,EFFORT,MAINTAIN,MAINTAIN,1.0,GENERIC_COLLAPSE,SUSTAIN_HOLD,SUSTAIN_HOLD
8b5617784c9c,LOUD_VOICE_DIFFICULT,AFTER_SINGING_FATIGUE,EFFORT,EFFORT,MAINTAIN,MAINTAIN,1.0,GENERIC_COLLAPSE,SUSTAIN_HOLD,SUSTAIN_HOLD
8b5617784c9c,VOCAL_FATIGUE,AFTER_SINGING_FATIGUE,EFFORT,EFFORT,MAINTAIN,MAINTAIN,1.0,GENERIC_COLLAPSE,SUSTAIN_HOLD,SUSTAIN_HOLD
8b5617784c9c,VOICE_TOO_THIN,VOICE_TOO_BREATHY,MAINTAIN,TIMBRE,MAINTAIN,TIMBRE_STYLE,1.0,GENERIC_COLLAPSE,VOWEL_CONNECT,VOWEL_CONNECT
8b5617784c9c,VOICE_TOO_DARK_MUFFLED,OTHER_CONCERN,PRESENCE,MAINTAIN,PRESENCE,MAINTAIN,1.0,GENERIC_COLLAPSE,ARTICULATION,ARTICULATION
8b5617784c9c,PITCH_UNSTABLE,REGISTER_CONNECTION_DIFFICULT,STABILITY,STABILITY,STABILITY,STABILITY,1.0,GENERIC_COLLAPSE,SUSTAIN_HOLD,SUSTAIN_HOLD
8b5617784c9c,PAIN_WHILE_SINGING,PAIN_AFTER_SINGING,SAFETY,SAFETY,SAFETY,SAFETY,0.9375,LEGITIMATE_SHARED_FOCUS,SAFETY,SAFETY
8b5617784c9c,PAIN_WHILE_SINGING,SPEAKING_DISCOMFORT,SAFETY,SAFETY,SAFETY,SAFETY,0.9707,GENERIC_COLLAPSE,SAFETY,SAFETY
8b5617784c9c,PAIN_WHILE_SINGING,PERSISTENT_HOARSENESS,SAFETY,SAFETY,SAFETY,SAFETY,0.948,LEGITIMATE_SHARED_FOCUS,SAFETY,SAFETY
8b5617784c9c,PAIN_AFTER_SINGING,SPEAKING_DISCOMFORT,SAFETY,SAFETY,SAFETY,SAFETY,0.9414,LEGITIMATE_SHARED_FOCUS,SAFETY,SAFETY
8b5617784c9c,PAIN_AFTER_SINGING,PERSISTENT_HOARSENESS,SAFETY,SAFETY,SAFETY,SAFETY,0.948,LEGITIMATE_SHARED_FOCUS,SAFETY,SAFETY
8b5617784c9c,SPEAKING_DISCOMFORT,PERSISTENT_HOARSENESS,SAFETY,SAFETY,SAFETY,SAFETY,0.9436,LEGITIMATE_SHARED_FOCUS,SAFETY,SAFETY
90147c986aae,HIGH_NOTE_CANNOT_REACH,HIGH_NOTE_TOO_EFFORTFUL,REGISTER_CONNECTION,REGISTER_CONNECTION,REGISTER_CONNECTION,REGISTER_CONNECTION,1.0,GENERIC_COLLAPSE,SOVT_GLIDE,SOVT_GLIDE
90147c986aae,HIGH_NOTE_CANNOT_REACH,HIGH_NOTE_FLIPS,REGISTER_CONNECTION,REGISTER_CONNECTION,REGISTER_CONNECTION,REGISTER_CONNECTION,1.0,GENERIC_COLLAPSE,SOVT_GLIDE,SOVT_GLIDE
90147c986aae,HIGH_NOTE_TOO_EFFORTFUL,HIGH_NOTE_FLIPS,REGISTER_CONNECTION,REGISTER_CONNECTION,REGISTER_CONNECTION,REGISTER_CONNECTION,1.0,GENERIC_COLLAPSE,SOVT_GLIDE,SOVT_GLIDE
90147c986aae,HIGH_NOTE_UNSTABLE,PITCH_UNSTABLE,STABILITY,STABILITY,STABILITY,STABILITY,1.0,GENERIC_COLLAPSE,SUSTAIN_HOLD,SUSTAIN_HOLD
90147c986aae,HIGH_NOTE_UNSTABLE,REGISTER_CONNECTION_DIFFICULT,STABILITY,STABILITY,STABILITY,STABILITY,1.0,GENERIC_COLLAPSE,SUSTAIN_HOLD,SUSTAIN_HOLD
90147c986aae,THROAT_EFFORT,LOUD_VOICE_DIFFICULT,EFFORT,EFFORT,MAINTAIN,MAINTAIN,1.0,GENERIC_COLLAPSE,SUSTAIN_HOLD,SUSTAIN_HOLD
90147c986aae,THROAT_EFFORT,VOCAL_FATIGUE,EFFORT,EFFORT,MAINTAIN,MAINTAIN,1.0,GENERIC_COLLAPSE,SUSTAIN_HOLD,SUSTAIN_HOLD
90147c986aae,THROAT_EFFORT,AFTER_SINGING_FATIGUE,EFFORT,EFFORT,MAINTAIN,MAINTAIN,1.0,GENERIC_COLLAPSE,SUSTAIN_HOLD,SUSTAIN_HOLD
90147c986aae,LOUD_VOICE_DIFFICULT,VOCAL_FATIGUE,EFFORT,EFFORT,MAINTAIN,MAINTAIN,1.0,GENERIC_COLLAPSE,SUSTAIN_HOLD,SUSTAIN_HOLD
90147c986aae,LOUD_VOICE_DIFFICULT,AFTER_SINGING_FATIGUE,EFFORT,EFFORT,MAINTAIN,MAINTAIN,1.0,GENERIC_COLLAPSE,SUSTAIN_HOLD,SUSTAIN_HOLD
90147c986aae,VOCAL_FATIGUE,AFTER_SINGING_FATIGUE,EFFORT,EFFORT,MAINTAIN,MAINTAIN,1.0,GENERIC_COLLAPSE,SUSTAIN_HOLD,SUSTAIN_HOLD
90147c986aae,VOICE_TOO_THIN,VOICE_TOO_BREATHY,MAINTAIN,TIMBRE,MAINTAIN,TIMBRE_STYLE,1.0,GENERIC_COLLAPSE,VOWEL_CONNECT,VOWEL_CONNECT
90147c986aae,VOICE_TOO_DARK_MUFFLED,OTHER_CONCERN,PRESENCE,MAINTAIN,PRESENCE,MAINTAIN,1.0,GENERIC_COLLAPSE,ARTICULATION,ARTICULATION
90147c986aae,PITCH_UNSTABLE,REGISTER_CONNECTION_DIFFICULT,STABILITY,STABILITY,STABILITY,STABILITY,1.0,GENERIC_COLLAPSE,SUSTAIN_HOLD,SUSTAIN_HOLD
90147c986aae,PAIN_WHILE_SINGING,PAIN_AFTER_SINGING,SAFETY,SAFETY,SAFETY,SAFETY,0.9375,LEGITIMATE_SHARED_FOCUS,SAFETY,SAFETY
90147c986aae,PAIN_WHILE_SINGING,SPEAKING_DISCOMFORT,SAFETY,SAFETY,SAFETY,SAFETY,0.9707,GENERIC_COLLAPSE,SAFETY,SAFETY
90147c986aae,PAIN_WHILE_SINGING,PERSISTENT_HOARSENESS,SAFETY,SAFETY,SAFETY,SAFETY,0.948,LEGITIMATE_SHARED_FOCUS,SAFETY,SAFETY
90147c986aae,PAIN_AFTER_SINGING,SPEAKING_DISCOMFORT,SAFETY,SAFETY,SAFETY,SAFETY,0.9414,LEGITIMATE_SHARED_FOCUS,SAFETY,SAFETY
90147c986aae,PAIN_AFTER_SINGING,PERSISTENT_HOARSENESS,SAFETY,SAFETY,SAFETY,SAFETY,0.948,LEGITIMATE_SHARED_FOCUS,SAFETY,SAFETY
90147c986aae,SPEAKING_DISCOMFORT,PERSISTENT_HOARSENESS,SAFETY,SAFETY,SAFETY,SAFETY,0.9436,LEGITIMATE_SHARED_FOCUS,SAFETY,SAFETY
90ac5e34aedd,HIGH_NOTE_CANNOT_REACH,HIGH_NOTE_TOO_EFFORTFUL,REGISTER_CONNECTION,REGISTER_CONNECTION,REGISTER_CONNECTION,REGISTER_CONNECTION,1.0,GENERIC_COLLAPSE,SOVT_GLIDE,SOVT_GLIDE
90ac5e34aedd,HIGH_NOTE_CANNOT_REACH,HIGH_NOTE_FLIPS,REGISTER_CONNECTION,REGISTER_CONNECTION,REGISTER_CONNECTION,REGISTER_CONNECTION,1.0,GENERIC_COLLAPSE,SOVT_GLIDE,SOVT_GLIDE
90ac5e34aedd,HIGH_NOTE_TOO_EFFORTFUL,HIGH_NOTE_FLIPS,REGISTER_CONNECTION,REGISTER_CONNECTION,REGISTER_CONNECTION,REGISTER_CONNECTION,1.0,GENERIC_COLLAPSE,SOVT_GLIDE,SOVT_GLIDE
90ac5e34aedd,HIGH_NOTE_UNSTABLE,PITCH_UNSTABLE,STABILITY,STABILITY,STABILITY,STABILITY,1.0,GENERIC_COLLAPSE,SUSTAIN_HOLD,SUSTAIN_HOLD
90ac5e34aedd,HIGH_NOTE_UNSTABLE,REGISTER_CONNECTION_DIFFICULT,STABILITY,STABILITY,STABILITY,STABILITY,1.0,GENERIC_COLLAPSE,SUSTAIN_HOLD,SUSTAIN_HOLD
90ac5e34aedd,THROAT_EFFORT,LOUD_VOICE_DIFFICULT,EFFORT,EFFORT,MAINTAIN,MAINTAIN,1.0,GENERIC_COLLAPSE,SUSTAIN_HOLD,SUSTAIN_HOLD
90ac5e34aedd,THROAT_EFFORT,VOCAL_FATIGUE,EFFORT,EFFORT,MAINTAIN,MAINTAIN,1.0,GENERIC_COLLAPSE,SUSTAIN_HOLD,SUSTAIN_HOLD
90ac5e34aedd,THROAT_EFFORT,AFTER_SINGING_FATIGUE,EFFORT,EFFORT,MAINTAIN,MAINTAIN,1.0,GENERIC_COLLAPSE,SUSTAIN_HOLD,SUSTAIN_HOLD
90ac5e34aedd,LOUD_VOICE_DIFFICULT,VOCAL_FATIGUE,EFFORT,EFFORT,MAINTAIN,MAINTAIN,1.0,GENERIC_COLLAPSE,SUSTAIN_HOLD,SUSTAIN_HOLD
90ac5e34aedd,LOUD_VOICE_DIFFICULT,AFTER_SINGING_FATIGUE,EFFORT,EFFORT,MAINTAIN,MAINTAIN,1.0,GENERIC_COLLAPSE,SUSTAIN_HOLD,SUSTAIN_HOLD
90ac5e34aedd,VOCAL_FATIGUE,AFTER_SINGING_FATIGUE,EFFORT,EFFORT,MAINTAIN,MAINTAIN,1.0,GENERIC_COLLAPSE,SUSTAIN_HOLD,SUSTAIN_HOLD
90ac5e34aedd,VOICE_TOO_THIN,VOICE_TOO_BREATHY,MAINTAIN,TIMBRE,MAINTAIN,TIMBRE_STYLE,1.0,GENERIC_COLLAPSE,VOWEL_CONNECT,VOWEL_CONNECT
90ac5e34aedd,VOICE_TOO_DARK_MUFFLED,OTHER_CONCERN,PRESENCE,MAINTAIN,PRESENCE,MAINTAIN,1.0,GENERIC_COLLAPSE,ARTICULATION,ARTICULATION
90ac5e34aedd,PITCH_UNSTABLE,REGISTER_CONNECTION_DIFFICULT,STABILITY,STABILITY,STABILITY,STABILITY,1.0,GENERIC_COLLAPSE,SUSTAIN_HOLD,SUSTAIN_HOLD
90ac5e34aedd,PAIN_WHILE_SINGING,PAIN_AFTER_SINGING,SAFETY,SAFETY,SAFETY,SAFETY,0.9375,LEGITIMATE_SHARED_FOCUS,SAFETY,SAFETY
90ac5e34aedd,PAIN_WHILE_SINGING,SPEAKING_DISCOMFORT,SAFETY,SAFETY,SAFETY,SAFETY,0.9707,GENERIC_COLLAPSE,SAFETY,SAFETY
90ac5e34aedd,PAIN_WHILE_SINGING,PERSISTENT_HOARSENESS,SAFETY,SAFETY,SAFETY,SAFETY,0.948,LEGITIMATE_SHARED_FOCUS,SAFETY,SAFETY
90ac5e34aedd,PAIN_AFTER_SINGING,SPEAKING_DISCOMFORT,SAFETY,SAFETY,SAFETY,SAFETY,0.9414,LEGITIMATE_SHARED_FOCUS,SAFETY,SAFETY
90ac5e34aedd,PAIN_AFTER_SINGING,PERSISTENT_HOARSENESS,SAFETY,SAFETY,SAFETY,SAFETY,0.948,LEGITIMATE_SHARED_FOCUS,SAFETY,SAFETY
90ac5e34aedd,SPEAKING_DISCOMFORT,PERSISTENT_HOARSENESS,SAFETY,SAFETY,SAFETY,SAFETY,0.9436,LEGITIMATE_SHARED_FOCUS,SAFETY,SAFETY
95b54db5ba3d,HIGH_NOTE_CANNOT_REACH,HIGH_NOTE_TOO_EFFORTFUL,REGISTER_CONNECTION,REGISTER_CONNECTION,REGISTER_CONNECTION,REGISTER_CONNECTION,1.0,GENERIC_COLLAPSE,SOVT_GLIDE,SOVT_GLIDE
95b54db5ba3d,HIGH_NOTE_CANNOT_REACH,HIGH_NOTE_FLIPS,REGISTER_CONNECTION,REGISTER_CONNECTION,REGISTER_CONNECTION,REGISTER_CONNECTION,1.0,GENERIC_COLLAPSE,SOVT_GLIDE,SOVT_GLIDE
95b54db5ba3d,HIGH_NOTE_TOO_EFFORTFUL,HIGH_NOTE_FLIPS,REGISTER_CONNECTION,REGISTER_CONNECTION,REGISTER_CONNECTION,REGISTER_CONNECTION,1.0,GENERIC_COLLAPSE,SOVT_GLIDE,SOVT_GLIDE
95b54db5ba3d,HIGH_NOTE_UNSTABLE,PITCH_UNSTABLE,STABILITY,STABILITY,STABILITY,STABILITY,1.0,GENERIC_COLLAPSE,SUSTAIN_HOLD,SUSTAIN_HOLD
95b54db5ba3d,HIGH_NOTE_UNSTABLE,REGISTER_CONNECTION_DIFFICULT,STABILITY,STABILITY,STABILITY,STABILITY,1.0,GENERIC_COLLAPSE,SUSTAIN_HOLD,SUSTAIN_HOLD
95b54db5ba3d,THROAT_EFFORT,LOUD_VOICE_DIFFICULT,EFFORT,EFFORT,MAINTAIN,MAINTAIN,1.0,GENERIC_COLLAPSE,SUSTAIN_HOLD,SUSTAIN_HOLD
95b54db5ba3d,THROAT_EFFORT,VOCAL_FATIGUE,EFFORT,EFFORT,MAINTAIN,MAINTAIN,1.0,GENERIC_COLLAPSE,SUSTAIN_HOLD,SUSTAIN_HOLD
95b54db5ba3d,THROAT_EFFORT,AFTER_SINGING_FATIGUE,EFFORT,EFFORT,MAINTAIN,MAINTAIN,1.0,GENERIC_COLLAPSE,SUSTAIN_HOLD,SUSTAIN_HOLD
95b54db5ba3d,LOUD_VOICE_DIFFICULT,VOCAL_FATIGUE,EFFORT,EFFORT,MAINTAIN,MAINTAIN,1.0,GENERIC_COLLAPSE,SUSTAIN_HOLD,SUSTAIN_HOLD
95b54db5ba3d,LOUD_VOICE_DIFFICULT,AFTER_SINGING_FATIGUE,EFFORT,EFFORT,MAINTAIN,MAINTAIN,1.0,GENERIC_COLLAPSE,SUSTAIN_HOLD,SUSTAIN_HOLD
95b54db5ba3d,VOCAL_FATIGUE,AFTER_SINGING_FATIGUE,EFFORT,EFFORT,MAINTAIN,MAINTAIN,1.0,GENERIC_COLLAPSE,SUSTAIN_HOLD,SUSTAIN_HOLD
95b54db5ba3d,VOICE_TOO_DARK_MUFFLED,TIMBRE_CHANGES_HIGH,BRIGHTNESS,REGISTER_CONNECTION,TIMBRE_STYLE,REGISTER_CONNECTION,1.0,GENERIC_COLLAPSE,ARTICULATION,ARTICULATION
95b54db5ba3d,PITCH_UNSTABLE,REGISTER_CONNECTION_DIFFICULT,STABILITY,STABILITY,STABILITY,STABILITY,1.0,GENERIC_COLLAPSE,SUSTAIN_HOLD,SUSTAIN_HOLD
95b54db5ba3d,PAIN_WHILE_SINGING,PAIN_AFTER_SINGING,SAFETY,SAFETY,SAFETY,SAFETY,0.9375,LEGITIMATE_SHARED_FOCUS,SAFETY,SAFETY
95b54db5ba3d,PAIN_WHILE_SINGING,SPEAKING_DISCOMFORT,SAFETY,SAFETY,SAFETY,SAFETY,0.9707,GENERIC_COLLAPSE,SAFETY,SAFETY
95b54db5ba3d,PAIN_WHILE_SINGING,PERSISTENT_HOARSENESS,SAFETY,SAFETY,SAFETY,SAFETY,0.948,LEGITIMATE_SHARED_FOCUS,SAFETY,SAFETY
95b54db5ba3d,PAIN_AFTER_SINGING,SPEAKING_DISCOMFORT,SAFETY,SAFETY,SAFETY,SAFETY,0.9414,LEGITIMATE_SHARED_FOCUS,SAFETY,SAFETY
95b54db5ba3d,PAIN_AFTER_SINGING,PERSISTENT_HOARSENESS,SAFETY,SAFETY,SAFETY,SAFETY,0.948,LEGITIMATE_SHARED_FOCUS,SAFETY,SAFETY
95b54db5ba3d,SPEAKING_DISCOMFORT,PERSISTENT_HOARSENESS,SAFETY,SAFETY,SAFETY,SAFETY,0.9436,LEGITIMATE_SHARED_FOCUS,SAFETY,SAFETY
983379d1fe46,HIGH_NOTE_CANNOT_REACH,HIGH_NOTE_TOO_EFFORTFUL,REGISTER_CONNECTION,REGISTER_CONNECTION,REGISTER_CONNECTION,REGISTER_CONNECTION,1.0,GENERIC_COLLAPSE,SOVT_GLIDE,SOVT_GLIDE
983379d1fe46,HIGH_NOTE_CANNOT_REACH,HIGH_NOTE_FLIPS,REGISTER_CONNECTION,REGISTER_CONNECTION,REGISTER_CONNECTION,REGISTER_CONNECTION,1.0,GENERIC_COLLAPSE,SOVT_GLIDE,SOVT_GLIDE
983379d1fe46,HIGH_NOTE_TOO_EFFORTFUL,HIGH_NOTE_FLIPS,REGISTER_CONNECTION,REGISTER_CONNECTION,REGISTER_CONNECTION,REGISTER_CONNECTION,1.0,GENERIC_COLLAPSE,SOVT_GLIDE,SOVT_GLIDE
983379d1fe46,HIGH_NOTE_UNSTABLE,PITCH_UNSTABLE,STABILITY,STABILITY,STABILITY,STABILITY,1.0,GENERIC_COLLAPSE,SUSTAIN_HOLD,SUSTAIN_HOLD
983379d1fe46,HIGH_NOTE_UNSTABLE,REGISTER_CONNECTION_DIFFICULT,STABILITY,STABILITY,STABILITY,STABILITY,1.0,GENERIC_COLLAPSE,SUSTAIN_HOLD,SUSTAIN_HOLD
983379d1fe46,THROAT_EFFORT,LOUD_VOICE_DIFFICULT,EFFORT,EFFORT,MAINTAIN,MAINTAIN,1.0,GENERIC_COLLAPSE,SUSTAIN_HOLD,SUSTAIN_HOLD
983379d1fe46,THROAT_EFFORT,VOCAL_FATIGUE,EFFORT,EFFORT,MAINTAIN,MAINTAIN,1.0,GENERIC_COLLAPSE,SUSTAIN_HOLD,SUSTAIN_HOLD
983379d1fe46,THROAT_EFFORT,AFTER_SINGING_FATIGUE,EFFORT,EFFORT,MAINTAIN,MAINTAIN,1.0,GENERIC_COLLAPSE,SUSTAIN_HOLD,SUSTAIN_HOLD
983379d1fe46,LOUD_VOICE_DIFFICULT,VOCAL_FATIGUE,EFFORT,EFFORT,MAINTAIN,MAINTAIN,1.0,GENERIC_COLLAPSE,SUSTAIN_HOLD,SUSTAIN_HOLD
983379d1fe46,LOUD_VOICE_DIFFICULT,AFTER_SINGING_FATIGUE,EFFORT,EFFORT,MAINTAIN,MAINTAIN,1.0,GENERIC_COLLAPSE,SUSTAIN_HOLD,SUSTAIN_HOLD
983379d1fe46,VOCAL_FATIGUE,AFTER_SINGING_FATIGUE,EFFORT,EFFORT,MAINTAIN,MAINTAIN,1.0,GENERIC_COLLAPSE,SUSTAIN_HOLD,SUSTAIN_HOLD
983379d1fe46,VOICE_TOO_DARK_MUFFLED,TIMBRE_CHANGES_HIGH,BRIGHTNESS,REGISTER_CONNECTION,TIMBRE_STYLE,REGISTER_CONNECTION,1.0,GENERIC_COLLAPSE,ARTICULATION,ARTICULATION
983379d1fe46,PITCH_UNSTABLE,REGISTER_CONNECTION_DIFFICULT,STABILITY,STABILITY,STABILITY,STABILITY,1.0,GENERIC_COLLAPSE,SUSTAIN_HOLD,SUSTAIN_HOLD
983379d1fe46,PAIN_WHILE_SINGING,PAIN_AFTER_SINGING,SAFETY,SAFETY,SAFETY,SAFETY,0.9375,LEGITIMATE_SHARED_FOCUS,SAFETY,SAFETY
983379d1fe46,PAIN_WHILE_SINGING,SPEAKING_DISCOMFORT,SAFETY,SAFETY,SAFETY,SAFETY,0.9707,GENERIC_COLLAPSE,SAFETY,SAFETY
983379d1fe46,PAIN_WHILE_SINGING,PERSISTENT_HOARSENESS,SAFETY,SAFETY,SAFETY,SAFETY,0.948,LEGITIMATE_SHARED_FOCUS,SAFETY,SAFETY
983379d1fe46,PAIN_AFTER_SINGING,SPEAKING_DISCOMFORT,SAFETY,SAFETY,SAFETY,SAFETY,0.9414,LEGITIMATE_SHARED_FOCUS,SAFETY,SAFETY
983379d1fe46,PAIN_AFTER_SINGING,PERSISTENT_HOARSENESS,SAFETY,SAFETY,SAFETY,SAFETY,0.948,LEGITIMATE_SHARED_FOCUS,SAFETY,SAFETY
983379d1fe46,SPEAKING_DISCOMFORT,PERSISTENT_HOARSENESS,SAFETY,SAFETY,SAFETY,SAFETY,0.9436,LEGITIMATE_SHARED_FOCUS,SAFETY,SAFETY
99023e55f0f5,HIGH_NOTE_CANNOT_REACH,HIGH_NOTE_TOO_EFFORTFUL,REGISTER_CONNECTION,REGISTER_CONNECTION,REGISTER_CONNECTION,REGISTER_CONNECTION,1.0,GENERIC_COLLAPSE,SOVT_GLIDE,SOVT_GLIDE
99023e55f0f5,HIGH_NOTE_CANNOT_REACH,HIGH_NOTE_FLIPS,REGISTER_CONNECTION,REGISTER_CONNECTION,REGISTER_CONNECTION,REGISTER_CONNECTION,1.0,GENERIC_COLLAPSE,SOVT_GLIDE,SOVT_GLIDE
99023e55f0f5,HIGH_NOTE_TOO_EFFORTFUL,HIGH_NOTE_FLIPS,REGISTER_CONNECTION,REGISTER_CONNECTION,REGISTER_CONNECTION,REGISTER_CONNECTION,1.0,GENERIC_COLLAPSE,SOVT_GLIDE,SOVT_GLIDE
99023e55f0f5,HIGH_NOTE_UNSTABLE,PITCH_UNSTABLE,STABILITY,STABILITY,STABILITY,STABILITY,1.0,GENERIC_COLLAPSE,SUSTAIN_HOLD,SUSTAIN_HOLD
99023e55f0f5,HIGH_NOTE_UNSTABLE,REGISTER_CONNECTION_DIFFICULT,STABILITY,STABILITY,STABILITY,STABILITY,1.0,GENERIC_COLLAPSE,SUSTAIN_HOLD,SUSTAIN_HOLD
99023e55f0f5,THROAT_EFFORT,LOUD_VOICE_DIFFICULT,EFFORT,EFFORT,MAINTAIN,MAINTAIN,1.0,GENERIC_COLLAPSE,SUSTAIN_HOLD,SUSTAIN_HOLD
99023e55f0f5,THROAT_EFFORT,VOCAL_FATIGUE,EFFORT,EFFORT,MAINTAIN,MAINTAIN,1.0,GENERIC_COLLAPSE,SUSTAIN_HOLD,SUSTAIN_HOLD
99023e55f0f5,THROAT_EFFORT,AFTER_SINGING_FATIGUE,EFFORT,EFFORT,MAINTAIN,MAINTAIN,1.0,GENERIC_COLLAPSE,SUSTAIN_HOLD,SUSTAIN_HOLD
99023e55f0f5,LOUD_VOICE_DIFFICULT,VOCAL_FATIGUE,EFFORT,EFFORT,MAINTAIN,MAINTAIN,1.0,GENERIC_COLLAPSE,SUSTAIN_HOLD,SUSTAIN_HOLD
99023e55f0f5,LOUD_VOICE_DIFFICULT,AFTER_SINGING_FATIGUE,EFFORT,EFFORT,MAINTAIN,MAINTAIN,1.0,GENERIC_COLLAPSE,SUSTAIN_HOLD,SUSTAIN_HOLD
99023e55f0f5,VOCAL_FATIGUE,AFTER_SINGING_FATIGUE,EFFORT,EFFORT,MAINTAIN,MAINTAIN,1.0,GENERIC_COLLAPSE,SUSTAIN_HOLD,SUSTAIN_HOLD
99023e55f0f5,VOICE_TOO_DARK_MUFFLED,TIMBRE_CHANGES_HIGH,BRIGHTNESS,REGISTER_CONNECTION,TIMBRE_STYLE,REGISTER_CONNECTION,1.0,GENERIC_COLLAPSE,ARTICULATION,ARTICULATION
99023e55f0f5,PITCH_UNSTABLE,REGISTER_CONNECTION_DIFFICULT,STABILITY,STABILITY,STABILITY,STABILITY,1.0,GENERIC_COLLAPSE,SUSTAIN_HOLD,SUSTAIN_HOLD
99023e55f0f5,PAIN_WHILE_SINGING,PAIN_AFTER_SINGING,SAFETY,SAFETY,SAFETY,SAFETY,0.9375,LEGITIMATE_SHARED_FOCUS,SAFETY,SAFETY
99023e55f0f5,PAIN_WHILE_SINGING,SPEAKING_DISCOMFORT,SAFETY,SAFETY,SAFETY,SAFETY,0.9707,GENERIC_COLLAPSE,SAFETY,SAFETY
99023e55f0f5,PAIN_WHILE_SINGING,PERSISTENT_HOARSENESS,SAFETY,SAFETY,SAFETY,SAFETY,0.948,LEGITIMATE_SHARED_FOCUS,SAFETY,SAFETY
99023e55f0f5,PAIN_AFTER_SINGING,SPEAKING_DISCOMFORT,SAFETY,SAFETY,SAFETY,SAFETY,0.9414,LEGITIMATE_SHARED_FOCUS,SAFETY,SAFETY
99023e55f0f5,PAIN_AFTER_SINGING,PERSISTENT_HOARSENESS,SAFETY,SAFETY,SAFETY,SAFETY,0.948,LEGITIMATE_SHARED_FOCUS,SAFETY,SAFETY
99023e55f0f5,SPEAKING_DISCOMFORT,PERSISTENT_HOARSENESS,SAFETY,SAFETY,SAFETY,SAFETY,0.9436,LEGITIMATE_SHARED_FOCUS,SAFETY,SAFETY
9e6b39daf637,HIGH_NOTE_CANNOT_REACH,HIGH_NOTE_TOO_EFFORTFUL,REGISTER_CONNECTION,REGISTER_CONNECTION,REGISTER_CONNECTION,REGISTER_CONNECTION,1.0,GENERIC_COLLAPSE,SOVT_GLIDE,SOVT_GLIDE
9e6b39daf637,HIGH_NOTE_CANNOT_REACH,HIGH_NOTE_FLIPS,REGISTER_CONNECTION,REGISTER_CONNECTION,REGISTER_CONNECTION,REGISTER_CONNECTION,1.0,GENERIC_COLLAPSE,SOVT_GLIDE,SOVT_GLIDE
9e6b39daf637,HIGH_NOTE_TOO_EFFORTFUL,HIGH_NOTE_FLIPS,REGISTER_CONNECTION,REGISTER_CONNECTION,REGISTER_CONNECTION,REGISTER_CONNECTION,1.0,GENERIC_COLLAPSE,SOVT_GLIDE,SOVT_GLIDE
9e6b39daf637,HIGH_NOTE_UNSTABLE,PITCH_UNSTABLE,STABILITY,STABILITY,STABILITY,STABILITY,1.0,GENERIC_COLLAPSE,SUSTAIN_HOLD,SUSTAIN_HOLD
9e6b39daf637,HIGH_NOTE_UNSTABLE,REGISTER_CONNECTION_DIFFICULT,STABILITY,STABILITY,STABILITY,STABILITY,1.0,GENERIC_COLLAPSE,SUSTAIN_HOLD,SUSTAIN_HOLD
9e6b39daf637,THROAT_EFFORT,LOUD_VOICE_DIFFICULT,EFFORT,EFFORT,MAINTAIN,MAINTAIN,1.0,GENERIC_COLLAPSE,SUSTAIN_HOLD,SUSTAIN_HOLD
9e6b39daf637,THROAT_EFFORT,VOCAL_FATIGUE,EFFORT,EFFORT,MAINTAIN,MAINTAIN,1.0,GENERIC_COLLAPSE,SUSTAIN_HOLD,SUSTAIN_HOLD
9e6b39daf637,THROAT_EFFORT,AFTER_SINGING_FATIGUE,EFFORT,EFFORT,MAINTAIN,MAINTAIN,1.0,GENERIC_COLLAPSE,SUSTAIN_HOLD,SUSTAIN_HOLD
9e6b39daf637,LOUD_VOICE_DIFFICULT,VOCAL_FATIGUE,EFFORT,EFFORT,MAINTAIN,MAINTAIN,1.0,GENERIC_COLLAPSE,SUSTAIN_HOLD,SUSTAIN_HOLD
9e6b39daf637,LOUD_VOICE_DIFFICULT,AFTER_SINGING_FATIGUE,EFFORT,EFFORT,MAINTAIN,MAINTAIN,1.0,GENERIC_COLLAPSE,SUSTAIN_HOLD,SUSTAIN_HOLD
9e6b39daf637,VOCAL_FATIGUE,AFTER_SINGING_FATIGUE,EFFORT,EFFORT,MAINTAIN,MAINTAIN,1.0,GENERIC_COLLAPSE,SUSTAIN_HOLD,SUSTAIN_HOLD
9e6b39daf637,VOICE_TOO_THIN,VOICE_TOO_BREATHY,MAINTAIN,TIMBRE,MAINTAIN,TIMBRE_STYLE,1.0,GENERIC_COLLAPSE,VOWEL_CONNECT,VOWEL_CONNECT
9e6b39daf637,VOICE_TOO_DARK_MUFFLED,OTHER_CONCERN,PRESENCE,MAINTAIN,PRESENCE,MAINTAIN,1.0,GENERIC_COLLAPSE,ARTICULATION,ARTICULATION
9e6b39daf637,PITCH_UNSTABLE,REGISTER_CONNECTION_DIFFICULT,STABILITY,STABILITY,STABILITY,STABILITY,1.0,GENERIC_COLLAPSE,SUSTAIN_HOLD,SUSTAIN_HOLD
9e6b39daf637,PAIN_WHILE_SINGING,PAIN_AFTER_SINGING,SAFETY,SAFETY,SAFETY,SAFETY,0.9375,LEGITIMATE_SHARED_FOCUS,SAFETY,SAFETY
9e6b39daf637,PAIN_WHILE_SINGING,SPEAKING_DISCOMFORT,SAFETY,SAFETY,SAFETY,SAFETY,0.9707,GENERIC_COLLAPSE,SAFETY,SAFETY
9e6b39daf637,PAIN_WHILE_SINGING,PERSISTENT_HOARSENESS,SAFETY,SAFETY,SAFETY,SAFETY,0.948,LEGITIMATE_SHARED_FOCUS,SAFETY,SAFETY
9e6b39daf637,PAIN_AFTER_SINGING,SPEAKING_DISCOMFORT,SAFETY,SAFETY,SAFETY,SAFETY,0.9414,LEGITIMATE_SHARED_FOCUS,SAFETY,SAFETY
9e6b39daf637,PAIN_AFTER_SINGING,PERSISTENT_HOARSENESS,SAFETY,SAFETY,SAFETY,SAFETY,0.948,LEGITIMATE_SHARED_FOCUS,SAFETY,SAFETY
9e6b39daf637,SPEAKING_DISCOMFORT,PERSISTENT_HOARSENESS,SAFETY,SAFETY,SAFETY,SAFETY,0.9436,LEGITIMATE_SHARED_FOCUS,SAFETY,SAFETY
a29f829eedd0,HIGH_NOTE_CANNOT_REACH,HIGH_NOTE_TOO_EFFORTFUL,REGISTER_CONNECTION,REGISTER_CONNECTION,REGISTER_CONNECTION,REGISTER_CONNECTION,1.0,GENERIC_COLLAPSE,SOVT_GLIDE,SOVT_GLIDE
a29f829eedd0,HIGH_NOTE_CANNOT_REACH,HIGH_NOTE_FLIPS,REGISTER_CONNECTION,REGISTER_CONNECTION,REGISTER_CONNECTION,REGISTER_CONNECTION,1.0,GENERIC_COLLAPSE,SOVT_GLIDE,SOVT_GLIDE
a29f829eedd0,HIGH_NOTE_TOO_EFFORTFUL,HIGH_NOTE_FLIPS,REGISTER_CONNECTION,REGISTER_CONNECTION,REGISTER_CONNECTION,REGISTER_CONNECTION,1.0,GENERIC_COLLAPSE,SOVT_GLIDE,SOVT_GLIDE
a29f829eedd0,HIGH_NOTE_UNSTABLE,PITCH_UNSTABLE,STABILITY,STABILITY,STABILITY,STABILITY,1.0,GENERIC_COLLAPSE,SUSTAIN_HOLD,SUSTAIN_HOLD
a29f829eedd0,HIGH_NOTE_UNSTABLE,REGISTER_CONNECTION_DIFFICULT,STABILITY,STABILITY,STABILITY,STABILITY,1.0,GENERIC_COLLAPSE,SUSTAIN_HOLD,SUSTAIN_HOLD
a29f829eedd0,THROAT_EFFORT,LOUD_VOICE_DIFFICULT,EFFORT,EFFORT,MAINTAIN,MAINTAIN,1.0,GENERIC_COLLAPSE,SUSTAIN_HOLD,SUSTAIN_HOLD
a29f829eedd0,THROAT_EFFORT,VOCAL_FATIGUE,EFFORT,EFFORT,MAINTAIN,MAINTAIN,1.0,GENERIC_COLLAPSE,SUSTAIN_HOLD,SUSTAIN_HOLD
a29f829eedd0,THROAT_EFFORT,AFTER_SINGING_FATIGUE,EFFORT,EFFORT,MAINTAIN,MAINTAIN,1.0,GENERIC_COLLAPSE,SUSTAIN_HOLD,SUSTAIN_HOLD
a29f829eedd0,LOUD_VOICE_DIFFICULT,VOCAL_FATIGUE,EFFORT,EFFORT,MAINTAIN,MAINTAIN,1.0,GENERIC_COLLAPSE,SUSTAIN_HOLD,SUSTAIN_HOLD
a29f829eedd0,LOUD_VOICE_DIFFICULT,AFTER_SINGING_FATIGUE,EFFORT,EFFORT,MAINTAIN,MAINTAIN,1.0,GENERIC_COLLAPSE,SUSTAIN_HOLD,SUSTAIN_HOLD
a29f829eedd0,VOCAL_FATIGUE,AFTER_SINGING_FATIGUE,EFFORT,EFFORT,MAINTAIN,MAINTAIN,1.0,GENERIC_COLLAPSE,SUSTAIN_HOLD,SUSTAIN_HOLD
a29f829eedd0,VOICE_TOO_THIN,VOICE_TOO_BREATHY,MAINTAIN,TIMBRE,MAINTAIN,TIMBRE_STYLE,1.0,GENERIC_COLLAPSE,VOWEL_CONNECT,VOWEL_CONNECT
a29f829eedd0,VOICE_TOO_DARK_MUFFLED,TIMBRE_CHANGES_HIGH,BRIGHTNESS,REGISTER_CONNECTION,TIMBRE_STYLE,REGISTER_CONNECTION,1.0,GENERIC_COLLAPSE,ARTICULATION,ARTICULATION
a29f829eedd0,PITCH_UNSTABLE,REGISTER_CONNECTION_DIFFICULT,STABILITY,STABILITY,STABILITY,STABILITY,1.0,GENERIC_COLLAPSE,SUSTAIN_HOLD,SUSTAIN_HOLD
a29f829eedd0,PAIN_WHILE_SINGING,PAIN_AFTER_SINGING,SAFETY,SAFETY,SAFETY,SAFETY,0.9375,LEGITIMATE_SHARED_FOCUS,SAFETY,SAFETY
a29f829eedd0,PAIN_WHILE_SINGING,SPEAKING_DISCOMFORT,SAFETY,SAFETY,SAFETY,SAFETY,0.9707,GENERIC_COLLAPSE,SAFETY,SAFETY
a29f829eedd0,PAIN_WHILE_SINGING,PERSISTENT_HOARSENESS,SAFETY,SAFETY,SAFETY,SAFETY,0.948,LEGITIMATE_SHARED_FOCUS,SAFETY,SAFETY
a29f829eedd0,PAIN_AFTER_SINGING,SPEAKING_DISCOMFORT,SAFETY,SAFETY,SAFETY,SAFETY,0.9414,LEGITIMATE_SHARED_FOCUS,SAFETY,SAFETY
a29f829eedd0,PAIN_AFTER_SINGING,PERSISTENT_HOARSENESS,SAFETY,SAFETY,SAFETY,SAFETY,0.948,LEGITIMATE_SHARED_FOCUS,SAFETY,SAFETY
a29f829eedd0,SPEAKING_DISCOMFORT,PERSISTENT_HOARSENESS,SAFETY,SAFETY,SAFETY,SAFETY,0.9436,LEGITIMATE_SHARED_FOCUS,SAFETY,SAFETY
a69d81db3e48,HIGH_NOTE_CANNOT_REACH,HIGH_NOTE_TOO_EFFORTFUL,REGISTER_CONNECTION,REGISTER_CONNECTION,REGISTER_CONNECTION,REGISTER_CONNECTION,1.0,GENERIC_COLLAPSE,SOVT_GLIDE,SOVT_GLIDE
a69d81db3e48,HIGH_NOTE_CANNOT_REACH,HIGH_NOTE_FLIPS,REGISTER_CONNECTION,REGISTER_CONNECTION,REGISTER_CONNECTION,REGISTER_CONNECTION,1.0,GENERIC_COLLAPSE,SOVT_GLIDE,SOVT_GLIDE
a69d81db3e48,HIGH_NOTE_TOO_EFFORTFUL,HIGH_NOTE_FLIPS,REGISTER_CONNECTION,REGISTER_CONNECTION,REGISTER_CONNECTION,REGISTER_CONNECTION,1.0,GENERIC_COLLAPSE,SOVT_GLIDE,SOVT_GLIDE
a69d81db3e48,HIGH_NOTE_UNSTABLE,PITCH_UNSTABLE,STABILITY,STABILITY,STABILITY,STABILITY,1.0,GENERIC_COLLAPSE,SUSTAIN_HOLD,SUSTAIN_HOLD
a69d81db3e48,HIGH_NOTE_UNSTABLE,REGISTER_CONNECTION_DIFFICULT,STABILITY,STABILITY,STABILITY,STABILITY,1.0,GENERIC_COLLAPSE,SUSTAIN_HOLD,SUSTAIN_HOLD
a69d81db3e48,THROAT_EFFORT,LOUD_VOICE_DIFFICULT,EFFORT,EFFORT,MAINTAIN,MAINTAIN,1.0,GENERIC_COLLAPSE,SUSTAIN_HOLD,SUSTAIN_HOLD
a69d81db3e48,THROAT_EFFORT,VOCAL_FATIGUE,EFFORT,EFFORT,MAINTAIN,MAINTAIN,1.0,GENERIC_COLLAPSE,SUSTAIN_HOLD,SUSTAIN_HOLD
a69d81db3e48,THROAT_EFFORT,AFTER_SINGING_FATIGUE,EFFORT,EFFORT,MAINTAIN,MAINTAIN,1.0,GENERIC_COLLAPSE,SUSTAIN_HOLD,SUSTAIN_HOLD
a69d81db3e48,LOUD_VOICE_DIFFICULT,VOCAL_FATIGUE,EFFORT,EFFORT,MAINTAIN,MAINTAIN,1.0,GENERIC_COLLAPSE,SUSTAIN_HOLD,SUSTAIN_HOLD
a69d81db3e48,LOUD_VOICE_DIFFICULT,AFTER_SINGING_FATIGUE,EFFORT,EFFORT,MAINTAIN,MAINTAIN,1.0,GENERIC_COLLAPSE,SUSTAIN_HOLD,SUSTAIN_HOLD
a69d81db3e48,VOCAL_FATIGUE,AFTER_SINGING_FATIGUE,EFFORT,EFFORT,MAINTAIN,MAINTAIN,1.0,GENERIC_COLLAPSE,SUSTAIN_HOLD,SUSTAIN_HOLD
a69d81db3e48,VOICE_TOO_DARK_MUFFLED,TIMBRE_CHANGES_HIGH,BRIGHTNESS,REGISTER_CONNECTION,TIMBRE_STYLE,REGISTER_CONNECTION,1.0,GENERIC_COLLAPSE,ARTICULATION,ARTICULATION
a69d81db3e48,PITCH_UNSTABLE,REGISTER_CONNECTION_DIFFICULT,STABILITY,STABILITY,STABILITY,STABILITY,1.0,GENERIC_COLLAPSE,SUSTAIN_HOLD,SUSTAIN_HOLD
a69d81db3e48,PAIN_WHILE_SINGING,PAIN_AFTER_SINGING,SAFETY,SAFETY,SAFETY,SAFETY,0.9375,LEGITIMATE_SHARED_FOCUS,SAFETY,SAFETY
a69d81db3e48,PAIN_WHILE_SINGING,SPEAKING_DISCOMFORT,SAFETY,SAFETY,SAFETY,SAFETY,0.9707,GENERIC_COLLAPSE,SAFETY,SAFETY
a69d81db3e48,PAIN_WHILE_SINGING,PERSISTENT_HOARSENESS,SAFETY,SAFETY,SAFETY,SAFETY,0.948,LEGITIMATE_SHARED_FOCUS,SAFETY,SAFETY
a69d81db3e48,PAIN_AFTER_SINGING,SPEAKING_DISCOMFORT,SAFETY,SAFETY,SAFETY,SAFETY,0.9414,LEGITIMATE_SHARED_FOCUS,SAFETY,SAFETY
a69d81db3e48,PAIN_AFTER_SINGING,PERSISTENT_HOARSENESS,SAFETY,SAFETY,SAFETY,SAFETY,0.948,LEGITIMATE_SHARED_FOCUS,SAFETY,SAFETY
a69d81db3e48,SPEAKING_DISCOMFORT,PERSISTENT_HOARSENESS,SAFETY,SAFETY,SAFETY,SAFETY,0.9436,LEGITIMATE_SHARED_FOCUS,SAFETY,SAFETY
a77ba822cbfe,HIGH_NOTE_CANNOT_REACH,HIGH_NOTE_TOO_EFFORTFUL,REGISTER_CONNECTION,REGISTER_CONNECTION,REGISTER_CONNECTION,REGISTER_CONNECTION,1.0,GENERIC_COLLAPSE,SOVT_GLIDE,SOVT_GLIDE
a77ba822cbfe,HIGH_NOTE_CANNOT_REACH,HIGH_NOTE_FLIPS,REGISTER_CONNECTION,REGISTER_CONNECTION,REGISTER_CONNECTION,REGISTER_CONNECTION,1.0,GENERIC_COLLAPSE,SOVT_GLIDE,SOVT_GLIDE
a77ba822cbfe,HIGH_NOTE_TOO_EFFORTFUL,HIGH_NOTE_FLIPS,REGISTER_CONNECTION,REGISTER_CONNECTION,REGISTER_CONNECTION,REGISTER_CONNECTION,1.0,GENERIC_COLLAPSE,SOVT_GLIDE,SOVT_GLIDE
a77ba822cbfe,HIGH_NOTE_UNSTABLE,PITCH_UNSTABLE,STABILITY,STABILITY,STABILITY,STABILITY,1.0,GENERIC_COLLAPSE,SUSTAIN_HOLD,SUSTAIN_HOLD
a77ba822cbfe,HIGH_NOTE_UNSTABLE,REGISTER_CONNECTION_DIFFICULT,STABILITY,STABILITY,STABILITY,STABILITY,1.0,GENERIC_COLLAPSE,SUSTAIN_HOLD,SUSTAIN_HOLD
a77ba822cbfe,THROAT_EFFORT,LOUD_VOICE_DIFFICULT,EFFORT,EFFORT,MAINTAIN,MAINTAIN,1.0,GENERIC_COLLAPSE,SUSTAIN_HOLD,SUSTAIN_HOLD
a77ba822cbfe,THROAT_EFFORT,VOCAL_FATIGUE,EFFORT,EFFORT,MAINTAIN,MAINTAIN,1.0,GENERIC_COLLAPSE,SUSTAIN_HOLD,SUSTAIN_HOLD
a77ba822cbfe,THROAT_EFFORT,AFTER_SINGING_FATIGUE,EFFORT,EFFORT,MAINTAIN,MAINTAIN,1.0,GENERIC_COLLAPSE,SUSTAIN_HOLD,SUSTAIN_HOLD
a77ba822cbfe,LOUD_VOICE_DIFFICULT,VOCAL_FATIGUE,EFFORT,EFFORT,MAINTAIN,MAINTAIN,1.0,GENERIC_COLLAPSE,SUSTAIN_HOLD,SUSTAIN_HOLD
a77ba822cbfe,LOUD_VOICE_DIFFICULT,AFTER_SINGING_FATIGUE,EFFORT,EFFORT,MAINTAIN,MAINTAIN,1.0,GENERIC_COLLAPSE,SUSTAIN_HOLD,SUSTAIN_HOLD
a77ba822cbfe,VOCAL_FATIGUE,AFTER_SINGING_FATIGUE,EFFORT,EFFORT,MAINTAIN,MAINTAIN,1.0,GENERIC_COLLAPSE,SUSTAIN_HOLD,SUSTAIN_HOLD
a77ba822cbfe,VOICE_TOO_THIN,VOICE_TOO_BREATHY,MAINTAIN,TIMBRE,MAINTAIN,TIMBRE_STYLE,1.0,GENERIC_COLLAPSE,VOWEL_CONNECT,VOWEL_CONNECT
a77ba822cbfe,VOICE_TOO_DARK_MUFFLED,OTHER_CONCERN,PRESENCE,MAINTAIN,PRESENCE,MAINTAIN,1.0,GENERIC_COLLAPSE,ARTICULATION,ARTICULATION
a77ba822cbfe,PITCH_UNSTABLE,REGISTER_CONNECTION_DIFFICULT,STABILITY,STABILITY,STABILITY,STABILITY,1.0,GENERIC_COLLAPSE,SUSTAIN_HOLD,SUSTAIN_HOLD
a77ba822cbfe,PAIN_WHILE_SINGING,PAIN_AFTER_SINGING,SAFETY,SAFETY,SAFETY,SAFETY,0.9375,LEGITIMATE_SHARED_FOCUS,SAFETY,SAFETY
a77ba822cbfe,PAIN_WHILE_SINGING,SPEAKING_DISCOMFORT,SAFETY,SAFETY,SAFETY,SAFETY,0.9707,GENERIC_COLLAPSE,SAFETY,SAFETY
a77ba822cbfe,PAIN_WHILE_SINGING,PERSISTENT_HOARSENESS,SAFETY,SAFETY,SAFETY,SAFETY,0.948,LEGITIMATE_SHARED_FOCUS,SAFETY,SAFETY
a77ba822cbfe,PAIN_AFTER_SINGING,SPEAKING_DISCOMFORT,SAFETY,SAFETY,SAFETY,SAFETY,0.9414,LEGITIMATE_SHARED_FOCUS,SAFETY,SAFETY
a77ba822cbfe,PAIN_AFTER_SINGING,PERSISTENT_HOARSENESS,SAFETY,SAFETY,SAFETY,SAFETY,0.948,LEGITIMATE_SHARED_FOCUS,SAFETY,SAFETY
a77ba822cbfe,SPEAKING_DISCOMFORT,PERSISTENT_HOARSENESS,SAFETY,SAFETY,SAFETY,SAFETY,0.9436,LEGITIMATE_SHARED_FOCUS,SAFETY,SAFETY
a7c957603751,HIGH_NOTE_CANNOT_REACH,HIGH_NOTE_TOO_EFFORTFUL,REGISTER_CONNECTION,REGISTER_CONNECTION,REGISTER_CONNECTION,REGISTER_CONNECTION,1.0,GENERIC_COLLAPSE,SOVT_GLIDE,SOVT_GLIDE
a7c957603751,HIGH_NOTE_CANNOT_REACH,HIGH_NOTE_FLIPS,REGISTER_CONNECTION,REGISTER_CONNECTION,REGISTER_CONNECTION,REGISTER_CONNECTION,1.0,GENERIC_COLLAPSE,SOVT_GLIDE,SOVT_GLIDE
a7c957603751,HIGH_NOTE_TOO_EFFORTFUL,HIGH_NOTE_FLIPS,REGISTER_CONNECTION,REGISTER_CONNECTION,REGISTER_CONNECTION,REGISTER_CONNECTION,1.0,GENERIC_COLLAPSE,SOVT_GLIDE,SOVT_GLIDE
a7c957603751,HIGH_NOTE_UNSTABLE,PITCH_UNSTABLE,STABILITY,STABILITY,STABILITY,STABILITY,1.0,GENERIC_COLLAPSE,SUSTAIN_HOLD,SUSTAIN_HOLD
a7c957603751,HIGH_NOTE_UNSTABLE,REGISTER_CONNECTION_DIFFICULT,STABILITY,STABILITY,STABILITY,STABILITY,1.0,GENERIC_COLLAPSE,SUSTAIN_HOLD,SUSTAIN_HOLD
a7c957603751,THROAT_EFFORT,LOUD_VOICE_DIFFICULT,EFFORT,EFFORT,MAINTAIN,MAINTAIN,1.0,GENERIC_COLLAPSE,SUSTAIN_HOLD,SUSTAIN_HOLD
a7c957603751,THROAT_EFFORT,VOCAL_FATIGUE,EFFORT,EFFORT,MAINTAIN,MAINTAIN,1.0,GENERIC_COLLAPSE,SUSTAIN_HOLD,SUSTAIN_HOLD
a7c957603751,THROAT_EFFORT,AFTER_SINGING_FATIGUE,EFFORT,EFFORT,MAINTAIN,MAINTAIN,1.0,GENERIC_COLLAPSE,SUSTAIN_HOLD,SUSTAIN_HOLD
a7c957603751,LOUD_VOICE_DIFFICULT,VOCAL_FATIGUE,EFFORT,EFFORT,MAINTAIN,MAINTAIN,1.0,GENERIC_COLLAPSE,SUSTAIN_HOLD,SUSTAIN_HOLD
a7c957603751,LOUD_VOICE_DIFFICULT,AFTER_SINGING_FATIGUE,EFFORT,EFFORT,MAINTAIN,MAINTAIN,1.0,GENERIC_COLLAPSE,SUSTAIN_HOLD,SUSTAIN_HOLD
a7c957603751,VOCAL_FATIGUE,AFTER_SINGING_FATIGUE,EFFORT,EFFORT,MAINTAIN,MAINTAIN,1.0,GENERIC_COLLAPSE,SUSTAIN_HOLD,SUSTAIN_HOLD
a7c957603751,VOICE_TOO_THIN,VOICE_TOO_DARK_MUFFLED,PRESENCE,PRESENCE,PRESENCE,PRESENCE,1.0,GENERIC_COLLAPSE,VOWEL_CONNECT,VOWEL_CONNECT
a7c957603751,PITCH_UNSTABLE,REGISTER_CONNECTION_DIFFICULT,STABILITY,STABILITY,STABILITY,STABILITY,1.0,GENERIC_COLLAPSE,SUSTAIN_HOLD,SUSTAIN_HOLD
a7c957603751,PAIN_WHILE_SINGING,PAIN_AFTER_SINGING,SAFETY,SAFETY,SAFETY,SAFETY,0.9375,LEGITIMATE_SHARED_FOCUS,SAFETY,SAFETY
a7c957603751,PAIN_WHILE_SINGING,SPEAKING_DISCOMFORT,SAFETY,SAFETY,SAFETY,SAFETY,0.9707,GENERIC_COLLAPSE,SAFETY,SAFETY
a7c957603751,PAIN_WHILE_SINGING,PERSISTENT_HOARSENESS,SAFETY,SAFETY,SAFETY,SAFETY,0.948,LEGITIMATE_SHARED_FOCUS,SAFETY,SAFETY
a7c957603751,PAIN_AFTER_SINGING,SPEAKING_DISCOMFORT,SAFETY,SAFETY,SAFETY,SAFETY,0.9414,LEGITIMATE_SHARED_FOCUS,SAFETY,SAFETY
a7c957603751,PAIN_AFTER_SINGING,PERSISTENT_HOARSENESS,SAFETY,SAFETY,SAFETY,SAFETY,0.948,LEGITIMATE_SHARED_FOCUS,SAFETY,SAFETY
a7c957603751,SPEAKING_DISCOMFORT,PERSISTENT_HOARSENESS,SAFETY,SAFETY,SAFETY,SAFETY,0.9436,LEGITIMATE_SHARED_FOCUS,SAFETY,SAFETY
a888cb14dd6a,HIGH_NOTE_CANNOT_REACH,HIGH_NOTE_TOO_EFFORTFUL,REGISTER_CONNECTION,REGISTER_CONNECTION,REGISTER_CONNECTION,REGISTER_CONNECTION,1.0,GENERIC_COLLAPSE,SOVT_GLIDE,SOVT_GLIDE
a888cb14dd6a,HIGH_NOTE_CANNOT_REACH,HIGH_NOTE_FLIPS,REGISTER_CONNECTION,REGISTER_CONNECTION,REGISTER_CONNECTION,REGISTER_CONNECTION,1.0,GENERIC_COLLAPSE,SOVT_GLIDE,SOVT_GLIDE
a888cb14dd6a,HIGH_NOTE_TOO_EFFORTFUL,HIGH_NOTE_FLIPS,REGISTER_CONNECTION,REGISTER_CONNECTION,REGISTER_CONNECTION,REGISTER_CONNECTION,1.0,GENERIC_COLLAPSE,SOVT_GLIDE,SOVT_GLIDE
a888cb14dd6a,HIGH_NOTE_UNSTABLE,PITCH_UNSTABLE,STABILITY,STABILITY,STABILITY,STABILITY,1.0,GENERIC_COLLAPSE,SUSTAIN_HOLD,SUSTAIN_HOLD
a888cb14dd6a,HIGH_NOTE_UNSTABLE,REGISTER_CONNECTION_DIFFICULT,STABILITY,STABILITY,STABILITY,STABILITY,1.0,GENERIC_COLLAPSE,SUSTAIN_HOLD,SUSTAIN_HOLD
a888cb14dd6a,THROAT_EFFORT,LOUD_VOICE_DIFFICULT,EFFORT,EFFORT,MAINTAIN,MAINTAIN,1.0,GENERIC_COLLAPSE,SUSTAIN_HOLD,SUSTAIN_HOLD
a888cb14dd6a,THROAT_EFFORT,VOCAL_FATIGUE,EFFORT,EFFORT,MAINTAIN,MAINTAIN,1.0,GENERIC_COLLAPSE,SUSTAIN_HOLD,SUSTAIN_HOLD
a888cb14dd6a,THROAT_EFFORT,AFTER_SINGING_FATIGUE,EFFORT,EFFORT,MAINTAIN,MAINTAIN,1.0,GENERIC_COLLAPSE,SUSTAIN_HOLD,SUSTAIN_HOLD
a888cb14dd6a,LOUD_VOICE_DIFFICULT,VOCAL_FATIGUE,EFFORT,EFFORT,MAINTAIN,MAINTAIN,1.0,GENERIC_COLLAPSE,SUSTAIN_HOLD,SUSTAIN_HOLD
a888cb14dd6a,LOUD_VOICE_DIFFICULT,AFTER_SINGING_FATIGUE,EFFORT,EFFORT,MAINTAIN,MAINTAIN,1.0,GENERIC_COLLAPSE,SUSTAIN_HOLD,SUSTAIN_HOLD
a888cb14dd6a,VOCAL_FATIGUE,AFTER_SINGING_FATIGUE,EFFORT,EFFORT,MAINTAIN,MAINTAIN,1.0,GENERIC_COLLAPSE,SUSTAIN_HOLD,SUSTAIN_HOLD
a888cb14dd6a,VOICE_TOO_THIN,VOICE_TOO_BREATHY,MAINTAIN,MAINTAIN,MAINTAIN,MAINTAIN,1.0,GENERIC_COLLAPSE,VOWEL_CONNECT,VOWEL_CONNECT
a888cb14dd6a,VOICE_TOO_DARK_MUFFLED,OTHER_CONCERN,PRESENCE,MAINTAIN,PRESENCE,MAINTAIN,1.0,GENERIC_COLLAPSE,ARTICULATION,ARTICULATION
a888cb14dd6a,PITCH_UNSTABLE,REGISTER_CONNECTION_DIFFICULT,STABILITY,STABILITY,STABILITY,STABILITY,1.0,GENERIC_COLLAPSE,SUSTAIN_HOLD,SUSTAIN_HOLD
a888cb14dd6a,PAIN_WHILE_SINGING,PAIN_AFTER_SINGING,SAFETY,SAFETY,SAFETY,SAFETY,0.9375,LEGITIMATE_SHARED_FOCUS,SAFETY,SAFETY
a888cb14dd6a,PAIN_WHILE_SINGING,SPEAKING_DISCOMFORT,SAFETY,SAFETY,SAFETY,SAFETY,0.9707,GENERIC_COLLAPSE,SAFETY,SAFETY
a888cb14dd6a,PAIN_WHILE_SINGING,PERSISTENT_HOARSENESS,SAFETY,SAFETY,SAFETY,SAFETY,0.948,LEGITIMATE_SHARED_FOCUS,SAFETY,SAFETY
a888cb14dd6a,PAIN_AFTER_SINGING,SPEAKING_DISCOMFORT,SAFETY,SAFETY,SAFETY,SAFETY,0.9414,LEGITIMATE_SHARED_FOCUS,SAFETY,SAFETY
a888cb14dd6a,PAIN_AFTER_SINGING,PERSISTENT_HOARSENESS,SAFETY,SAFETY,SAFETY,SAFETY,0.948,LEGITIMATE_SHARED_FOCUS,SAFETY,SAFETY
a888cb14dd6a,SPEAKING_DISCOMFORT,PERSISTENT_HOARSENESS,SAFETY,SAFETY,SAFETY,SAFETY,0.9436,LEGITIMATE_SHARED_FOCUS,SAFETY,SAFETY
aba38287641d,HIGH_NOTE_CANNOT_REACH,HIGH_NOTE_TOO_EFFORTFUL,REGISTER_CONNECTION,REGISTER_CONNECTION,REGISTER_CONNECTION,REGISTER_CONNECTION,1.0,GENERIC_COLLAPSE,SOVT_GLIDE,SOVT_GLIDE
aba38287641d,HIGH_NOTE_CANNOT_REACH,HIGH_NOTE_FLIPS,REGISTER_CONNECTION,REGISTER_CONNECTION,REGISTER_CONNECTION,REGISTER_CONNECTION,1.0,GENERIC_COLLAPSE,SOVT_GLIDE,SOVT_GLIDE
aba38287641d,HIGH_NOTE_TOO_EFFORTFUL,HIGH_NOTE_FLIPS,REGISTER_CONNECTION,REGISTER_CONNECTION,REGISTER_CONNECTION,REGISTER_CONNECTION,1.0,GENERIC_COLLAPSE,SOVT_GLIDE,SOVT_GLIDE
aba38287641d,HIGH_NOTE_UNSTABLE,PITCH_UNSTABLE,STABILITY,STABILITY,STABILITY,STABILITY,1.0,GENERIC_COLLAPSE,SUSTAIN_HOLD,SUSTAIN_HOLD
aba38287641d,HIGH_NOTE_UNSTABLE,REGISTER_CONNECTION_DIFFICULT,STABILITY,STABILITY,STABILITY,STABILITY,1.0,GENERIC_COLLAPSE,SUSTAIN_HOLD,SUSTAIN_HOLD
aba38287641d,THROAT_EFFORT,LOUD_VOICE_DIFFICULT,EFFORT,EFFORT,MAINTAIN,MAINTAIN,1.0,GENERIC_COLLAPSE,SUSTAIN_HOLD,SUSTAIN_HOLD
aba38287641d,THROAT_EFFORT,VOCAL_FATIGUE,EFFORT,EFFORT,MAINTAIN,MAINTAIN,1.0,GENERIC_COLLAPSE,SUSTAIN_HOLD,SUSTAIN_HOLD
aba38287641d,THROAT_EFFORT,AFTER_SINGING_FATIGUE,EFFORT,EFFORT,MAINTAIN,MAINTAIN,1.0,GENERIC_COLLAPSE,SUSTAIN_HOLD,SUSTAIN_HOLD
aba38287641d,LOUD_VOICE_DIFFICULT,VOCAL_FATIGUE,EFFORT,EFFORT,MAINTAIN,MAINTAIN,1.0,GENERIC_COLLAPSE,SUSTAIN_HOLD,SUSTAIN_HOLD
aba38287641d,LOUD_VOICE_DIFFICULT,AFTER_SINGING_FATIGUE,EFFORT,EFFORT,MAINTAIN,MAINTAIN,1.0,GENERIC_COLLAPSE,SUSTAIN_HOLD,SUSTAIN_HOLD
aba38287641d,VOCAL_FATIGUE,AFTER_SINGING_FATIGUE,EFFORT,EFFORT,MAINTAIN,MAINTAIN,1.0,GENERIC_COLLAPSE,SUSTAIN_HOLD,SUSTAIN_HOLD
aba38287641d,VOICE_TOO_THIN,VOICE_TOO_BREATHY,MAINTAIN,MAINTAIN,MAINTAIN,MAINTAIN,1.0,GENERIC_COLLAPSE,VOWEL_CONNECT,VOWEL_CONNECT
aba38287641d,VOICE_TOO_DARK_MUFFLED,OTHER_CONCERN,PRESENCE,MAINTAIN,PRESENCE,MAINTAIN,1.0,GENERIC_COLLAPSE,ARTICULATION,ARTICULATION
aba38287641d,PITCH_UNSTABLE,REGISTER_CONNECTION_DIFFICULT,STABILITY,STABILITY,STABILITY,STABILITY,1.0,GENERIC_COLLAPSE,SUSTAIN_HOLD,SUSTAIN_HOLD
aba38287641d,PAIN_WHILE_SINGING,PAIN_AFTER_SINGING,SAFETY,SAFETY,SAFETY,SAFETY,0.9375,LEGITIMATE_SHARED_FOCUS,SAFETY,SAFETY
aba38287641d,PAIN_WHILE_SINGING,SPEAKING_DISCOMFORT,SAFETY,SAFETY,SAFETY,SAFETY,0.9707,GENERIC_COLLAPSE,SAFETY,SAFETY
aba38287641d,PAIN_WHILE_SINGING,PERSISTENT_HOARSENESS,SAFETY,SAFETY,SAFETY,SAFETY,0.948,LEGITIMATE_SHARED_FOCUS,SAFETY,SAFETY
aba38287641d,PAIN_AFTER_SINGING,SPEAKING_DISCOMFORT,SAFETY,SAFETY,SAFETY,SAFETY,0.9414,LEGITIMATE_SHARED_FOCUS,SAFETY,SAFETY
aba38287641d,PAIN_AFTER_SINGING,PERSISTENT_HOARSENESS,SAFETY,SAFETY,SAFETY,SAFETY,0.948,LEGITIMATE_SHARED_FOCUS,SAFETY,SAFETY
aba38287641d,SPEAKING_DISCOMFORT,PERSISTENT_HOARSENESS,SAFETY,SAFETY,SAFETY,SAFETY,0.9436,LEGITIMATE_SHARED_FOCUS,SAFETY,SAFETY
aef8b974cfb0,HIGH_NOTE_CANNOT_REACH,HIGH_NOTE_TOO_EFFORTFUL,REGISTER_CONNECTION,REGISTER_CONNECTION,REGISTER_CONNECTION,REGISTER_CONNECTION,1.0,GENERIC_COLLAPSE,SOVT_GLIDE,SOVT_GLIDE
aef8b974cfb0,HIGH_NOTE_CANNOT_REACH,HIGH_NOTE_FLIPS,REGISTER_CONNECTION,REGISTER_CONNECTION,REGISTER_CONNECTION,REGISTER_CONNECTION,1.0,GENERIC_COLLAPSE,SOVT_GLIDE,SOVT_GLIDE
aef8b974cfb0,HIGH_NOTE_TOO_EFFORTFUL,HIGH_NOTE_FLIPS,REGISTER_CONNECTION,REGISTER_CONNECTION,REGISTER_CONNECTION,REGISTER_CONNECTION,1.0,GENERIC_COLLAPSE,SOVT_GLIDE,SOVT_GLIDE
aef8b974cfb0,HIGH_NOTE_UNSTABLE,PITCH_UNSTABLE,STABILITY,STABILITY,STABILITY,STABILITY,1.0,GENERIC_COLLAPSE,SUSTAIN_HOLD,SUSTAIN_HOLD
aef8b974cfb0,HIGH_NOTE_UNSTABLE,REGISTER_CONNECTION_DIFFICULT,STABILITY,STABILITY,STABILITY,STABILITY,1.0,GENERIC_COLLAPSE,SUSTAIN_HOLD,SUSTAIN_HOLD
aef8b974cfb0,THROAT_EFFORT,LOUD_VOICE_DIFFICULT,EFFORT,EFFORT,MAINTAIN,MAINTAIN,1.0,GENERIC_COLLAPSE,SUSTAIN_HOLD,SUSTAIN_HOLD
aef8b974cfb0,THROAT_EFFORT,VOCAL_FATIGUE,EFFORT,EFFORT,MAINTAIN,MAINTAIN,1.0,GENERIC_COLLAPSE,SUSTAIN_HOLD,SUSTAIN_HOLD
aef8b974cfb0,THROAT_EFFORT,AFTER_SINGING_FATIGUE,EFFORT,EFFORT,MAINTAIN,MAINTAIN,1.0,GENERIC_COLLAPSE,SUSTAIN_HOLD,SUSTAIN_HOLD
aef8b974cfb0,LOUD_VOICE_DIFFICULT,VOCAL_FATIGUE,EFFORT,EFFORT,MAINTAIN,MAINTAIN,1.0,GENERIC_COLLAPSE,SUSTAIN_HOLD,SUSTAIN_HOLD
aef8b974cfb0,LOUD_VOICE_DIFFICULT,AFTER_SINGING_FATIGUE,EFFORT,EFFORT,MAINTAIN,MAINTAIN,1.0,GENERIC_COLLAPSE,SUSTAIN_HOLD,SUSTAIN_HOLD
aef8b974cfb0,VOCAL_FATIGUE,AFTER_SINGING_FATIGUE,EFFORT,EFFORT,MAINTAIN,MAINTAIN,1.0,GENERIC_COLLAPSE,SUSTAIN_HOLD,SUSTAIN_HOLD
aef8b974cfb0,VOICE_TOO_DARK_MUFFLED,TIMBRE_CHANGES_HIGH,BRIGHTNESS,REGISTER_CONNECTION,TIMBRE_STYLE,REGISTER_CONNECTION,1.0,GENERIC_COLLAPSE,ARTICULATION,ARTICULATION
aef8b974cfb0,PITCH_UNSTABLE,REGISTER_CONNECTION_DIFFICULT,STABILITY,STABILITY,STABILITY,STABILITY,1.0,GENERIC_COLLAPSE,SUSTAIN_HOLD,SUSTAIN_HOLD
aef8b974cfb0,PAIN_WHILE_SINGING,PAIN_AFTER_SINGING,SAFETY,SAFETY,SAFETY,SAFETY,0.9375,LEGITIMATE_SHARED_FOCUS,SAFETY,SAFETY
aef8b974cfb0,PAIN_WHILE_SINGING,SPEAKING_DISCOMFORT,SAFETY,SAFETY,SAFETY,SAFETY,0.9707,GENERIC_COLLAPSE,SAFETY,SAFETY
aef8b974cfb0,PAIN_WHILE_SINGING,PERSISTENT_HOARSENESS,SAFETY,SAFETY,SAFETY,SAFETY,0.948,LEGITIMATE_SHARED_FOCUS,SAFETY,SAFETY
aef8b974cfb0,PAIN_AFTER_SINGING,SPEAKING_DISCOMFORT,SAFETY,SAFETY,SAFETY,SAFETY,0.9414,LEGITIMATE_SHARED_FOCUS,SAFETY,SAFETY
aef8b974cfb0,PAIN_AFTER_SINGING,PERSISTENT_HOARSENESS,SAFETY,SAFETY,SAFETY,SAFETY,0.948,LEGITIMATE_SHARED_FOCUS,SAFETY,SAFETY
aef8b974cfb0,SPEAKING_DISCOMFORT,PERSISTENT_HOARSENESS,SAFETY,SAFETY,SAFETY,SAFETY,0.9436,LEGITIMATE_SHARED_FOCUS,SAFETY,SAFETY
b4b7ce279c98,HIGH_NOTE_CANNOT_REACH,HIGH_NOTE_FLIPS,REGISTER_CONNECTION,REGISTER_CONNECTION,REGISTER_CONNECTION,REGISTER_CONNECTION,1.0,GENERIC_COLLAPSE,SOVT_GLIDE,SOVT_GLIDE
b4b7ce279c98,HIGH_NOTE_TOO_EFFORTFUL,THROAT_EFFORT,MAINTAIN,EFFORT,MAINTAIN,MAINTAIN,1.0,GENERIC_COLLAPSE,SUSTAIN_HOLD,SUSTAIN_HOLD
b4b7ce279c98,HIGH_NOTE_TOO_EFFORTFUL,LOUD_VOICE_DIFFICULT,MAINTAIN,EFFORT,MAINTAIN,MAINTAIN,1.0,GENERIC_COLLAPSE,SUSTAIN_HOLD,SUSTAIN_HOLD
b4b7ce279c98,HIGH_NOTE_TOO_EFFORTFUL,VOCAL_FATIGUE,MAINTAIN,EFFORT,MAINTAIN,MAINTAIN,1.0,GENERIC_COLLAPSE,SUSTAIN_HOLD,SUSTAIN_HOLD
b4b7ce279c98,HIGH_NOTE_TOO_EFFORTFUL,AFTER_SINGING_FATIGUE,MAINTAIN,EFFORT,MAINTAIN,MAINTAIN,1.0,GENERIC_COLLAPSE,SUSTAIN_HOLD,SUSTAIN_HOLD
b4b7ce279c98,HIGH_NOTE_UNSTABLE,PITCH_UNSTABLE,STABILITY,STABILITY,STABILITY,STABILITY,1.0,GENERIC_COLLAPSE,SUSTAIN_HOLD,SUSTAIN_HOLD
b4b7ce279c98,HIGH_NOTE_UNSTABLE,REGISTER_CONNECTION_DIFFICULT,STABILITY,STABILITY,STABILITY,STABILITY,1.0,GENERIC_COLLAPSE,SUSTAIN_HOLD,SUSTAIN_HOLD
b4b7ce279c98,THROAT_EFFORT,LOUD_VOICE_DIFFICULT,EFFORT,EFFORT,MAINTAIN,MAINTAIN,1.0,GENERIC_COLLAPSE,SUSTAIN_HOLD,SUSTAIN_HOLD
b4b7ce279c98,THROAT_EFFORT,VOCAL_FATIGUE,EFFORT,EFFORT,MAINTAIN,MAINTAIN,1.0,GENERIC_COLLAPSE,SUSTAIN_HOLD,SUSTAIN_HOLD
b4b7ce279c98,THROAT_EFFORT,AFTER_SINGING_FATIGUE,EFFORT,EFFORT,MAINTAIN,MAINTAIN,1.0,GENERIC_COLLAPSE,SUSTAIN_HOLD,SUSTAIN_HOLD
b4b7ce279c98,LOUD_VOICE_DIFFICULT,VOCAL_FATIGUE,EFFORT,EFFORT,MAINTAIN,MAINTAIN,1.0,GENERIC_COLLAPSE,SUSTAIN_HOLD,SUSTAIN_HOLD
b4b7ce279c98,LOUD_VOICE_DIFFICULT,AFTER_SINGING_FATIGUE,EFFORT,EFFORT,MAINTAIN,MAINTAIN,1.0,GENERIC_COLLAPSE,SUSTAIN_HOLD,SUSTAIN_HOLD
b4b7ce279c98,VOCAL_FATIGUE,AFTER_SINGING_FATIGUE,EFFORT,EFFORT,MAINTAIN,MAINTAIN,1.0,GENERIC_COLLAPSE,SUSTAIN_HOLD,SUSTAIN_HOLD
b4b7ce279c98,VOICE_TOO_DARK_MUFFLED,TIMBRE_CHANGES_HIGH,BRIGHTNESS,REGISTER_CONNECTION,TIMBRE_STYLE,REGISTER_CONNECTION,1.0,GENERIC_COLLAPSE,ARTICULATION,ARTICULATION
b4b7ce279c98,PITCH_UNSTABLE,REGISTER_CONNECTION_DIFFICULT,STABILITY,STABILITY,STABILITY,STABILITY,1.0,GENERIC_COLLAPSE,SUSTAIN_HOLD,SUSTAIN_HOLD
b4b7ce279c98,PAIN_WHILE_SINGING,PAIN_AFTER_SINGING,SAFETY,SAFETY,SAFETY,SAFETY,0.9375,LEGITIMATE_SHARED_FOCUS,SAFETY,SAFETY
b4b7ce279c98,PAIN_WHILE_SINGING,SPEAKING_DISCOMFORT,SAFETY,SAFETY,SAFETY,SAFETY,0.9707,GENERIC_COLLAPSE,SAFETY,SAFETY
b4b7ce279c98,PAIN_WHILE_SINGING,PERSISTENT_HOARSENESS,SAFETY,SAFETY,SAFETY,SAFETY,0.948,LEGITIMATE_SHARED_FOCUS,SAFETY,SAFETY
b4b7ce279c98,PAIN_AFTER_SINGING,SPEAKING_DISCOMFORT,SAFETY,SAFETY,SAFETY,SAFETY,0.9414,LEGITIMATE_SHARED_FOCUS,SAFETY,SAFETY
b4b7ce279c98,PAIN_AFTER_SINGING,PERSISTENT_HOARSENESS,SAFETY,SAFETY,SAFETY,SAFETY,0.948,LEGITIMATE_SHARED_FOCUS,SAFETY,SAFETY
b4b7ce279c98,SPEAKING_DISCOMFORT,PERSISTENT_HOARSENESS,SAFETY,SAFETY,SAFETY,SAFETY,0.9436,LEGITIMATE_SHARED_FOCUS,SAFETY,SAFETY
b960707ab2f6,HIGH_NOTE_CANNOT_REACH,HIGH_NOTE_TOO_EFFORTFUL,REGISTER_CONNECTION,REGISTER_CONNECTION,REGISTER_CONNECTION,REGISTER_CONNECTION,1.0,GENERIC_COLLAPSE,SOVT_GLIDE,SOVT_GLIDE
b960707ab2f6,HIGH_NOTE_CANNOT_REACH,HIGH_NOTE_FLIPS,REGISTER_CONNECTION,REGISTER_CONNECTION,REGISTER_CONNECTION,REGISTER_CONNECTION,1.0,GENERIC_COLLAPSE,SOVT_GLIDE,SOVT_GLIDE
b960707ab2f6,HIGH_NOTE_TOO_EFFORTFUL,HIGH_NOTE_FLIPS,REGISTER_CONNECTION,REGISTER_CONNECTION,REGISTER_CONNECTION,REGISTER_CONNECTION,1.0,GENERIC_COLLAPSE,SOVT_GLIDE,SOVT_GLIDE
b960707ab2f6,HIGH_NOTE_UNSTABLE,PITCH_UNSTABLE,STABILITY,STABILITY,STABILITY,STABILITY,1.0,GENERIC_COLLAPSE,SUSTAIN_HOLD,SUSTAIN_HOLD
b960707ab2f6,HIGH_NOTE_UNSTABLE,REGISTER_CONNECTION_DIFFICULT,STABILITY,STABILITY,STABILITY,STABILITY,1.0,GENERIC_COLLAPSE,SUSTAIN_HOLD,SUSTAIN_HOLD
b960707ab2f6,THROAT_EFFORT,LOUD_VOICE_DIFFICULT,EFFORT,EFFORT,MAINTAIN,MAINTAIN,1.0,GENERIC_COLLAPSE,SUSTAIN_HOLD,SUSTAIN_HOLD
b960707ab2f6,THROAT_EFFORT,VOCAL_FATIGUE,EFFORT,EFFORT,MAINTAIN,MAINTAIN,1.0,GENERIC_COLLAPSE,SUSTAIN_HOLD,SUSTAIN_HOLD
b960707ab2f6,THROAT_EFFORT,AFTER_SINGING_FATIGUE,EFFORT,EFFORT,MAINTAIN,MAINTAIN,1.0,GENERIC_COLLAPSE,SUSTAIN_HOLD,SUSTAIN_HOLD
b960707ab2f6,LOUD_VOICE_DIFFICULT,VOCAL_FATIGUE,EFFORT,EFFORT,MAINTAIN,MAINTAIN,1.0,GENERIC_COLLAPSE,SUSTAIN_HOLD,SUSTAIN_HOLD
b960707ab2f6,LOUD_VOICE_DIFFICULT,AFTER_SINGING_FATIGUE,EFFORT,EFFORT,MAINTAIN,MAINTAIN,1.0,GENERIC_COLLAPSE,SUSTAIN_HOLD,SUSTAIN_HOLD
b960707ab2f6,VOCAL_FATIGUE,AFTER_SINGING_FATIGUE,EFFORT,EFFORT,MAINTAIN,MAINTAIN,1.0,GENERIC_COLLAPSE,SUSTAIN_HOLD,SUSTAIN_HOLD
b960707ab2f6,VOICE_TOO_DARK_MUFFLED,TIMBRE_CHANGES_HIGH,BRIGHTNESS,REGISTER_CONNECTION,TIMBRE_STYLE,REGISTER_CONNECTION,1.0,GENERIC_COLLAPSE,ARTICULATION,ARTICULATION
b960707ab2f6,PITCH_UNSTABLE,REGISTER_CONNECTION_DIFFICULT,STABILITY,STABILITY,STABILITY,STABILITY,1.0,GENERIC_COLLAPSE,SUSTAIN_HOLD,SUSTAIN_HOLD
b960707ab2f6,PAIN_WHILE_SINGING,PAIN_AFTER_SINGING,SAFETY,SAFETY,SAFETY,SAFETY,0.9375,LEGITIMATE_SHARED_FOCUS,SAFETY,SAFETY
b960707ab2f6,PAIN_WHILE_SINGING,SPEAKING_DISCOMFORT,SAFETY,SAFETY,SAFETY,SAFETY,0.9707,GENERIC_COLLAPSE,SAFETY,SAFETY
b960707ab2f6,PAIN_WHILE_SINGING,PERSISTENT_HOARSENESS,SAFETY,SAFETY,SAFETY,SAFETY,0.948,LEGITIMATE_SHARED_FOCUS,SAFETY,SAFETY
b960707ab2f6,PAIN_AFTER_SINGING,SPEAKING_DISCOMFORT,SAFETY,SAFETY,SAFETY,SAFETY,0.9414,LEGITIMATE_SHARED_FOCUS,SAFETY,SAFETY
b960707ab2f6,PAIN_AFTER_SINGING,PERSISTENT_HOARSENESS,SAFETY,SAFETY,SAFETY,SAFETY,0.948,LEGITIMATE_SHARED_FOCUS,SAFETY,SAFETY
b960707ab2f6,SPEAKING_DISCOMFORT,PERSISTENT_HOARSENESS,SAFETY,SAFETY,SAFETY,SAFETY,0.9436,LEGITIMATE_SHARED_FOCUS,SAFETY,SAFETY
b9ff5bf02262,HIGH_NOTE_CANNOT_REACH,HIGH_NOTE_TOO_EFFORTFUL,REGISTER_CONNECTION,REGISTER_CONNECTION,REGISTER_CONNECTION,REGISTER_CONNECTION,1.0,GENERIC_COLLAPSE,SOVT_GLIDE,SOVT_GLIDE
b9ff5bf02262,HIGH_NOTE_CANNOT_REACH,HIGH_NOTE_FLIPS,REGISTER_CONNECTION,REGISTER_CONNECTION,REGISTER_CONNECTION,REGISTER_CONNECTION,1.0,GENERIC_COLLAPSE,SOVT_GLIDE,SOVT_GLIDE
b9ff5bf02262,HIGH_NOTE_TOO_EFFORTFUL,HIGH_NOTE_FLIPS,REGISTER_CONNECTION,REGISTER_CONNECTION,REGISTER_CONNECTION,REGISTER_CONNECTION,1.0,GENERIC_COLLAPSE,SOVT_GLIDE,SOVT_GLIDE
b9ff5bf02262,HIGH_NOTE_UNSTABLE,PITCH_UNSTABLE,STABILITY,STABILITY,STABILITY,STABILITY,1.0,GENERIC_COLLAPSE,SUSTAIN_HOLD,SUSTAIN_HOLD
b9ff5bf02262,HIGH_NOTE_UNSTABLE,REGISTER_CONNECTION_DIFFICULT,STABILITY,STABILITY,STABILITY,STABILITY,1.0,GENERIC_COLLAPSE,SUSTAIN_HOLD,SUSTAIN_HOLD
b9ff5bf02262,THROAT_EFFORT,LOUD_VOICE_DIFFICULT,EFFORT,EFFORT,MAINTAIN,MAINTAIN,1.0,GENERIC_COLLAPSE,SUSTAIN_HOLD,SUSTAIN_HOLD
b9ff5bf02262,THROAT_EFFORT,VOCAL_FATIGUE,EFFORT,EFFORT,MAINTAIN,MAINTAIN,1.0,GENERIC_COLLAPSE,SUSTAIN_HOLD,SUSTAIN_HOLD
b9ff5bf02262,THROAT_EFFORT,AFTER_SINGING_FATIGUE,EFFORT,EFFORT,MAINTAIN,MAINTAIN,1.0,GENERIC_COLLAPSE,SUSTAIN_HOLD,SUSTAIN_HOLD
b9ff5bf02262,LOUD_VOICE_DIFFICULT,VOCAL_FATIGUE,EFFORT,EFFORT,MAINTAIN,MAINTAIN,1.0,GENERIC_COLLAPSE,SUSTAIN_HOLD,SUSTAIN_HOLD
b9ff5bf02262,LOUD_VOICE_DIFFICULT,AFTER_SINGING_FATIGUE,EFFORT,EFFORT,MAINTAIN,MAINTAIN,1.0,GENERIC_COLLAPSE,SUSTAIN_HOLD,SUSTAIN_HOLD
b9ff5bf02262,VOCAL_FATIGUE,AFTER_SINGING_FATIGUE,EFFORT,EFFORT,MAINTAIN,MAINTAIN,1.0,GENERIC_COLLAPSE,SUSTAIN_HOLD,SUSTAIN_HOLD
b9ff5bf02262,VOICE_TOO_THIN,VOICE_TOO_BREATHY,CONTACT,MAINTAIN,MAINTAIN,MAINTAIN,1.0,GENERIC_COLLAPSE,VOWEL_CONNECT,VOWEL_CONNECT
b9ff5bf02262,VOICE_TOO_DARK_MUFFLED,OTHER_CONCERN,PRESENCE,MAINTAIN,PRESENCE,MAINTAIN,1.0,GENERIC_COLLAPSE,ARTICULATION,ARTICULATION
b9ff5bf02262,PITCH_UNSTABLE,REGISTER_CONNECTION_DIFFICULT,STABILITY,STABILITY,STABILITY,STABILITY,1.0,GENERIC_COLLAPSE,SUSTAIN_HOLD,SUSTAIN_HOLD
b9ff5bf02262,PAIN_WHILE_SINGING,PAIN_AFTER_SINGING,SAFETY,SAFETY,SAFETY,SAFETY,0.9375,LEGITIMATE_SHARED_FOCUS,SAFETY,SAFETY
b9ff5bf02262,PAIN_WHILE_SINGING,SPEAKING_DISCOMFORT,SAFETY,SAFETY,SAFETY,SAFETY,0.9707,GENERIC_COLLAPSE,SAFETY,SAFETY
b9ff5bf02262,PAIN_WHILE_SINGING,PERSISTENT_HOARSENESS,SAFETY,SAFETY,SAFETY,SAFETY,0.948,LEGITIMATE_SHARED_FOCUS,SAFETY,SAFETY
b9ff5bf02262,PAIN_AFTER_SINGING,SPEAKING_DISCOMFORT,SAFETY,SAFETY,SAFETY,SAFETY,0.9414,LEGITIMATE_SHARED_FOCUS,SAFETY,SAFETY
b9ff5bf02262,PAIN_AFTER_SINGING,PERSISTENT_HOARSENESS,SAFETY,SAFETY,SAFETY,SAFETY,0.948,LEGITIMATE_SHARED_FOCUS,SAFETY,SAFETY
b9ff5bf02262,SPEAKING_DISCOMFORT,PERSISTENT_HOARSENESS,SAFETY,SAFETY,SAFETY,SAFETY,0.9436,LEGITIMATE_SHARED_FOCUS,SAFETY,SAFETY
bdb75679732a,HIGH_NOTE_CANNOT_REACH,HIGH_NOTE_TOO_EFFORTFUL,REGISTER_CONNECTION,REGISTER_CONNECTION,REGISTER_CONNECTION,REGISTER_CONNECTION,1.0,GENERIC_COLLAPSE,SOVT_GLIDE,SOVT_GLIDE
bdb75679732a,HIGH_NOTE_CANNOT_REACH,HIGH_NOTE_FLIPS,REGISTER_CONNECTION,REGISTER_CONNECTION,REGISTER_CONNECTION,REGISTER_CONNECTION,1.0,GENERIC_COLLAPSE,SOVT_GLIDE,SOVT_GLIDE
bdb75679732a,HIGH_NOTE_CANNOT_REACH,HIGH_NOTE_UNSTABLE,REGISTER_CONNECTION,REGISTER_CONNECTION,REGISTER_CONNECTION,REGISTER_CONNECTION,1.0,GENERIC_COLLAPSE,SOVT_GLIDE,SOVT_GLIDE
bdb75679732a,HIGH_NOTE_CANNOT_REACH,THROAT_EFFORT,REGISTER_CONNECTION,REGISTER_CONNECTION,REGISTER_CONNECTION,REGISTER_CONNECTION,1.0,GENERIC_COLLAPSE,SOVT_GLIDE,SOVT_GLIDE
bdb75679732a,HIGH_NOTE_CANNOT_REACH,LOUD_VOICE_DIFFICULT,REGISTER_CONNECTION,REGISTER_CONNECTION,REGISTER_CONNECTION,REGISTER_CONNECTION,1.0,GENERIC_COLLAPSE,SOVT_GLIDE,SOVT_GLIDE
bdb75679732a,HIGH_NOTE_CANNOT_REACH,VOCAL_FATIGUE,REGISTER_CONNECTION,REGISTER_CONNECTION,REGISTER_CONNECTION,REGISTER_CONNECTION,1.0,GENERIC_COLLAPSE,SOVT_GLIDE,SOVT_GLIDE
bdb75679732a,HIGH_NOTE_CANNOT_REACH,AFTER_SINGING_FATIGUE,REGISTER_CONNECTION,REGISTER_CONNECTION,REGISTER_CONNECTION,REGISTER_CONNECTION,1.0,GENERIC_COLLAPSE,SOVT_GLIDE,SOVT_GLIDE
bdb75679732a,HIGH_NOTE_CANNOT_REACH,PITCH_UNSTABLE,REGISTER_CONNECTION,REGISTER_CONNECTION,REGISTER_CONNECTION,REGISTER_CONNECTION,1.0,GENERIC_COLLAPSE,SOVT_GLIDE,SOVT_GLIDE
bdb75679732a,HIGH_NOTE_CANNOT_REACH,REGISTER_CONNECTION_DIFFICULT,REGISTER_CONNECTION,REGISTER_CONNECTION,REGISTER_CONNECTION,REGISTER_CONNECTION,1.0,GENERIC_COLLAPSE,SOVT_GLIDE,SOVT_GLIDE
bdb75679732a,HIGH_NOTE_TOO_EFFORTFUL,HIGH_NOTE_FLIPS,REGISTER_CONNECTION,REGISTER_CONNECTION,REGISTER_CONNECTION,REGISTER_CONNECTION,1.0,GENERIC_COLLAPSE,SOVT_GLIDE,SOVT_GLIDE
bdb75679732a,HIGH_NOTE_TOO_EFFORTFUL,HIGH_NOTE_UNSTABLE,REGISTER_CONNECTION,REGISTER_CONNECTION,REGISTER_CONNECTION,REGISTER_CONNECTION,1.0,GENERIC_COLLAPSE,SOVT_GLIDE,SOVT_GLIDE
bdb75679732a,HIGH_NOTE_TOO_EFFORTFUL,THROAT_EFFORT,REGISTER_CONNECTION,REGISTER_CONNECTION,REGISTER_CONNECTION,REGISTER_CONNECTION,1.0,GENERIC_COLLAPSE,SOVT_GLIDE,SOVT_GLIDE
bdb75679732a,HIGH_NOTE_TOO_EFFORTFUL,LOUD_VOICE_DIFFICULT,REGISTER_CONNECTION,REGISTER_CONNECTION,REGISTER_CONNECTION,REGISTER_CONNECTION,1.0,GENERIC_COLLAPSE,SOVT_GLIDE,SOVT_GLIDE
bdb75679732a,HIGH_NOTE_TOO_EFFORTFUL,VOCAL_FATIGUE,REGISTER_CONNECTION,REGISTER_CONNECTION,REGISTER_CONNECTION,REGISTER_CONNECTION,1.0,GENERIC_COLLAPSE,SOVT_GLIDE,SOVT_GLIDE
bdb75679732a,HIGH_NOTE_TOO_EFFORTFUL,AFTER_SINGING_FATIGUE,REGISTER_CONNECTION,REGISTER_CONNECTION,REGISTER_CONNECTION,REGISTER_CONNECTION,1.0,GENERIC_COLLAPSE,SOVT_GLIDE,SOVT_GLIDE
bdb75679732a,HIGH_NOTE_TOO_EFFORTFUL,PITCH_UNSTABLE,REGISTER_CONNECTION,REGISTER_CONNECTION,REGISTER_CONNECTION,REGISTER_CONNECTION,1.0,GENERIC_COLLAPSE,SOVT_GLIDE,SOVT_GLIDE
bdb75679732a,HIGH_NOTE_TOO_EFFORTFUL,REGISTER_CONNECTION_DIFFICULT,REGISTER_CONNECTION,REGISTER_CONNECTION,REGISTER_CONNECTION,REGISTER_CONNECTION,1.0,GENERIC_COLLAPSE,SOVT_GLIDE,SOVT_GLIDE
bdb75679732a,HIGH_NOTE_FLIPS,HIGH_NOTE_UNSTABLE,REGISTER_CONNECTION,REGISTER_CONNECTION,REGISTER_CONNECTION,REGISTER_CONNECTION,1.0,GENERIC_COLLAPSE,SOVT_GLIDE,SOVT_GLIDE
bdb75679732a,HIGH_NOTE_FLIPS,THROAT_EFFORT,REGISTER_CONNECTION,REGISTER_CONNECTION,REGISTER_CONNECTION,REGISTER_CONNECTION,1.0,GENERIC_COLLAPSE,SOVT_GLIDE,SOVT_GLIDE
bdb75679732a,HIGH_NOTE_FLIPS,LOUD_VOICE_DIFFICULT,REGISTER_CONNECTION,REGISTER_CONNECTION,REGISTER_CONNECTION,REGISTER_CONNECTION,1.0,GENERIC_COLLAPSE,SOVT_GLIDE,SOVT_GLIDE
bdb75679732a,HIGH_NOTE_FLIPS,VOCAL_FATIGUE,REGISTER_CONNECTION,REGISTER_CONNECTION,REGISTER_CONNECTION,REGISTER_CONNECTION,1.0,GENERIC_COLLAPSE,SOVT_GLIDE,SOVT_GLIDE
bdb75679732a,HIGH_NOTE_FLIPS,AFTER_SINGING_FATIGUE,REGISTER_CONNECTION,REGISTER_CONNECTION,REGISTER_CONNECTION,REGISTER_CONNECTION,1.0,GENERIC_COLLAPSE,SOVT_GLIDE,SOVT_GLIDE
bdb75679732a,HIGH_NOTE_FLIPS,PITCH_UNSTABLE,REGISTER_CONNECTION,REGISTER_CONNECTION,REGISTER_CONNECTION,REGISTER_CONNECTION,1.0,GENERIC_COLLAPSE,SOVT_GLIDE,SOVT_GLIDE
bdb75679732a,HIGH_NOTE_FLIPS,REGISTER_CONNECTION_DIFFICULT,REGISTER_CONNECTION,REGISTER_CONNECTION,REGISTER_CONNECTION,REGISTER_CONNECTION,1.0,GENERIC_COLLAPSE,SOVT_GLIDE,SOVT_GLIDE
bdb75679732a,HIGH_NOTE_THINS,TIMBRE_CHANGES_HIGH,REGISTER_CONNECTION,REGISTER_CONNECTION,REGISTER_CONNECTION,REGISTER_CONNECTION,1.0,GENERIC_COLLAPSE,SOVT_GLIDE,SOVT_GLIDE
bdb75679732a,HIGH_NOTE_UNSTABLE,THROAT_EFFORT,REGISTER_CONNECTION,REGISTER_CONNECTION,REGISTER_CONNECTION,REGISTER_CONNECTION,1.0,GENERIC_COLLAPSE,SOVT_GLIDE,SOVT_GLIDE
bdb75679732a,HIGH_NOTE_UNSTABLE,LOUD_VOICE_DIFFICULT,REGISTER_CONNECTION,REGISTER_CONNECTION,REGISTER_CONNECTION,REGISTER_CONNECTION,1.0,GENERIC_COLLAPSE,SOVT_GLIDE,SOVT_GLIDE
bdb75679732a,HIGH_NOTE_UNSTABLE,VOCAL_FATIGUE,REGISTER_CONNECTION,REGISTER_CONNECTION,REGISTER_CONNECTION,REGISTER_CONNECTION,1.0,GENERIC_COLLAPSE,SOVT_GLIDE,SOVT_GLIDE
bdb75679732a,HIGH_NOTE_UNSTABLE,AFTER_SINGING_FATIGUE,REGISTER_CONNECTION,REGISTER_CONNECTION,REGISTER_CONNECTION,REGISTER_CONNECTION,1.0,GENERIC_COLLAPSE,SOVT_GLIDE,SOVT_GLIDE
bdb75679732a,HIGH_NOTE_UNSTABLE,PITCH_UNSTABLE,REGISTER_CONNECTION,REGISTER_CONNECTION,REGISTER_CONNECTION,REGISTER_CONNECTION,1.0,GENERIC_COLLAPSE,SOVT_GLIDE,SOVT_GLIDE
bdb75679732a,HIGH_NOTE_UNSTABLE,REGISTER_CONNECTION_DIFFICULT,REGISTER_CONNECTION,REGISTER_CONNECTION,REGISTER_CONNECTION,REGISTER_CONNECTION,1.0,GENERIC_COLLAPSE,SOVT_GLIDE,SOVT_GLIDE
bdb75679732a,THROAT_EFFORT,LOUD_VOICE_DIFFICULT,REGISTER_CONNECTION,REGISTER_CONNECTION,REGISTER_CONNECTION,REGISTER_CONNECTION,1.0,GENERIC_COLLAPSE,SOVT_GLIDE,SOVT_GLIDE
bdb75679732a,THROAT_EFFORT,VOCAL_FATIGUE,REGISTER_CONNECTION,REGISTER_CONNECTION,REGISTER_CONNECTION,REGISTER_CONNECTION,1.0,GENERIC_COLLAPSE,SOVT_GLIDE,SOVT_GLIDE
bdb75679732a,THROAT_EFFORT,AFTER_SINGING_FATIGUE,REGISTER_CONNECTION,REGISTER_CONNECTION,REGISTER_CONNECTION,REGISTER_CONNECTION,1.0,GENERIC_COLLAPSE,SOVT_GLIDE,SOVT_GLIDE
bdb75679732a,THROAT_EFFORT,PITCH_UNSTABLE,REGISTER_CONNECTION,REGISTER_CONNECTION,REGISTER_CONNECTION,REGISTER_CONNECTION,1.0,GENERIC_COLLAPSE,SOVT_GLIDE,SOVT_GLIDE
bdb75679732a,THROAT_EFFORT,REGISTER_CONNECTION_DIFFICULT,REGISTER_CONNECTION,REGISTER_CONNECTION,REGISTER_CONNECTION,REGISTER_CONNECTION,1.0,GENERIC_COLLAPSE,SOVT_GLIDE,SOVT_GLIDE
bdb75679732a,LOUD_VOICE_DIFFICULT,VOCAL_FATIGUE,REGISTER_CONNECTION,REGISTER_CONNECTION,REGISTER_CONNECTION,REGISTER_CONNECTION,1.0,GENERIC_COLLAPSE,SOVT_GLIDE,SOVT_GLIDE
bdb75679732a,LOUD_VOICE_DIFFICULT,AFTER_SINGING_FATIGUE,REGISTER_CONNECTION,REGISTER_CONNECTION,REGISTER_CONNECTION,REGISTER_CONNECTION,1.0,GENERIC_COLLAPSE,SOVT_GLIDE,SOVT_GLIDE
bdb75679732a,LOUD_VOICE_DIFFICULT,PITCH_UNSTABLE,REGISTER_CONNECTION,REGISTER_CONNECTION,REGISTER_CONNECTION,REGISTER_CONNECTION,1.0,GENERIC_COLLAPSE,SOVT_GLIDE,SOVT_GLIDE
bdb75679732a,LOUD_VOICE_DIFFICULT,REGISTER_CONNECTION_DIFFICULT,REGISTER_CONNECTION,REGISTER_CONNECTION,REGISTER_CONNECTION,REGISTER_CONNECTION,1.0,GENERIC_COLLAPSE,SOVT_GLIDE,SOVT_GLIDE
bdb75679732a,VOCAL_FATIGUE,AFTER_SINGING_FATIGUE,REGISTER_CONNECTION,REGISTER_CONNECTION,REGISTER_CONNECTION,REGISTER_CONNECTION,1.0,GENERIC_COLLAPSE,SOVT_GLIDE,SOVT_GLIDE
bdb75679732a,VOCAL_FATIGUE,PITCH_UNSTABLE,REGISTER_CONNECTION,REGISTER_CONNECTION,REGISTER_CONNECTION,REGISTER_CONNECTION,1.0,GENERIC_COLLAPSE,SOVT_GLIDE,SOVT_GLIDE
bdb75679732a,VOCAL_FATIGUE,REGISTER_CONNECTION_DIFFICULT,REGISTER_CONNECTION,REGISTER_CONNECTION,REGISTER_CONNECTION,REGISTER_CONNECTION,1.0,GENERIC_COLLAPSE,SOVT_GLIDE,SOVT_GLIDE
bdb75679732a,AFTER_SINGING_FATIGUE,PITCH_UNSTABLE,REGISTER_CONNECTION,REGISTER_CONNECTION,REGISTER_CONNECTION,REGISTER_CONNECTION,1.0,GENERIC_COLLAPSE,SOVT_GLIDE,SOVT_GLIDE
bdb75679732a,AFTER_SINGING_FATIGUE,REGISTER_CONNECTION_DIFFICULT,REGISTER_CONNECTION,REGISTER_CONNECTION,REGISTER_CONNECTION,REGISTER_CONNECTION,1.0,GENERIC_COLLAPSE,SOVT_GLIDE,SOVT_GLIDE
bdb75679732a,PITCH_UNSTABLE,REGISTER_CONNECTION_DIFFICULT,REGISTER_CONNECTION,REGISTER_CONNECTION,REGISTER_CONNECTION,REGISTER_CONNECTION,1.0,GENERIC_COLLAPSE,SOVT_GLIDE,SOVT_GLIDE
bdb75679732a,PAIN_WHILE_SINGING,PAIN_AFTER_SINGING,SAFETY,SAFETY,SAFETY,SAFETY,0.9375,LEGITIMATE_SHARED_FOCUS,SAFETY,SAFETY
bdb75679732a,PAIN_WHILE_SINGING,SPEAKING_DISCOMFORT,SAFETY,SAFETY,SAFETY,SAFETY,0.9707,GENERIC_COLLAPSE,SAFETY,SAFETY
bdb75679732a,PAIN_WHILE_SINGING,PERSISTENT_HOARSENESS,SAFETY,SAFETY,SAFETY,SAFETY,0.948,LEGITIMATE_SHARED_FOCUS,SAFETY,SAFETY
bdb75679732a,PAIN_AFTER_SINGING,SPEAKING_DISCOMFORT,SAFETY,SAFETY,SAFETY,SAFETY,0.9414,LEGITIMATE_SHARED_FOCUS,SAFETY,SAFETY
bdb75679732a,PAIN_AFTER_SINGING,PERSISTENT_HOARSENESS,SAFETY,SAFETY,SAFETY,SAFETY,0.948,LEGITIMATE_SHARED_FOCUS,SAFETY,SAFETY
bdb75679732a,SPEAKING_DISCOMFORT,PERSISTENT_HOARSENESS,SAFETY,SAFETY,SAFETY,SAFETY,0.9436,LEGITIMATE_SHARED_FOCUS,SAFETY,SAFETY
c01fc220195f,HIGH_NOTE_CANNOT_REACH,HIGH_NOTE_TOO_EFFORTFUL,REGISTER_CONNECTION,REGISTER_CONNECTION,REGISTER_CONNECTION,REGISTER_CONNECTION,1.0,GENERIC_COLLAPSE,SOVT_GLIDE,SOVT_GLIDE
c01fc220195f,HIGH_NOTE_CANNOT_REACH,HIGH_NOTE_FLIPS,REGISTER_CONNECTION,REGISTER_CONNECTION,REGISTER_CONNECTION,REGISTER_CONNECTION,1.0,GENERIC_COLLAPSE,SOVT_GLIDE,SOVT_GLIDE
c01fc220195f,HIGH_NOTE_TOO_EFFORTFUL,HIGH_NOTE_FLIPS,REGISTER_CONNECTION,REGISTER_CONNECTION,REGISTER_CONNECTION,REGISTER_CONNECTION,1.0,GENERIC_COLLAPSE,SOVT_GLIDE,SOVT_GLIDE
c01fc220195f,HIGH_NOTE_UNSTABLE,PITCH_UNSTABLE,STABILITY,STABILITY,STABILITY,STABILITY,1.0,GENERIC_COLLAPSE,SUSTAIN_HOLD,SUSTAIN_HOLD
c01fc220195f,HIGH_NOTE_UNSTABLE,REGISTER_CONNECTION_DIFFICULT,STABILITY,STABILITY,STABILITY,STABILITY,1.0,GENERIC_COLLAPSE,SUSTAIN_HOLD,SUSTAIN_HOLD
c01fc220195f,THROAT_EFFORT,LOUD_VOICE_DIFFICULT,EFFORT,EFFORT,MAINTAIN,MAINTAIN,1.0,GENERIC_COLLAPSE,SUSTAIN_HOLD,SUSTAIN_HOLD
c01fc220195f,THROAT_EFFORT,VOCAL_FATIGUE,EFFORT,EFFORT,MAINTAIN,MAINTAIN,1.0,GENERIC_COLLAPSE,SUSTAIN_HOLD,SUSTAIN_HOLD
c01fc220195f,THROAT_EFFORT,AFTER_SINGING_FATIGUE,EFFORT,EFFORT,MAINTAIN,MAINTAIN,1.0,GENERIC_COLLAPSE,SUSTAIN_HOLD,SUSTAIN_HOLD
c01fc220195f,LOUD_VOICE_DIFFICULT,VOCAL_FATIGUE,EFFORT,EFFORT,MAINTAIN,MAINTAIN,1.0,GENERIC_COLLAPSE,SUSTAIN_HOLD,SUSTAIN_HOLD
c01fc220195f,LOUD_VOICE_DIFFICULT,AFTER_SINGING_FATIGUE,EFFORT,EFFORT,MAINTAIN,MAINTAIN,1.0,GENERIC_COLLAPSE,SUSTAIN_HOLD,SUSTAIN_HOLD
c01fc220195f,VOCAL_FATIGUE,AFTER_SINGING_FATIGUE,EFFORT,EFFORT,MAINTAIN,MAINTAIN,1.0,GENERIC_COLLAPSE,SUSTAIN_HOLD,SUSTAIN_HOLD
c01fc220195f,VOICE_TOO_DARK_MUFFLED,TIMBRE_CHANGES_HIGH,BRIGHTNESS,REGISTER_CONNECTION,TIMBRE_STYLE,REGISTER_CONNECTION,1.0,GENERIC_COLLAPSE,ARTICULATION,ARTICULATION
c01fc220195f,PITCH_UNSTABLE,REGISTER_CONNECTION_DIFFICULT,STABILITY,STABILITY,STABILITY,STABILITY,1.0,GENERIC_COLLAPSE,SUSTAIN_HOLD,SUSTAIN_HOLD
c01fc220195f,PAIN_WHILE_SINGING,PAIN_AFTER_SINGING,SAFETY,SAFETY,SAFETY,SAFETY,0.9375,LEGITIMATE_SHARED_FOCUS,SAFETY,SAFETY
c01fc220195f,PAIN_WHILE_SINGING,SPEAKING_DISCOMFORT,SAFETY,SAFETY,SAFETY,SAFETY,0.9707,GENERIC_COLLAPSE,SAFETY,SAFETY
c01fc220195f,PAIN_WHILE_SINGING,PERSISTENT_HOARSENESS,SAFETY,SAFETY,SAFETY,SAFETY,0.948,LEGITIMATE_SHARED_FOCUS,SAFETY,SAFETY
c01fc220195f,PAIN_AFTER_SINGING,SPEAKING_DISCOMFORT,SAFETY,SAFETY,SAFETY,SAFETY,0.9414,LEGITIMATE_SHARED_FOCUS,SAFETY,SAFETY
c01fc220195f,PAIN_AFTER_SINGING,PERSISTENT_HOARSENESS,SAFETY,SAFETY,SAFETY,SAFETY,0.948,LEGITIMATE_SHARED_FOCUS,SAFETY,SAFETY
c01fc220195f,SPEAKING_DISCOMFORT,PERSISTENT_HOARSENESS,SAFETY,SAFETY,SAFETY,SAFETY,0.9436,LEGITIMATE_SHARED_FOCUS,SAFETY,SAFETY
c1815547c828,HIGH_NOTE_CANNOT_REACH,HIGH_NOTE_TOO_EFFORTFUL,REGISTER_CONNECTION,REGISTER_CONNECTION,REGISTER_CONNECTION,REGISTER_CONNECTION,1.0,GENERIC_COLLAPSE,SOVT_GLIDE,SOVT_GLIDE
c1815547c828,HIGH_NOTE_CANNOT_REACH,HIGH_NOTE_FLIPS,REGISTER_CONNECTION,REGISTER_CONNECTION,REGISTER_CONNECTION,REGISTER_CONNECTION,1.0,GENERIC_COLLAPSE,SOVT_GLIDE,SOVT_GLIDE
c1815547c828,HIGH_NOTE_TOO_EFFORTFUL,HIGH_NOTE_FLIPS,REGISTER_CONNECTION,REGISTER_CONNECTION,REGISTER_CONNECTION,REGISTER_CONNECTION,1.0,GENERIC_COLLAPSE,SOVT_GLIDE,SOVT_GLIDE
c1815547c828,HIGH_NOTE_UNSTABLE,PITCH_UNSTABLE,STABILITY,STABILITY,STABILITY,STABILITY,1.0,GENERIC_COLLAPSE,SUSTAIN_HOLD,SUSTAIN_HOLD
c1815547c828,HIGH_NOTE_UNSTABLE,REGISTER_CONNECTION_DIFFICULT,STABILITY,STABILITY,STABILITY,STABILITY,1.0,GENERIC_COLLAPSE,SUSTAIN_HOLD,SUSTAIN_HOLD
c1815547c828,THROAT_EFFORT,LOUD_VOICE_DIFFICULT,EFFORT,EFFORT,MAINTAIN,MAINTAIN,1.0,GENERIC_COLLAPSE,SUSTAIN_HOLD,SUSTAIN_HOLD
c1815547c828,THROAT_EFFORT,VOCAL_FATIGUE,EFFORT,EFFORT,MAINTAIN,MAINTAIN,1.0,GENERIC_COLLAPSE,SUSTAIN_HOLD,SUSTAIN_HOLD
c1815547c828,THROAT_EFFORT,AFTER_SINGING_FATIGUE,EFFORT,EFFORT,MAINTAIN,MAINTAIN,1.0,GENERIC_COLLAPSE,SUSTAIN_HOLD,SUSTAIN_HOLD
c1815547c828,LOUD_VOICE_DIFFICULT,VOCAL_FATIGUE,EFFORT,EFFORT,MAINTAIN,MAINTAIN,1.0,GENERIC_COLLAPSE,SUSTAIN_HOLD,SUSTAIN_HOLD
c1815547c828,LOUD_VOICE_DIFFICULT,AFTER_SINGING_FATIGUE,EFFORT,EFFORT,MAINTAIN,MAINTAIN,1.0,GENERIC_COLLAPSE,SUSTAIN_HOLD,SUSTAIN_HOLD
c1815547c828,VOCAL_FATIGUE,AFTER_SINGING_FATIGUE,EFFORT,EFFORT,MAINTAIN,MAINTAIN,1.0,GENERIC_COLLAPSE,SUSTAIN_HOLD,SUSTAIN_HOLD
c1815547c828,VOICE_TOO_THIN,VOICE_TOO_BREATHY,MAINTAIN,MAINTAIN,MAINTAIN,MAINTAIN,1.0,GENERIC_COLLAPSE,VOWEL_CONNECT,VOWEL_CONNECT
c1815547c828,VOICE_TOO_DARK_MUFFLED,TIMBRE_CHANGES_HIGH,BRIGHTNESS,REGISTER_CONNECTION,TIMBRE_STYLE,REGISTER_CONNECTION,1.0,GENERIC_COLLAPSE,ARTICULATION,ARTICULATION
c1815547c828,PITCH_UNSTABLE,REGISTER_CONNECTION_DIFFICULT,STABILITY,STABILITY,STABILITY,STABILITY,1.0,GENERIC_COLLAPSE,SUSTAIN_HOLD,SUSTAIN_HOLD
c1815547c828,PAIN_WHILE_SINGING,PAIN_AFTER_SINGING,SAFETY,SAFETY,SAFETY,SAFETY,0.9375,LEGITIMATE_SHARED_FOCUS,SAFETY,SAFETY
c1815547c828,PAIN_WHILE_SINGING,SPEAKING_DISCOMFORT,SAFETY,SAFETY,SAFETY,SAFETY,0.9707,GENERIC_COLLAPSE,SAFETY,SAFETY
c1815547c828,PAIN_WHILE_SINGING,PERSISTENT_HOARSENESS,SAFETY,SAFETY,SAFETY,SAFETY,0.948,LEGITIMATE_SHARED_FOCUS,SAFETY,SAFETY
c1815547c828,PAIN_AFTER_SINGING,SPEAKING_DISCOMFORT,SAFETY,SAFETY,SAFETY,SAFETY,0.9414,LEGITIMATE_SHARED_FOCUS,SAFETY,SAFETY
c1815547c828,PAIN_AFTER_SINGING,PERSISTENT_HOARSENESS,SAFETY,SAFETY,SAFETY,SAFETY,0.948,LEGITIMATE_SHARED_FOCUS,SAFETY,SAFETY
c1815547c828,SPEAKING_DISCOMFORT,PERSISTENT_HOARSENESS,SAFETY,SAFETY,SAFETY,SAFETY,0.9436,LEGITIMATE_SHARED_FOCUS,SAFETY,SAFETY
c1f4910eafe2,HIGH_NOTE_CANNOT_REACH,HIGH_NOTE_TOO_EFFORTFUL,REGISTER_CONNECTION,REGISTER_CONNECTION,REGISTER_CONNECTION,REGISTER_CONNECTION,1.0,GENERIC_COLLAPSE,SOVT_GLIDE,SOVT_GLIDE
c1f4910eafe2,HIGH_NOTE_CANNOT_REACH,HIGH_NOTE_FLIPS,REGISTER_CONNECTION,REGISTER_CONNECTION,REGISTER_CONNECTION,REGISTER_CONNECTION,1.0,GENERIC_COLLAPSE,SOVT_GLIDE,SOVT_GLIDE
c1f4910eafe2,HIGH_NOTE_TOO_EFFORTFUL,HIGH_NOTE_FLIPS,REGISTER_CONNECTION,REGISTER_CONNECTION,REGISTER_CONNECTION,REGISTER_CONNECTION,1.0,GENERIC_COLLAPSE,SOVT_GLIDE,SOVT_GLIDE
c1f4910eafe2,HIGH_NOTE_UNSTABLE,PITCH_UNSTABLE,STABILITY,STABILITY,STABILITY,STABILITY,1.0,GENERIC_COLLAPSE,SUSTAIN_HOLD,SUSTAIN_HOLD
c1f4910eafe2,HIGH_NOTE_UNSTABLE,REGISTER_CONNECTION_DIFFICULT,STABILITY,STABILITY,STABILITY,STABILITY,1.0,GENERIC_COLLAPSE,SUSTAIN_HOLD,SUSTAIN_HOLD
c1f4910eafe2,THROAT_EFFORT,LOUD_VOICE_DIFFICULT,EFFORT,EFFORT,MAINTAIN,MAINTAIN,1.0,GENERIC_COLLAPSE,SUSTAIN_HOLD,SUSTAIN_HOLD
c1f4910eafe2,THROAT_EFFORT,VOCAL_FATIGUE,EFFORT,EFFORT,MAINTAIN,MAINTAIN,1.0,GENERIC_COLLAPSE,SUSTAIN_HOLD,SUSTAIN_HOLD
c1f4910eafe2,THROAT_EFFORT,AFTER_SINGING_FATIGUE,EFFORT,EFFORT,MAINTAIN,MAINTAIN,1.0,GENERIC_COLLAPSE,SUSTAIN_HOLD,SUSTAIN_HOLD
c1f4910eafe2,LOUD_VOICE_DIFFICULT,VOCAL_FATIGUE,EFFORT,EFFORT,MAINTAIN,MAINTAIN,1.0,GENERIC_COLLAPSE,SUSTAIN_HOLD,SUSTAIN_HOLD
c1f4910eafe2,LOUD_VOICE_DIFFICULT,AFTER_SINGING_FATIGUE,EFFORT,EFFORT,MAINTAIN,MAINTAIN,1.0,GENERIC_COLLAPSE,SUSTAIN_HOLD,SUSTAIN_HOLD
c1f4910eafe2,VOCAL_FATIGUE,AFTER_SINGING_FATIGUE,EFFORT,EFFORT,MAINTAIN,MAINTAIN,1.0,GENERIC_COLLAPSE,SUSTAIN_HOLD,SUSTAIN_HOLD
c1f4910eafe2,VOICE_TOO_THIN,VOICE_TOO_BREATHY,MAINTAIN,TIMBRE,MAINTAIN,TIMBRE_STYLE,1.0,GENERIC_COLLAPSE,VOWEL_CONNECT,VOWEL_CONNECT
c1f4910eafe2,VOICE_TOO_DARK_MUFFLED,OTHER_CONCERN,PRESENCE,MAINTAIN,PRESENCE,MAINTAIN,1.0,GENERIC_COLLAPSE,ARTICULATION,ARTICULATION
c1f4910eafe2,PITCH_UNSTABLE,REGISTER_CONNECTION_DIFFICULT,STABILITY,STABILITY,STABILITY,STABILITY,1.0,GENERIC_COLLAPSE,SUSTAIN_HOLD,SUSTAIN_HOLD
c1f4910eafe2,PAIN_WHILE_SINGING,PAIN_AFTER_SINGING,SAFETY,SAFETY,SAFETY,SAFETY,0.9375,LEGITIMATE_SHARED_FOCUS,SAFETY,SAFETY
c1f4910eafe2,PAIN_WHILE_SINGING,SPEAKING_DISCOMFORT,SAFETY,SAFETY,SAFETY,SAFETY,0.9707,GENERIC_COLLAPSE,SAFETY,SAFETY
c1f4910eafe2,PAIN_WHILE_SINGING,PERSISTENT_HOARSENESS,SAFETY,SAFETY,SAFETY,SAFETY,0.948,LEGITIMATE_SHARED_FOCUS,SAFETY,SAFETY
c1f4910eafe2,PAIN_AFTER_SINGING,SPEAKING_DISCOMFORT,SAFETY,SAFETY,SAFETY,SAFETY,0.9414,LEGITIMATE_SHARED_FOCUS,SAFETY,SAFETY
c1f4910eafe2,PAIN_AFTER_SINGING,PERSISTENT_HOARSENESS,SAFETY,SAFETY,SAFETY,SAFETY,0.948,LEGITIMATE_SHARED_FOCUS,SAFETY,SAFETY
c1f4910eafe2,SPEAKING_DISCOMFORT,PERSISTENT_HOARSENESS,SAFETY,SAFETY,SAFETY,SAFETY,0.9436,LEGITIMATE_SHARED_FOCUS,SAFETY,SAFETY
c3fca76b89b8,HIGH_NOTE_CANNOT_REACH,HIGH_NOTE_TOO_EFFORTFUL,REGISTER_CONNECTION,REGISTER_CONNECTION,REGISTER_CONNECTION,REGISTER_CONNECTION,1.0,GENERIC_COLLAPSE,SOVT_GLIDE,SOVT_GLIDE
c3fca76b89b8,HIGH_NOTE_CANNOT_REACH,HIGH_NOTE_FLIPS,REGISTER_CONNECTION,REGISTER_CONNECTION,REGISTER_CONNECTION,REGISTER_CONNECTION,1.0,GENERIC_COLLAPSE,SOVT_GLIDE,SOVT_GLIDE
c3fca76b89b8,HIGH_NOTE_CANNOT_REACH,HIGH_NOTE_UNSTABLE,REGISTER_CONNECTION,REGISTER_CONNECTION,REGISTER_CONNECTION,REGISTER_CONNECTION,1.0,GENERIC_COLLAPSE,SOVT_GLIDE,SOVT_GLIDE
c3fca76b89b8,HIGH_NOTE_CANNOT_REACH,THROAT_EFFORT,REGISTER_CONNECTION,REGISTER_CONNECTION,REGISTER_CONNECTION,REGISTER_CONNECTION,1.0,GENERIC_COLLAPSE,SOVT_GLIDE,SOVT_GLIDE
c3fca76b89b8,HIGH_NOTE_CANNOT_REACH,LOUD_VOICE_DIFFICULT,REGISTER_CONNECTION,REGISTER_CONNECTION,REGISTER_CONNECTION,REGISTER_CONNECTION,1.0,GENERIC_COLLAPSE,SOVT_GLIDE,SOVT_GLIDE
c3fca76b89b8,HIGH_NOTE_CANNOT_REACH,VOCAL_FATIGUE,REGISTER_CONNECTION,REGISTER_CONNECTION,REGISTER_CONNECTION,REGISTER_CONNECTION,1.0,GENERIC_COLLAPSE,SOVT_GLIDE,SOVT_GLIDE
c3fca76b89b8,HIGH_NOTE_CANNOT_REACH,AFTER_SINGING_FATIGUE,REGISTER_CONNECTION,REGISTER_CONNECTION,REGISTER_CONNECTION,REGISTER_CONNECTION,1.0,GENERIC_COLLAPSE,SOVT_GLIDE,SOVT_GLIDE
c3fca76b89b8,HIGH_NOTE_CANNOT_REACH,PITCH_UNSTABLE,REGISTER_CONNECTION,REGISTER_CONNECTION,REGISTER_CONNECTION,REGISTER_CONNECTION,1.0,GENERIC_COLLAPSE,SOVT_GLIDE,SOVT_GLIDE
c3fca76b89b8,HIGH_NOTE_CANNOT_REACH,REGISTER_CONNECTION_DIFFICULT,REGISTER_CONNECTION,REGISTER_CONNECTION,REGISTER_CONNECTION,REGISTER_CONNECTION,1.0,GENERIC_COLLAPSE,SOVT_GLIDE,SOVT_GLIDE
c3fca76b89b8,HIGH_NOTE_TOO_EFFORTFUL,HIGH_NOTE_FLIPS,REGISTER_CONNECTION,REGISTER_CONNECTION,REGISTER_CONNECTION,REGISTER_CONNECTION,1.0,GENERIC_COLLAPSE,SOVT_GLIDE,SOVT_GLIDE
c3fca76b89b8,HIGH_NOTE_TOO_EFFORTFUL,HIGH_NOTE_UNSTABLE,REGISTER_CONNECTION,REGISTER_CONNECTION,REGISTER_CONNECTION,REGISTER_CONNECTION,1.0,GENERIC_COLLAPSE,SOVT_GLIDE,SOVT_GLIDE
c3fca76b89b8,HIGH_NOTE_TOO_EFFORTFUL,THROAT_EFFORT,REGISTER_CONNECTION,REGISTER_CONNECTION,REGISTER_CONNECTION,REGISTER_CONNECTION,1.0,GENERIC_COLLAPSE,SOVT_GLIDE,SOVT_GLIDE
c3fca76b89b8,HIGH_NOTE_TOO_EFFORTFUL,LOUD_VOICE_DIFFICULT,REGISTER_CONNECTION,REGISTER_CONNECTION,REGISTER_CONNECTION,REGISTER_CONNECTION,1.0,GENERIC_COLLAPSE,SOVT_GLIDE,SOVT_GLIDE
c3fca76b89b8,HIGH_NOTE_TOO_EFFORTFUL,VOCAL_FATIGUE,REGISTER_CONNECTION,REGISTER_CONNECTION,REGISTER_CONNECTION,REGISTER_CONNECTION,1.0,GENERIC_COLLAPSE,SOVT_GLIDE,SOVT_GLIDE
c3fca76b89b8,HIGH_NOTE_TOO_EFFORTFUL,AFTER_SINGING_FATIGUE,REGISTER_CONNECTION,REGISTER_CONNECTION,REGISTER_CONNECTION,REGISTER_CONNECTION,1.0,GENERIC_COLLAPSE,SOVT_GLIDE,SOVT_GLIDE
c3fca76b89b8,HIGH_NOTE_TOO_EFFORTFUL,PITCH_UNSTABLE,REGISTER_CONNECTION,REGISTER_CONNECTION,REGISTER_CONNECTION,REGISTER_CONNECTION,1.0,GENERIC_COLLAPSE,SOVT_GLIDE,SOVT_GLIDE
c3fca76b89b8,HIGH_NOTE_TOO_EFFORTFUL,REGISTER_CONNECTION_DIFFICULT,REGISTER_CONNECTION,REGISTER_CONNECTION,REGISTER_CONNECTION,REGISTER_CONNECTION,1.0,GENERIC_COLLAPSE,SOVT_GLIDE,SOVT_GLIDE
c3fca76b89b8,HIGH_NOTE_FLIPS,HIGH_NOTE_UNSTABLE,REGISTER_CONNECTION,REGISTER_CONNECTION,REGISTER_CONNECTION,REGISTER_CONNECTION,1.0,GENERIC_COLLAPSE,SOVT_GLIDE,SOVT_GLIDE
c3fca76b89b8,HIGH_NOTE_FLIPS,THROAT_EFFORT,REGISTER_CONNECTION,REGISTER_CONNECTION,REGISTER_CONNECTION,REGISTER_CONNECTION,1.0,GENERIC_COLLAPSE,SOVT_GLIDE,SOVT_GLIDE
c3fca76b89b8,HIGH_NOTE_FLIPS,LOUD_VOICE_DIFFICULT,REGISTER_CONNECTION,REGISTER_CONNECTION,REGISTER_CONNECTION,REGISTER_CONNECTION,1.0,GENERIC_COLLAPSE,SOVT_GLIDE,SOVT_GLIDE
c3fca76b89b8,HIGH_NOTE_FLIPS,VOCAL_FATIGUE,REGISTER_CONNECTION,REGISTER_CONNECTION,REGISTER_CONNECTION,REGISTER_CONNECTION,1.0,GENERIC_COLLAPSE,SOVT_GLIDE,SOVT_GLIDE
c3fca76b89b8,HIGH_NOTE_FLIPS,AFTER_SINGING_FATIGUE,REGISTER_CONNECTION,REGISTER_CONNECTION,REGISTER_CONNECTION,REGISTER_CONNECTION,1.0,GENERIC_COLLAPSE,SOVT_GLIDE,SOVT_GLIDE
c3fca76b89b8,HIGH_NOTE_FLIPS,PITCH_UNSTABLE,REGISTER_CONNECTION,REGISTER_CONNECTION,REGISTER_CONNECTION,REGISTER_CONNECTION,1.0,GENERIC_COLLAPSE,SOVT_GLIDE,SOVT_GLIDE
c3fca76b89b8,HIGH_NOTE_FLIPS,REGISTER_CONNECTION_DIFFICULT,REGISTER_CONNECTION,REGISTER_CONNECTION,REGISTER_CONNECTION,REGISTER_CONNECTION,1.0,GENERIC_COLLAPSE,SOVT_GLIDE,SOVT_GLIDE
c3fca76b89b8,HIGH_NOTE_THINS,TIMBRE_CHANGES_HIGH,REGISTER_CONNECTION,REGISTER_CONNECTION,REGISTER_CONNECTION,REGISTER_CONNECTION,1.0,GENERIC_COLLAPSE,SOVT_GLIDE,SOVT_GLIDE
c3fca76b89b8,HIGH_NOTE_UNSTABLE,THROAT_EFFORT,REGISTER_CONNECTION,REGISTER_CONNECTION,REGISTER_CONNECTION,REGISTER_CONNECTION,1.0,GENERIC_COLLAPSE,SOVT_GLIDE,SOVT_GLIDE
c3fca76b89b8,HIGH_NOTE_UNSTABLE,LOUD_VOICE_DIFFICULT,REGISTER_CONNECTION,REGISTER_CONNECTION,REGISTER_CONNECTION,REGISTER_CONNECTION,1.0,GENERIC_COLLAPSE,SOVT_GLIDE,SOVT_GLIDE
c3fca76b89b8,HIGH_NOTE_UNSTABLE,VOCAL_FATIGUE,REGISTER_CONNECTION,REGISTER_CONNECTION,REGISTER_CONNECTION,REGISTER_CONNECTION,1.0,GENERIC_COLLAPSE,SOVT_GLIDE,SOVT_GLIDE
c3fca76b89b8,HIGH_NOTE_UNSTABLE,AFTER_SINGING_FATIGUE,REGISTER_CONNECTION,REGISTER_CONNECTION,REGISTER_CONNECTION,REGISTER_CONNECTION,1.0,GENERIC_COLLAPSE,SOVT_GLIDE,SOVT_GLIDE
c3fca76b89b8,HIGH_NOTE_UNSTABLE,PITCH_UNSTABLE,REGISTER_CONNECTION,REGISTER_CONNECTION,REGISTER_CONNECTION,REGISTER_CONNECTION,1.0,GENERIC_COLLAPSE,SOVT_GLIDE,SOVT_GLIDE
c3fca76b89b8,HIGH_NOTE_UNSTABLE,REGISTER_CONNECTION_DIFFICULT,REGISTER_CONNECTION,REGISTER_CONNECTION,REGISTER_CONNECTION,REGISTER_CONNECTION,1.0,GENERIC_COLLAPSE,SOVT_GLIDE,SOVT_GLIDE
c3fca76b89b8,THROAT_EFFORT,LOUD_VOICE_DIFFICULT,REGISTER_CONNECTION,REGISTER_CONNECTION,REGISTER_CONNECTION,REGISTER_CONNECTION,1.0,GENERIC_COLLAPSE,SOVT_GLIDE,SOVT_GLIDE
c3fca76b89b8,THROAT_EFFORT,VOCAL_FATIGUE,REGISTER_CONNECTION,REGISTER_CONNECTION,REGISTER_CONNECTION,REGISTER_CONNECTION,1.0,GENERIC_COLLAPSE,SOVT_GLIDE,SOVT_GLIDE
c3fca76b89b8,THROAT_EFFORT,AFTER_SINGING_FATIGUE,REGISTER_CONNECTION,REGISTER_CONNECTION,REGISTER_CONNECTION,REGISTER_CONNECTION,1.0,GENERIC_COLLAPSE,SOVT_GLIDE,SOVT_GLIDE
c3fca76b89b8,THROAT_EFFORT,PITCH_UNSTABLE,REGISTER_CONNECTION,REGISTER_CONNECTION,REGISTER_CONNECTION,REGISTER_CONNECTION,1.0,GENERIC_COLLAPSE,SOVT_GLIDE,SOVT_GLIDE
c3fca76b89b8,THROAT_EFFORT,REGISTER_CONNECTION_DIFFICULT,REGISTER_CONNECTION,REGISTER_CONNECTION,REGISTER_CONNECTION,REGISTER_CONNECTION,1.0,GENERIC_COLLAPSE,SOVT_GLIDE,SOVT_GLIDE
c3fca76b89b8,LOUD_VOICE_DIFFICULT,VOCAL_FATIGUE,REGISTER_CONNECTION,REGISTER_CONNECTION,REGISTER_CONNECTION,REGISTER_CONNECTION,1.0,GENERIC_COLLAPSE,SOVT_GLIDE,SOVT_GLIDE
c3fca76b89b8,LOUD_VOICE_DIFFICULT,AFTER_SINGING_FATIGUE,REGISTER_CONNECTION,REGISTER_CONNECTION,REGISTER_CONNECTION,REGISTER_CONNECTION,1.0,GENERIC_COLLAPSE,SOVT_GLIDE,SOVT_GLIDE
c3fca76b89b8,LOUD_VOICE_DIFFICULT,PITCH_UNSTABLE,REGISTER_CONNECTION,REGISTER_CONNECTION,REGISTER_CONNECTION,REGISTER_CONNECTION,1.0,GENERIC_COLLAPSE,SOVT_GLIDE,SOVT_GLIDE
c3fca76b89b8,LOUD_VOICE_DIFFICULT,REGISTER_CONNECTION_DIFFICULT,REGISTER_CONNECTION,REGISTER_CONNECTION,REGISTER_CONNECTION,REGISTER_CONNECTION,1.0,GENERIC_COLLAPSE,SOVT_GLIDE,SOVT_GLIDE
c3fca76b89b8,VOCAL_FATIGUE,AFTER_SINGING_FATIGUE,REGISTER_CONNECTION,REGISTER_CONNECTION,REGISTER_CONNECTION,REGISTER_CONNECTION,1.0,GENERIC_COLLAPSE,SOVT_GLIDE,SOVT_GLIDE
c3fca76b89b8,VOCAL_FATIGUE,PITCH_UNSTABLE,REGISTER_CONNECTION,REGISTER_CONNECTION,REGISTER_CONNECTION,REGISTER_CONNECTION,1.0,GENERIC_COLLAPSE,SOVT_GLIDE,SOVT_GLIDE
c3fca76b89b8,VOCAL_FATIGUE,REGISTER_CONNECTION_DIFFICULT,REGISTER_CONNECTION,REGISTER_CONNECTION,REGISTER_CONNECTION,REGISTER_CONNECTION,1.0,GENERIC_COLLAPSE,SOVT_GLIDE,SOVT_GLIDE
c3fca76b89b8,AFTER_SINGING_FATIGUE,PITCH_UNSTABLE,REGISTER_CONNECTION,REGISTER_CONNECTION,REGISTER_CONNECTION,REGISTER_CONNECTION,1.0,GENERIC_COLLAPSE,SOVT_GLIDE,SOVT_GLIDE
c3fca76b89b8,AFTER_SINGING_FATIGUE,REGISTER_CONNECTION_DIFFICULT,REGISTER_CONNECTION,REGISTER_CONNECTION,REGISTER_CONNECTION,REGISTER_CONNECTION,1.0,GENERIC_COLLAPSE,SOVT_GLIDE,SOVT_GLIDE
c3fca76b89b8,PITCH_UNSTABLE,REGISTER_CONNECTION_DIFFICULT,REGISTER_CONNECTION,REGISTER_CONNECTION,REGISTER_CONNECTION,REGISTER_CONNECTION,1.0,GENERIC_COLLAPSE,SOVT_GLIDE,SOVT_GLIDE
c3fca76b89b8,PAIN_WHILE_SINGING,PAIN_AFTER_SINGING,SAFETY,SAFETY,SAFETY,SAFETY,0.9375,LEGITIMATE_SHARED_FOCUS,SAFETY,SAFETY
c3fca76b89b8,PAIN_WHILE_SINGING,SPEAKING_DISCOMFORT,SAFETY,SAFETY,SAFETY,SAFETY,0.9707,GENERIC_COLLAPSE,SAFETY,SAFETY
c3fca76b89b8,PAIN_WHILE_SINGING,PERSISTENT_HOARSENESS,SAFETY,SAFETY,SAFETY,SAFETY,0.948,LEGITIMATE_SHARED_FOCUS,SAFETY,SAFETY
c3fca76b89b8,PAIN_AFTER_SINGING,SPEAKING_DISCOMFORT,SAFETY,SAFETY,SAFETY,SAFETY,0.9414,LEGITIMATE_SHARED_FOCUS,SAFETY,SAFETY
c3fca76b89b8,PAIN_AFTER_SINGING,PERSISTENT_HOARSENESS,SAFETY,SAFETY,SAFETY,SAFETY,0.948,LEGITIMATE_SHARED_FOCUS,SAFETY,SAFETY
c3fca76b89b8,SPEAKING_DISCOMFORT,PERSISTENT_HOARSENESS,SAFETY,SAFETY,SAFETY,SAFETY,0.9436,LEGITIMATE_SHARED_FOCUS,SAFETY,SAFETY
c5b20be3c802,HIGH_NOTE_CANNOT_REACH,HIGH_NOTE_TOO_EFFORTFUL,REGISTER_CONNECTION,REGISTER_CONNECTION,REGISTER_CONNECTION,REGISTER_CONNECTION,1.0,GENERIC_COLLAPSE,SOVT_GLIDE,SOVT_GLIDE
c5b20be3c802,HIGH_NOTE_CANNOT_REACH,HIGH_NOTE_FLIPS,REGISTER_CONNECTION,REGISTER_CONNECTION,REGISTER_CONNECTION,REGISTER_CONNECTION,1.0,GENERIC_COLLAPSE,SOVT_GLIDE,SOVT_GLIDE
c5b20be3c802,HIGH_NOTE_TOO_EFFORTFUL,HIGH_NOTE_FLIPS,REGISTER_CONNECTION,REGISTER_CONNECTION,REGISTER_CONNECTION,REGISTER_CONNECTION,1.0,GENERIC_COLLAPSE,SOVT_GLIDE,SOVT_GLIDE
c5b20be3c802,HIGH_NOTE_UNSTABLE,PITCH_UNSTABLE,STABILITY,STABILITY,STABILITY,STABILITY,1.0,GENERIC_COLLAPSE,SUSTAIN_HOLD,SUSTAIN_HOLD
c5b20be3c802,HIGH_NOTE_UNSTABLE,REGISTER_CONNECTION_DIFFICULT,STABILITY,STABILITY,STABILITY,STABILITY,1.0,GENERIC_COLLAPSE,SUSTAIN_HOLD,SUSTAIN_HOLD
c5b20be3c802,THROAT_EFFORT,LOUD_VOICE_DIFFICULT,EFFORT,EFFORT,MAINTAIN,MAINTAIN,1.0,GENERIC_COLLAPSE,SUSTAIN_HOLD,SUSTAIN_HOLD
c5b20be3c802,THROAT_EFFORT,VOCAL_FATIGUE,EFFORT,EFFORT,MAINTAIN,MAINTAIN,1.0,GENERIC_COLLAPSE,SUSTAIN_HOLD,SUSTAIN_HOLD
c5b20be3c802,THROAT_EFFORT,AFTER_SINGING_FATIGUE,EFFORT,EFFORT,MAINTAIN,MAINTAIN,1.0,GENERIC_COLLAPSE,SUSTAIN_HOLD,SUSTAIN_HOLD
c5b20be3c802,LOUD_VOICE_DIFFICULT,VOCAL_FATIGUE,EFFORT,EFFORT,MAINTAIN,MAINTAIN,1.0,GENERIC_COLLAPSE,SUSTAIN_HOLD,SUSTAIN_HOLD
c5b20be3c802,LOUD_VOICE_DIFFICULT,AFTER_SINGING_FATIGUE,EFFORT,EFFORT,MAINTAIN,MAINTAIN,1.0,GENERIC_COLLAPSE,SUSTAIN_HOLD,SUSTAIN_HOLD
c5b20be3c802,VOCAL_FATIGUE,AFTER_SINGING_FATIGUE,EFFORT,EFFORT,MAINTAIN,MAINTAIN,1.0,GENERIC_COLLAPSE,SUSTAIN_HOLD,SUSTAIN_HOLD
c5b20be3c802,VOICE_TOO_THIN,VOICE_TOO_BREATHY,MAINTAIN,MAINTAIN,MAINTAIN,MAINTAIN,1.0,GENERIC_COLLAPSE,VOWEL_CONNECT,VOWEL_CONNECT
c5b20be3c802,VOICE_TOO_DARK_MUFFLED,OTHER_CONCERN,PRESENCE,MAINTAIN,PRESENCE,MAINTAIN,1.0,GENERIC_COLLAPSE,ARTICULATION,ARTICULATION
c5b20be3c802,PITCH_UNSTABLE,REGISTER_CONNECTION_DIFFICULT,STABILITY,STABILITY,STABILITY,STABILITY,1.0,GENERIC_COLLAPSE,SUSTAIN_HOLD,SUSTAIN_HOLD
c5b20be3c802,PAIN_WHILE_SINGING,PAIN_AFTER_SINGING,SAFETY,SAFETY,SAFETY,SAFETY,0.9375,LEGITIMATE_SHARED_FOCUS,SAFETY,SAFETY
c5b20be3c802,PAIN_WHILE_SINGING,SPEAKING_DISCOMFORT,SAFETY,SAFETY,SAFETY,SAFETY,0.9707,GENERIC_COLLAPSE,SAFETY,SAFETY
c5b20be3c802,PAIN_WHILE_SINGING,PERSISTENT_HOARSENESS,SAFETY,SAFETY,SAFETY,SAFETY,0.948,LEGITIMATE_SHARED_FOCUS,SAFETY,SAFETY
c5b20be3c802,PAIN_AFTER_SINGING,SPEAKING_DISCOMFORT,SAFETY,SAFETY,SAFETY,SAFETY,0.9414,LEGITIMATE_SHARED_FOCUS,SAFETY,SAFETY
c5b20be3c802,PAIN_AFTER_SINGING,PERSISTENT_HOARSENESS,SAFETY,SAFETY,SAFETY,SAFETY,0.948,LEGITIMATE_SHARED_FOCUS,SAFETY,SAFETY
c5b20be3c802,SPEAKING_DISCOMFORT,PERSISTENT_HOARSENESS,SAFETY,SAFETY,SAFETY,SAFETY,0.9436,LEGITIMATE_SHARED_FOCUS,SAFETY,SAFETY
c5cd93ed40a3,HIGH_NOTE_CANNOT_REACH,HIGH_NOTE_TOO_EFFORTFUL,REGISTER_CONNECTION,REGISTER_CONNECTION,REGISTER_CONNECTION,REGISTER_CONNECTION,1.0,GENERIC_COLLAPSE,SOVT_GLIDE,SOVT_GLIDE
c5cd93ed40a3,HIGH_NOTE_CANNOT_REACH,HIGH_NOTE_FLIPS,REGISTER_CONNECTION,REGISTER_CONNECTION,REGISTER_CONNECTION,REGISTER_CONNECTION,1.0,GENERIC_COLLAPSE,SOVT_GLIDE,SOVT_GLIDE
c5cd93ed40a3,HIGH_NOTE_TOO_EFFORTFUL,HIGH_NOTE_FLIPS,REGISTER_CONNECTION,REGISTER_CONNECTION,REGISTER_CONNECTION,REGISTER_CONNECTION,1.0,GENERIC_COLLAPSE,SOVT_GLIDE,SOVT_GLIDE
c5cd93ed40a3,HIGH_NOTE_UNSTABLE,PITCH_UNSTABLE,STABILITY,STABILITY,STABILITY,STABILITY,1.0,GENERIC_COLLAPSE,SUSTAIN_HOLD,SUSTAIN_HOLD
c5cd93ed40a3,HIGH_NOTE_UNSTABLE,REGISTER_CONNECTION_DIFFICULT,STABILITY,STABILITY,STABILITY,STABILITY,1.0,GENERIC_COLLAPSE,SUSTAIN_HOLD,SUSTAIN_HOLD
c5cd93ed40a3,THROAT_EFFORT,LOUD_VOICE_DIFFICULT,EFFORT,EFFORT,MAINTAIN,MAINTAIN,1.0,GENERIC_COLLAPSE,SUSTAIN_HOLD,SUSTAIN_HOLD
c5cd93ed40a3,THROAT_EFFORT,VOCAL_FATIGUE,EFFORT,EFFORT,MAINTAIN,MAINTAIN,1.0,GENERIC_COLLAPSE,SUSTAIN_HOLD,SUSTAIN_HOLD
c5cd93ed40a3,THROAT_EFFORT,AFTER_SINGING_FATIGUE,EFFORT,EFFORT,MAINTAIN,MAINTAIN,1.0,GENERIC_COLLAPSE,SUSTAIN_HOLD,SUSTAIN_HOLD
c5cd93ed40a3,LOUD_VOICE_DIFFICULT,VOCAL_FATIGUE,EFFORT,EFFORT,MAINTAIN,MAINTAIN,1.0,GENERIC_COLLAPSE,SUSTAIN_HOLD,SUSTAIN_HOLD
c5cd93ed40a3,LOUD_VOICE_DIFFICULT,AFTER_SINGING_FATIGUE,EFFORT,EFFORT,MAINTAIN,MAINTAIN,1.0,GENERIC_COLLAPSE,SUSTAIN_HOLD,SUSTAIN_HOLD
c5cd93ed40a3,VOCAL_FATIGUE,AFTER_SINGING_FATIGUE,EFFORT,EFFORT,MAINTAIN,MAINTAIN,1.0,GENERIC_COLLAPSE,SUSTAIN_HOLD,SUSTAIN_HOLD
c5cd93ed40a3,VOICE_TOO_DARK_MUFFLED,TIMBRE_CHANGES_HIGH,BRIGHTNESS,REGISTER_CONNECTION,TIMBRE_STYLE,REGISTER_CONNECTION,1.0,GENERIC_COLLAPSE,ARTICULATION,ARTICULATION
c5cd93ed40a3,PITCH_UNSTABLE,REGISTER_CONNECTION_DIFFICULT,STABILITY,STABILITY,STABILITY,STABILITY,1.0,GENERIC_COLLAPSE,SUSTAIN_HOLD,SUSTAIN_HOLD
c5cd93ed40a3,PAIN_WHILE_SINGING,PAIN_AFTER_SINGING,SAFETY,SAFETY,SAFETY,SAFETY,0.9375,LEGITIMATE_SHARED_FOCUS,SAFETY,SAFETY
c5cd93ed40a3,PAIN_WHILE_SINGING,SPEAKING_DISCOMFORT,SAFETY,SAFETY,SAFETY,SAFETY,0.9707,GENERIC_COLLAPSE,SAFETY,SAFETY
c5cd93ed40a3,PAIN_WHILE_SINGING,PERSISTENT_HOARSENESS,SAFETY,SAFETY,SAFETY,SAFETY,0.948,LEGITIMATE_SHARED_FOCUS,SAFETY,SAFETY
c5cd93ed40a3,PAIN_AFTER_SINGING,SPEAKING_DISCOMFORT,SAFETY,SAFETY,SAFETY,SAFETY,0.9414,LEGITIMATE_SHARED_FOCUS,SAFETY,SAFETY
c5cd93ed40a3,PAIN_AFTER_SINGING,PERSISTENT_HOARSENESS,SAFETY,SAFETY,SAFETY,SAFETY,0.948,LEGITIMATE_SHARED_FOCUS,SAFETY,SAFETY
c5cd93ed40a3,SPEAKING_DISCOMFORT,PERSISTENT_HOARSENESS,SAFETY,SAFETY,SAFETY,SAFETY,0.9436,LEGITIMATE_SHARED_FOCUS,SAFETY,SAFETY
c8d4b24b6f55,HIGH_NOTE_CANNOT_REACH,HIGH_NOTE_TOO_EFFORTFUL,REGISTER_CONNECTION,REGISTER_CONNECTION,REGISTER_CONNECTION,REGISTER_CONNECTION,1.0,GENERIC_COLLAPSE,SOVT_GLIDE,SOVT_GLIDE
c8d4b24b6f55,HIGH_NOTE_CANNOT_REACH,HIGH_NOTE_FLIPS,REGISTER_CONNECTION,REGISTER_CONNECTION,REGISTER_CONNECTION,REGISTER_CONNECTION,1.0,GENERIC_COLLAPSE,SOVT_GLIDE,SOVT_GLIDE
c8d4b24b6f55,HIGH_NOTE_CANNOT_REACH,HIGH_NOTE_UNSTABLE,REGISTER_CONNECTION,REGISTER_CONNECTION,REGISTER_CONNECTION,REGISTER_CONNECTION,1.0,GENERIC_COLLAPSE,SOVT_GLIDE,SOVT_GLIDE
c8d4b24b6f55,HIGH_NOTE_CANNOT_REACH,THROAT_EFFORT,REGISTER_CONNECTION,REGISTER_CONNECTION,REGISTER_CONNECTION,REGISTER_CONNECTION,1.0,GENERIC_COLLAPSE,SOVT_GLIDE,SOVT_GLIDE
c8d4b24b6f55,HIGH_NOTE_CANNOT_REACH,LOUD_VOICE_DIFFICULT,REGISTER_CONNECTION,REGISTER_CONNECTION,REGISTER_CONNECTION,REGISTER_CONNECTION,1.0,GENERIC_COLLAPSE,SOVT_GLIDE,SOVT_GLIDE
c8d4b24b6f55,HIGH_NOTE_CANNOT_REACH,VOCAL_FATIGUE,REGISTER_CONNECTION,REGISTER_CONNECTION,REGISTER_CONNECTION,REGISTER_CONNECTION,1.0,GENERIC_COLLAPSE,SOVT_GLIDE,SOVT_GLIDE
c8d4b24b6f55,HIGH_NOTE_CANNOT_REACH,AFTER_SINGING_FATIGUE,REGISTER_CONNECTION,REGISTER_CONNECTION,REGISTER_CONNECTION,REGISTER_CONNECTION,1.0,GENERIC_COLLAPSE,SOVT_GLIDE,SOVT_GLIDE
c8d4b24b6f55,HIGH_NOTE_CANNOT_REACH,PITCH_UNSTABLE,REGISTER_CONNECTION,REGISTER_CONNECTION,REGISTER_CONNECTION,REGISTER_CONNECTION,1.0,GENERIC_COLLAPSE,SOVT_GLIDE,SOVT_GLIDE
c8d4b24b6f55,HIGH_NOTE_CANNOT_REACH,REGISTER_CONNECTION_DIFFICULT,REGISTER_CONNECTION,REGISTER_CONNECTION,REGISTER_CONNECTION,REGISTER_CONNECTION,1.0,GENERIC_COLLAPSE,SOVT_GLIDE,SOVT_GLIDE
c8d4b24b6f55,HIGH_NOTE_TOO_EFFORTFUL,HIGH_NOTE_FLIPS,REGISTER_CONNECTION,REGISTER_CONNECTION,REGISTER_CONNECTION,REGISTER_CONNECTION,1.0,GENERIC_COLLAPSE,SOVT_GLIDE,SOVT_GLIDE
c8d4b24b6f55,HIGH_NOTE_TOO_EFFORTFUL,HIGH_NOTE_UNSTABLE,REGISTER_CONNECTION,REGISTER_CONNECTION,REGISTER_CONNECTION,REGISTER_CONNECTION,1.0,GENERIC_COLLAPSE,SOVT_GLIDE,SOVT_GLIDE
c8d4b24b6f55,HIGH_NOTE_TOO_EFFORTFUL,THROAT_EFFORT,REGISTER_CONNECTION,REGISTER_CONNECTION,REGISTER_CONNECTION,REGISTER_CONNECTION,1.0,GENERIC_COLLAPSE,SOVT_GLIDE,SOVT_GLIDE
c8d4b24b6f55,HIGH_NOTE_TOO_EFFORTFUL,LOUD_VOICE_DIFFICULT,REGISTER_CONNECTION,REGISTER_CONNECTION,REGISTER_CONNECTION,REGISTER_CONNECTION,1.0,GENERIC_COLLAPSE,SOVT_GLIDE,SOVT_GLIDE
c8d4b24b6f55,HIGH_NOTE_TOO_EFFORTFUL,VOCAL_FATIGUE,REGISTER_CONNECTION,REGISTER_CONNECTION,REGISTER_CONNECTION,REGISTER_CONNECTION,1.0,GENERIC_COLLAPSE,SOVT_GLIDE,SOVT_GLIDE
c8d4b24b6f55,HIGH_NOTE_TOO_EFFORTFUL,AFTER_SINGING_FATIGUE,REGISTER_CONNECTION,REGISTER_CONNECTION,REGISTER_CONNECTION,REGISTER_CONNECTION,1.0,GENERIC_COLLAPSE,SOVT_GLIDE,SOVT_GLIDE
c8d4b24b6f55,HIGH_NOTE_TOO_EFFORTFUL,PITCH_UNSTABLE,REGISTER_CONNECTION,REGISTER_CONNECTION,REGISTER_CONNECTION,REGISTER_CONNECTION,1.0,GENERIC_COLLAPSE,SOVT_GLIDE,SOVT_GLIDE
c8d4b24b6f55,HIGH_NOTE_TOO_EFFORTFUL,REGISTER_CONNECTION_DIFFICULT,REGISTER_CONNECTION,REGISTER_CONNECTION,REGISTER_CONNECTION,REGISTER_CONNECTION,1.0,GENERIC_COLLAPSE,SOVT_GLIDE,SOVT_GLIDE
c8d4b24b6f55,HIGH_NOTE_FLIPS,HIGH_NOTE_UNSTABLE,REGISTER_CONNECTION,REGISTER_CONNECTION,REGISTER_CONNECTION,REGISTER_CONNECTION,1.0,GENERIC_COLLAPSE,SOVT_GLIDE,SOVT_GLIDE
c8d4b24b6f55,HIGH_NOTE_FLIPS,THROAT_EFFORT,REGISTER_CONNECTION,REGISTER_CONNECTION,REGISTER_CONNECTION,REGISTER_CONNECTION,1.0,GENERIC_COLLAPSE,SOVT_GLIDE,SOVT_GLIDE
c8d4b24b6f55,HIGH_NOTE_FLIPS,LOUD_VOICE_DIFFICULT,REGISTER_CONNECTION,REGISTER_CONNECTION,REGISTER_CONNECTION,REGISTER_CONNECTION,1.0,GENERIC_COLLAPSE,SOVT_GLIDE,SOVT_GLIDE
c8d4b24b6f55,HIGH_NOTE_FLIPS,VOCAL_FATIGUE,REGISTER_CONNECTION,REGISTER_CONNECTION,REGISTER_CONNECTION,REGISTER_CONNECTION,1.0,GENERIC_COLLAPSE,SOVT_GLIDE,SOVT_GLIDE
c8d4b24b6f55,HIGH_NOTE_FLIPS,AFTER_SINGING_FATIGUE,REGISTER_CONNECTION,REGISTER_CONNECTION,REGISTER_CONNECTION,REGISTER_CONNECTION,1.0,GENERIC_COLLAPSE,SOVT_GLIDE,SOVT_GLIDE
c8d4b24b6f55,HIGH_NOTE_FLIPS,PITCH_UNSTABLE,REGISTER_CONNECTION,REGISTER_CONNECTION,REGISTER_CONNECTION,REGISTER_CONNECTION,1.0,GENERIC_COLLAPSE,SOVT_GLIDE,SOVT_GLIDE
c8d4b24b6f55,HIGH_NOTE_FLIPS,REGISTER_CONNECTION_DIFFICULT,REGISTER_CONNECTION,REGISTER_CONNECTION,REGISTER_CONNECTION,REGISTER_CONNECTION,1.0,GENERIC_COLLAPSE,SOVT_GLIDE,SOVT_GLIDE
c8d4b24b6f55,HIGH_NOTE_THINS,TIMBRE_CHANGES_HIGH,REGISTER_CONNECTION,REGISTER_CONNECTION,REGISTER_CONNECTION,REGISTER_CONNECTION,1.0,GENERIC_COLLAPSE,SOVT_GLIDE,SOVT_GLIDE
c8d4b24b6f55,HIGH_NOTE_UNSTABLE,THROAT_EFFORT,REGISTER_CONNECTION,REGISTER_CONNECTION,REGISTER_CONNECTION,REGISTER_CONNECTION,1.0,GENERIC_COLLAPSE,SOVT_GLIDE,SOVT_GLIDE
c8d4b24b6f55,HIGH_NOTE_UNSTABLE,LOUD_VOICE_DIFFICULT,REGISTER_CONNECTION,REGISTER_CONNECTION,REGISTER_CONNECTION,REGISTER_CONNECTION,1.0,GENERIC_COLLAPSE,SOVT_GLIDE,SOVT_GLIDE
c8d4b24b6f55,HIGH_NOTE_UNSTABLE,VOCAL_FATIGUE,REGISTER_CONNECTION,REGISTER_CONNECTION,REGISTER_CONNECTION,REGISTER_CONNECTION,1.0,GENERIC_COLLAPSE,SOVT_GLIDE,SOVT_GLIDE
c8d4b24b6f55,HIGH_NOTE_UNSTABLE,AFTER_SINGING_FATIGUE,REGISTER_CONNECTION,REGISTER_CONNECTION,REGISTER_CONNECTION,REGISTER_CONNECTION,1.0,GENERIC_COLLAPSE,SOVT_GLIDE,SOVT_GLIDE
c8d4b24b6f55,HIGH_NOTE_UNSTABLE,PITCH_UNSTABLE,REGISTER_CONNECTION,REGISTER_CONNECTION,REGISTER_CONNECTION,REGISTER_CONNECTION,1.0,GENERIC_COLLAPSE,SOVT_GLIDE,SOVT_GLIDE
c8d4b24b6f55,HIGH_NOTE_UNSTABLE,REGISTER_CONNECTION_DIFFICULT,REGISTER_CONNECTION,REGISTER_CONNECTION,REGISTER_CONNECTION,REGISTER_CONNECTION,1.0,GENERIC_COLLAPSE,SOVT_GLIDE,SOVT_GLIDE
c8d4b24b6f55,THROAT_EFFORT,LOUD_VOICE_DIFFICULT,REGISTER_CONNECTION,REGISTER_CONNECTION,REGISTER_CONNECTION,REGISTER_CONNECTION,1.0,GENERIC_COLLAPSE,SOVT_GLIDE,SOVT_GLIDE
c8d4b24b6f55,THROAT_EFFORT,VOCAL_FATIGUE,REGISTER_CONNECTION,REGISTER_CONNECTION,REGISTER_CONNECTION,REGISTER_CONNECTION,1.0,GENERIC_COLLAPSE,SOVT_GLIDE,SOVT_GLIDE
c8d4b24b6f55,THROAT_EFFORT,AFTER_SINGING_FATIGUE,REGISTER_CONNECTION,REGISTER_CONNECTION,REGISTER_CONNECTION,REGISTER_CONNECTION,1.0,GENERIC_COLLAPSE,SOVT_GLIDE,SOVT_GLIDE
c8d4b24b6f55,THROAT_EFFORT,PITCH_UNSTABLE,REGISTER_CONNECTION,REGISTER_CONNECTION,REGISTER_CONNECTION,REGISTER_CONNECTION,1.0,GENERIC_COLLAPSE,SOVT_GLIDE,SOVT_GLIDE
c8d4b24b6f55,THROAT_EFFORT,REGISTER_CONNECTION_DIFFICULT,REGISTER_CONNECTION,REGISTER_CONNECTION,REGISTER_CONNECTION,REGISTER_CONNECTION,1.0,GENERIC_COLLAPSE,SOVT_GLIDE,SOVT_GLIDE
c8d4b24b6f55,LOUD_VOICE_DIFFICULT,VOCAL_FATIGUE,REGISTER_CONNECTION,REGISTER_CONNECTION,REGISTER_CONNECTION,REGISTER_CONNECTION,1.0,GENERIC_COLLAPSE,SOVT_GLIDE,SOVT_GLIDE
c8d4b24b6f55,LOUD_VOICE_DIFFICULT,AFTER_SINGING_FATIGUE,REGISTER_CONNECTION,REGISTER_CONNECTION,REGISTER_CONNECTION,REGISTER_CONNECTION,1.0,GENERIC_COLLAPSE,SOVT_GLIDE,SOVT_GLIDE
c8d4b24b6f55,LOUD_VOICE_DIFFICULT,PITCH_UNSTABLE,REGISTER_CONNECTION,REGISTER_CONNECTION,REGISTER_CONNECTION,REGISTER_CONNECTION,1.0,GENERIC_COLLAPSE,SOVT_GLIDE,SOVT_GLIDE
c8d4b24b6f55,LOUD_VOICE_DIFFICULT,REGISTER_CONNECTION_DIFFICULT,REGISTER_CONNECTION,REGISTER_CONNECTION,REGISTER_CONNECTION,REGISTER_CONNECTION,1.0,GENERIC_COLLAPSE,SOVT_GLIDE,SOVT_GLIDE
c8d4b24b6f55,VOCAL_FATIGUE,AFTER_SINGING_FATIGUE,REGISTER_CONNECTION,REGISTER_CONNECTION,REGISTER_CONNECTION,REGISTER_CONNECTION,1.0,GENERIC_COLLAPSE,SOVT_GLIDE,SOVT_GLIDE
c8d4b24b6f55,VOCAL_FATIGUE,PITCH_UNSTABLE,REGISTER_CONNECTION,REGISTER_CONNECTION,REGISTER_CONNECTION,REGISTER_CONNECTION,1.0,GENERIC_COLLAPSE,SOVT_GLIDE,SOVT_GLIDE
c8d4b24b6f55,VOCAL_FATIGUE,REGISTER_CONNECTION_DIFFICULT,REGISTER_CONNECTION,REGISTER_CONNECTION,REGISTER_CONNECTION,REGISTER_CONNECTION,1.0,GENERIC_COLLAPSE,SOVT_GLIDE,SOVT_GLIDE
c8d4b24b6f55,AFTER_SINGING_FATIGUE,PITCH_UNSTABLE,REGISTER_CONNECTION,REGISTER_CONNECTION,REGISTER_CONNECTION,REGISTER_CONNECTION,1.0,GENERIC_COLLAPSE,SOVT_GLIDE,SOVT_GLIDE
c8d4b24b6f55,AFTER_SINGING_FATIGUE,REGISTER_CONNECTION_DIFFICULT,REGISTER_CONNECTION,REGISTER_CONNECTION,REGISTER_CONNECTION,REGISTER_CONNECTION,1.0,GENERIC_COLLAPSE,SOVT_GLIDE,SOVT_GLIDE
c8d4b24b6f55,PITCH_UNSTABLE,REGISTER_CONNECTION_DIFFICULT,REGISTER_CONNECTION,REGISTER_CONNECTION,REGISTER_CONNECTION,REGISTER_CONNECTION,1.0,GENERIC_COLLAPSE,SOVT_GLIDE,SOVT_GLIDE
c8d4b24b6f55,PAIN_WHILE_SINGING,PAIN_AFTER_SINGING,SAFETY,SAFETY,SAFETY,SAFETY,0.9375,LEGITIMATE_SHARED_FOCUS,SAFETY,SAFETY
c8d4b24b6f55,PAIN_WHILE_SINGING,SPEAKING_DISCOMFORT,SAFETY,SAFETY,SAFETY,SAFETY,0.9707,GENERIC_COLLAPSE,SAFETY,SAFETY
c8d4b24b6f55,PAIN_WHILE_SINGING,PERSISTENT_HOARSENESS,SAFETY,SAFETY,SAFETY,SAFETY,0.948,LEGITIMATE_SHARED_FOCUS,SAFETY,SAFETY
c8d4b24b6f55,PAIN_AFTER_SINGING,SPEAKING_DISCOMFORT,SAFETY,SAFETY,SAFETY,SAFETY,0.9414,LEGITIMATE_SHARED_FOCUS,SAFETY,SAFETY
c8d4b24b6f55,PAIN_AFTER_SINGING,PERSISTENT_HOARSENESS,SAFETY,SAFETY,SAFETY,SAFETY,0.948,LEGITIMATE_SHARED_FOCUS,SAFETY,SAFETY
c8d4b24b6f55,SPEAKING_DISCOMFORT,PERSISTENT_HOARSENESS,SAFETY,SAFETY,SAFETY,SAFETY,0.9436,LEGITIMATE_SHARED_FOCUS,SAFETY,SAFETY
ca43bc2b048b,HIGH_NOTE_CANNOT_REACH,HIGH_NOTE_TOO_EFFORTFUL,REGISTER_CONNECTION,REGISTER_CONNECTION,REGISTER_CONNECTION,REGISTER_CONNECTION,1.0,GENERIC_COLLAPSE,SOVT_GLIDE,SOVT_GLIDE
ca43bc2b048b,HIGH_NOTE_CANNOT_REACH,HIGH_NOTE_FLIPS,REGISTER_CONNECTION,REGISTER_CONNECTION,REGISTER_CONNECTION,REGISTER_CONNECTION,1.0,GENERIC_COLLAPSE,SOVT_GLIDE,SOVT_GLIDE
ca43bc2b048b,HIGH_NOTE_TOO_EFFORTFUL,HIGH_NOTE_FLIPS,REGISTER_CONNECTION,REGISTER_CONNECTION,REGISTER_CONNECTION,REGISTER_CONNECTION,1.0,GENERIC_COLLAPSE,SOVT_GLIDE,SOVT_GLIDE
ca43bc2b048b,HIGH_NOTE_UNSTABLE,PITCH_UNSTABLE,STABILITY,STABILITY,STABILITY,STABILITY,1.0,GENERIC_COLLAPSE,SUSTAIN_HOLD,SUSTAIN_HOLD
ca43bc2b048b,HIGH_NOTE_UNSTABLE,REGISTER_CONNECTION_DIFFICULT,STABILITY,STABILITY,STABILITY,STABILITY,1.0,GENERIC_COLLAPSE,SUSTAIN_HOLD,SUSTAIN_HOLD
ca43bc2b048b,THROAT_EFFORT,LOUD_VOICE_DIFFICULT,EFFORT,EFFORT,MAINTAIN,MAINTAIN,1.0,GENERIC_COLLAPSE,SUSTAIN_HOLD,SUSTAIN_HOLD
ca43bc2b048b,THROAT_EFFORT,VOCAL_FATIGUE,EFFORT,EFFORT,MAINTAIN,MAINTAIN,1.0,GENERIC_COLLAPSE,SUSTAIN_HOLD,SUSTAIN_HOLD
ca43bc2b048b,THROAT_EFFORT,AFTER_SINGING_FATIGUE,EFFORT,EFFORT,MAINTAIN,MAINTAIN,1.0,GENERIC_COLLAPSE,SUSTAIN_HOLD,SUSTAIN_HOLD
ca43bc2b048b,LOUD_VOICE_DIFFICULT,VOCAL_FATIGUE,EFFORT,EFFORT,MAINTAIN,MAINTAIN,1.0,GENERIC_COLLAPSE,SUSTAIN_HOLD,SUSTAIN_HOLD
ca43bc2b048b,LOUD_VOICE_DIFFICULT,AFTER_SINGING_FATIGUE,EFFORT,EFFORT,MAINTAIN,MAINTAIN,1.0,GENERIC_COLLAPSE,SUSTAIN_HOLD,SUSTAIN_HOLD
ca43bc2b048b,VOCAL_FATIGUE,AFTER_SINGING_FATIGUE,EFFORT,EFFORT,MAINTAIN,MAINTAIN,1.0,GENERIC_COLLAPSE,SUSTAIN_HOLD,SUSTAIN_HOLD
ca43bc2b048b,VOICE_TOO_THIN,VOICE_TOO_BREATHY,MAINTAIN,TIMBRE,MAINTAIN,TIMBRE_STYLE,1.0,GENERIC_COLLAPSE,VOWEL_CONNECT,VOWEL_CONNECT
ca43bc2b048b,VOICE_TOO_DARK_MUFFLED,OTHER_CONCERN,PRESENCE,MAINTAIN,PRESENCE,MAINTAIN,1.0,GENERIC_COLLAPSE,ARTICULATION,ARTICULATION
ca43bc2b048b,PITCH_UNSTABLE,REGISTER_CONNECTION_DIFFICULT,STABILITY,STABILITY,STABILITY,STABILITY,1.0,GENERIC_COLLAPSE,SUSTAIN_HOLD,SUSTAIN_HOLD
ca43bc2b048b,PAIN_WHILE_SINGING,PAIN_AFTER_SINGING,SAFETY,SAFETY,SAFETY,SAFETY,0.9375,LEGITIMATE_SHARED_FOCUS,SAFETY,SAFETY
ca43bc2b048b,PAIN_WHILE_SINGING,SPEAKING_DISCOMFORT,SAFETY,SAFETY,SAFETY,SAFETY,0.9707,GENERIC_COLLAPSE,SAFETY,SAFETY
ca43bc2b048b,PAIN_WHILE_SINGING,PERSISTENT_HOARSENESS,SAFETY,SAFETY,SAFETY,SAFETY,0.948,LEGITIMATE_SHARED_FOCUS,SAFETY,SAFETY
ca43bc2b048b,PAIN_AFTER_SINGING,SPEAKING_DISCOMFORT,SAFETY,SAFETY,SAFETY,SAFETY,0.9414,LEGITIMATE_SHARED_FOCUS,SAFETY,SAFETY
ca43bc2b048b,PAIN_AFTER_SINGING,PERSISTENT_HOARSENESS,SAFETY,SAFETY,SAFETY,SAFETY,0.948,LEGITIMATE_SHARED_FOCUS,SAFETY,SAFETY
ca43bc2b048b,SPEAKING_DISCOMFORT,PERSISTENT_HOARSENESS,SAFETY,SAFETY,SAFETY,SAFETY,0.9436,LEGITIMATE_SHARED_FOCUS,SAFETY,SAFETY
cfc6b206e99b,HIGH_NOTE_CANNOT_REACH,HIGH_NOTE_TOO_EFFORTFUL,REGISTER_CONNECTION,REGISTER_CONNECTION,REGISTER_CONNECTION,REGISTER_CONNECTION,1.0,GENERIC_COLLAPSE,SOVT_GLIDE,SOVT_GLIDE
cfc6b206e99b,HIGH_NOTE_CANNOT_REACH,HIGH_NOTE_FLIPS,REGISTER_CONNECTION,REGISTER_CONNECTION,REGISTER_CONNECTION,REGISTER_CONNECTION,1.0,GENERIC_COLLAPSE,SOVT_GLIDE,SOVT_GLIDE
cfc6b206e99b,HIGH_NOTE_TOO_EFFORTFUL,HIGH_NOTE_FLIPS,REGISTER_CONNECTION,REGISTER_CONNECTION,REGISTER_CONNECTION,REGISTER_CONNECTION,1.0,GENERIC_COLLAPSE,SOVT_GLIDE,SOVT_GLIDE
cfc6b206e99b,HIGH_NOTE_UNSTABLE,PITCH_UNSTABLE,STABILITY,STABILITY,STABILITY,STABILITY,1.0,GENERIC_COLLAPSE,SUSTAIN_HOLD,SUSTAIN_HOLD
cfc6b206e99b,HIGH_NOTE_UNSTABLE,REGISTER_CONNECTION_DIFFICULT,STABILITY,STABILITY,STABILITY,STABILITY,1.0,GENERIC_COLLAPSE,SUSTAIN_HOLD,SUSTAIN_HOLD
cfc6b206e99b,THROAT_EFFORT,LOUD_VOICE_DIFFICULT,EFFORT,EFFORT,MAINTAIN,MAINTAIN,1.0,GENERIC_COLLAPSE,SUSTAIN_HOLD,SUSTAIN_HOLD
cfc6b206e99b,THROAT_EFFORT,VOCAL_FATIGUE,EFFORT,EFFORT,MAINTAIN,MAINTAIN,1.0,GENERIC_COLLAPSE,SUSTAIN_HOLD,SUSTAIN_HOLD
cfc6b206e99b,THROAT_EFFORT,AFTER_SINGING_FATIGUE,EFFORT,EFFORT,MAINTAIN,MAINTAIN,1.0,GENERIC_COLLAPSE,SUSTAIN_HOLD,SUSTAIN_HOLD
cfc6b206e99b,LOUD_VOICE_DIFFICULT,VOCAL_FATIGUE,EFFORT,EFFORT,MAINTAIN,MAINTAIN,1.0,GENERIC_COLLAPSE,SUSTAIN_HOLD,SUSTAIN_HOLD
cfc6b206e99b,LOUD_VOICE_DIFFICULT,AFTER_SINGING_FATIGUE,EFFORT,EFFORT,MAINTAIN,MAINTAIN,1.0,GENERIC_COLLAPSE,SUSTAIN_HOLD,SUSTAIN_HOLD
cfc6b206e99b,VOCAL_FATIGUE,AFTER_SINGING_FATIGUE,EFFORT,EFFORT,MAINTAIN,MAINTAIN,1.0,GENERIC_COLLAPSE,SUSTAIN_HOLD,SUSTAIN_HOLD
cfc6b206e99b,VOICE_TOO_THIN,VOICE_TOO_BREATHY,MAINTAIN,TIMBRE,MAINTAIN,TIMBRE_STYLE,1.0,GENERIC_COLLAPSE,VOWEL_CONNECT,VOWEL_CONNECT
cfc6b206e99b,VOICE_TOO_DARK_MUFFLED,OTHER_CONCERN,PRESENCE,MAINTAIN,PRESENCE,MAINTAIN,1.0,GENERIC_COLLAPSE,ARTICULATION,ARTICULATION
cfc6b206e99b,PITCH_UNSTABLE,REGISTER_CONNECTION_DIFFICULT,STABILITY,STABILITY,STABILITY,STABILITY,1.0,GENERIC_COLLAPSE,SUSTAIN_HOLD,SUSTAIN_HOLD
cfc6b206e99b,PAIN_WHILE_SINGING,PAIN_AFTER_SINGING,SAFETY,SAFETY,SAFETY,SAFETY,0.9375,LEGITIMATE_SHARED_FOCUS,SAFETY,SAFETY
cfc6b206e99b,PAIN_WHILE_SINGING,SPEAKING_DISCOMFORT,SAFETY,SAFETY,SAFETY,SAFETY,0.9707,GENERIC_COLLAPSE,SAFETY,SAFETY
cfc6b206e99b,PAIN_WHILE_SINGING,PERSISTENT_HOARSENESS,SAFETY,SAFETY,SAFETY,SAFETY,0.948,LEGITIMATE_SHARED_FOCUS,SAFETY,SAFETY
cfc6b206e99b,PAIN_AFTER_SINGING,SPEAKING_DISCOMFORT,SAFETY,SAFETY,SAFETY,SAFETY,0.9414,LEGITIMATE_SHARED_FOCUS,SAFETY,SAFETY
cfc6b206e99b,PAIN_AFTER_SINGING,PERSISTENT_HOARSENESS,SAFETY,SAFETY,SAFETY,SAFETY,0.948,LEGITIMATE_SHARED_FOCUS,SAFETY,SAFETY
cfc6b206e99b,SPEAKING_DISCOMFORT,PERSISTENT_HOARSENESS,SAFETY,SAFETY,SAFETY,SAFETY,0.9436,LEGITIMATE_SHARED_FOCUS,SAFETY,SAFETY
d03ad168d8d7,HIGH_NOTE_CANNOT_REACH,HIGH_NOTE_TOO_EFFORTFUL,REGISTER_CONNECTION,REGISTER_CONNECTION,REGISTER_CONNECTION,REGISTER_CONNECTION,1.0,GENERIC_COLLAPSE,SOVT_GLIDE,SOVT_GLIDE
d03ad168d8d7,HIGH_NOTE_CANNOT_REACH,HIGH_NOTE_FLIPS,REGISTER_CONNECTION,REGISTER_CONNECTION,REGISTER_CONNECTION,REGISTER_CONNECTION,1.0,GENERIC_COLLAPSE,SOVT_GLIDE,SOVT_GLIDE
d03ad168d8d7,HIGH_NOTE_TOO_EFFORTFUL,HIGH_NOTE_FLIPS,REGISTER_CONNECTION,REGISTER_CONNECTION,REGISTER_CONNECTION,REGISTER_CONNECTION,1.0,GENERIC_COLLAPSE,SOVT_GLIDE,SOVT_GLIDE
d03ad168d8d7,HIGH_NOTE_UNSTABLE,PITCH_UNSTABLE,STABILITY,STABILITY,STABILITY,STABILITY,1.0,GENERIC_COLLAPSE,SUSTAIN_HOLD,SUSTAIN_HOLD
d03ad168d8d7,HIGH_NOTE_UNSTABLE,REGISTER_CONNECTION_DIFFICULT,STABILITY,STABILITY,STABILITY,STABILITY,1.0,GENERIC_COLLAPSE,SUSTAIN_HOLD,SUSTAIN_HOLD
d03ad168d8d7,THROAT_EFFORT,LOUD_VOICE_DIFFICULT,EFFORT,EFFORT,MAINTAIN,MAINTAIN,1.0,GENERIC_COLLAPSE,SUSTAIN_HOLD,SUSTAIN_HOLD
d03ad168d8d7,THROAT_EFFORT,VOCAL_FATIGUE,EFFORT,EFFORT,MAINTAIN,MAINTAIN,1.0,GENERIC_COLLAPSE,SUSTAIN_HOLD,SUSTAIN_HOLD
d03ad168d8d7,THROAT_EFFORT,AFTER_SINGING_FATIGUE,EFFORT,EFFORT,MAINTAIN,MAINTAIN,1.0,GENERIC_COLLAPSE,SUSTAIN_HOLD,SUSTAIN_HOLD
d03ad168d8d7,LOUD_VOICE_DIFFICULT,VOCAL_FATIGUE,EFFORT,EFFORT,MAINTAIN,MAINTAIN,1.0,GENERIC_COLLAPSE,SUSTAIN_HOLD,SUSTAIN_HOLD
d03ad168d8d7,LOUD_VOICE_DIFFICULT,AFTER_SINGING_FATIGUE,EFFORT,EFFORT,MAINTAIN,MAINTAIN,1.0,GENERIC_COLLAPSE,SUSTAIN_HOLD,SUSTAIN_HOLD
d03ad168d8d7,VOCAL_FATIGUE,AFTER_SINGING_FATIGUE,EFFORT,EFFORT,MAINTAIN,MAINTAIN,1.0,GENERIC_COLLAPSE,SUSTAIN_HOLD,SUSTAIN_HOLD
d03ad168d8d7,VOICE_TOO_DARK_MUFFLED,TIMBRE_CHANGES_HIGH,BRIGHTNESS,REGISTER_CONNECTION,TIMBRE_STYLE,REGISTER_CONNECTION,1.0,GENERIC_COLLAPSE,ARTICULATION,ARTICULATION
d03ad168d8d7,PITCH_UNSTABLE,REGISTER_CONNECTION_DIFFICULT,STABILITY,STABILITY,STABILITY,STABILITY,1.0,GENERIC_COLLAPSE,SUSTAIN_HOLD,SUSTAIN_HOLD
d03ad168d8d7,PAIN_WHILE_SINGING,PAIN_AFTER_SINGING,SAFETY,SAFETY,SAFETY,SAFETY,0.9375,LEGITIMATE_SHARED_FOCUS,SAFETY,SAFETY
d03ad168d8d7,PAIN_WHILE_SINGING,SPEAKING_DISCOMFORT,SAFETY,SAFETY,SAFETY,SAFETY,0.9707,GENERIC_COLLAPSE,SAFETY,SAFETY
d03ad168d8d7,PAIN_WHILE_SINGING,PERSISTENT_HOARSENESS,SAFETY,SAFETY,SAFETY,SAFETY,0.948,LEGITIMATE_SHARED_FOCUS,SAFETY,SAFETY
d03ad168d8d7,PAIN_AFTER_SINGING,SPEAKING_DISCOMFORT,SAFETY,SAFETY,SAFETY,SAFETY,0.9414,LEGITIMATE_SHARED_FOCUS,SAFETY,SAFETY
d03ad168d8d7,PAIN_AFTER_SINGING,PERSISTENT_HOARSENESS,SAFETY,SAFETY,SAFETY,SAFETY,0.948,LEGITIMATE_SHARED_FOCUS,SAFETY,SAFETY
d03ad168d8d7,SPEAKING_DISCOMFORT,PERSISTENT_HOARSENESS,SAFETY,SAFETY,SAFETY,SAFETY,0.9436,LEGITIMATE_SHARED_FOCUS,SAFETY,SAFETY
d241c8e7a734,HIGH_NOTE_CANNOT_REACH,HIGH_NOTE_TOO_EFFORTFUL,REGISTER_CONNECTION,REGISTER_CONNECTION,REGISTER_CONNECTION,REGISTER_CONNECTION,1.0,GENERIC_COLLAPSE,SOVT_GLIDE,SOVT_GLIDE
d241c8e7a734,HIGH_NOTE_CANNOT_REACH,HIGH_NOTE_FLIPS,REGISTER_CONNECTION,REGISTER_CONNECTION,REGISTER_CONNECTION,REGISTER_CONNECTION,1.0,GENERIC_COLLAPSE,SOVT_GLIDE,SOVT_GLIDE
d241c8e7a734,HIGH_NOTE_TOO_EFFORTFUL,HIGH_NOTE_FLIPS,REGISTER_CONNECTION,REGISTER_CONNECTION,REGISTER_CONNECTION,REGISTER_CONNECTION,1.0,GENERIC_COLLAPSE,SOVT_GLIDE,SOVT_GLIDE
d241c8e7a734,HIGH_NOTE_UNSTABLE,PITCH_UNSTABLE,STABILITY,STABILITY,STABILITY,STABILITY,1.0,GENERIC_COLLAPSE,SUSTAIN_HOLD,SUSTAIN_HOLD
d241c8e7a734,HIGH_NOTE_UNSTABLE,REGISTER_CONNECTION_DIFFICULT,STABILITY,STABILITY,STABILITY,STABILITY,1.0,GENERIC_COLLAPSE,SUSTAIN_HOLD,SUSTAIN_HOLD
d241c8e7a734,THROAT_EFFORT,LOUD_VOICE_DIFFICULT,EFFORT,EFFORT,MAINTAIN,MAINTAIN,1.0,GENERIC_COLLAPSE,SUSTAIN_HOLD,SUSTAIN_HOLD
d241c8e7a734,THROAT_EFFORT,VOCAL_FATIGUE,EFFORT,EFFORT,MAINTAIN,MAINTAIN,1.0,GENERIC_COLLAPSE,SUSTAIN_HOLD,SUSTAIN_HOLD
d241c8e7a734,THROAT_EFFORT,AFTER_SINGING_FATIGUE,EFFORT,EFFORT,MAINTAIN,MAINTAIN,1.0,GENERIC_COLLAPSE,SUSTAIN_HOLD,SUSTAIN_HOLD
d241c8e7a734,LOUD_VOICE_DIFFICULT,VOCAL_FATIGUE,EFFORT,EFFORT,MAINTAIN,MAINTAIN,1.0,GENERIC_COLLAPSE,SUSTAIN_HOLD,SUSTAIN_HOLD
d241c8e7a734,LOUD_VOICE_DIFFICULT,AFTER_SINGING_FATIGUE,EFFORT,EFFORT,MAINTAIN,MAINTAIN,1.0,GENERIC_COLLAPSE,SUSTAIN_HOLD,SUSTAIN_HOLD
d241c8e7a734,VOCAL_FATIGUE,AFTER_SINGING_FATIGUE,EFFORT,EFFORT,MAINTAIN,MAINTAIN,1.0,GENERIC_COLLAPSE,SUSTAIN_HOLD,SUSTAIN_HOLD
d241c8e7a734,VOICE_TOO_DARK_MUFFLED,TIMBRE_CHANGES_HIGH,BRIGHTNESS,REGISTER_CONNECTION,TIMBRE_STYLE,REGISTER_CONNECTION,1.0,GENERIC_COLLAPSE,ARTICULATION,ARTICULATION
d241c8e7a734,PITCH_UNSTABLE,REGISTER_CONNECTION_DIFFICULT,STABILITY,STABILITY,STABILITY,STABILITY,1.0,GENERIC_COLLAPSE,SUSTAIN_HOLD,SUSTAIN_HOLD
d241c8e7a734,PAIN_WHILE_SINGING,PAIN_AFTER_SINGING,SAFETY,SAFETY,SAFETY,SAFETY,0.9375,LEGITIMATE_SHARED_FOCUS,SAFETY,SAFETY
d241c8e7a734,PAIN_WHILE_SINGING,SPEAKING_DISCOMFORT,SAFETY,SAFETY,SAFETY,SAFETY,0.9707,GENERIC_COLLAPSE,SAFETY,SAFETY
d241c8e7a734,PAIN_WHILE_SINGING,PERSISTENT_HOARSENESS,SAFETY,SAFETY,SAFETY,SAFETY,0.948,LEGITIMATE_SHARED_FOCUS,SAFETY,SAFETY
d241c8e7a734,PAIN_AFTER_SINGING,SPEAKING_DISCOMFORT,SAFETY,SAFETY,SAFETY,SAFETY,0.9414,LEGITIMATE_SHARED_FOCUS,SAFETY,SAFETY
d241c8e7a734,PAIN_AFTER_SINGING,PERSISTENT_HOARSENESS,SAFETY,SAFETY,SAFETY,SAFETY,0.948,LEGITIMATE_SHARED_FOCUS,SAFETY,SAFETY
d241c8e7a734,SPEAKING_DISCOMFORT,PERSISTENT_HOARSENESS,SAFETY,SAFETY,SAFETY,SAFETY,0.9436,LEGITIMATE_SHARED_FOCUS,SAFETY,SAFETY
d395d6bc40d4,HIGH_NOTE_CANNOT_REACH,HIGH_NOTE_TOO_EFFORTFUL,REGISTER_CONNECTION,REGISTER_CONNECTION,REGISTER_CONNECTION,REGISTER_CONNECTION,1.0,GENERIC_COLLAPSE,SOVT_GLIDE,SOVT_GLIDE
d395d6bc40d4,HIGH_NOTE_CANNOT_REACH,HIGH_NOTE_FLIPS,REGISTER_CONNECTION,REGISTER_CONNECTION,REGISTER_CONNECTION,REGISTER_CONNECTION,1.0,GENERIC_COLLAPSE,SOVT_GLIDE,SOVT_GLIDE
d395d6bc40d4,HIGH_NOTE_TOO_EFFORTFUL,HIGH_NOTE_FLIPS,REGISTER_CONNECTION,REGISTER_CONNECTION,REGISTER_CONNECTION,REGISTER_CONNECTION,1.0,GENERIC_COLLAPSE,SOVT_GLIDE,SOVT_GLIDE
d395d6bc40d4,HIGH_NOTE_UNSTABLE,PITCH_UNSTABLE,STABILITY,STABILITY,STABILITY,STABILITY,1.0,GENERIC_COLLAPSE,SUSTAIN_HOLD,SUSTAIN_HOLD
d395d6bc40d4,HIGH_NOTE_UNSTABLE,REGISTER_CONNECTION_DIFFICULT,STABILITY,STABILITY,STABILITY,STABILITY,1.0,GENERIC_COLLAPSE,SUSTAIN_HOLD,SUSTAIN_HOLD
d395d6bc40d4,THROAT_EFFORT,LOUD_VOICE_DIFFICULT,EFFORT,EFFORT,MAINTAIN,MAINTAIN,1.0,GENERIC_COLLAPSE,SUSTAIN_HOLD,SUSTAIN_HOLD
d395d6bc40d4,THROAT_EFFORT,VOCAL_FATIGUE,EFFORT,EFFORT,MAINTAIN,MAINTAIN,1.0,GENERIC_COLLAPSE,SUSTAIN_HOLD,SUSTAIN_HOLD
d395d6bc40d4,THROAT_EFFORT,AFTER_SINGING_FATIGUE,EFFORT,EFFORT,MAINTAIN,MAINTAIN,1.0,GENERIC_COLLAPSE,SUSTAIN_HOLD,SUSTAIN_HOLD
d395d6bc40d4,LOUD_VOICE_DIFFICULT,VOCAL_FATIGUE,EFFORT,EFFORT,MAINTAIN,MAINTAIN,1.0,GENERIC_COLLAPSE,SUSTAIN_HOLD,SUSTAIN_HOLD
d395d6bc40d4,LOUD_VOICE_DIFFICULT,AFTER_SINGING_FATIGUE,EFFORT,EFFORT,MAINTAIN,MAINTAIN,1.0,GENERIC_COLLAPSE,SUSTAIN_HOLD,SUSTAIN_HOLD
d395d6bc40d4,VOCAL_FATIGUE,AFTER_SINGING_FATIGUE,EFFORT,EFFORT,MAINTAIN,MAINTAIN,1.0,GENERIC_COLLAPSE,SUSTAIN_HOLD,SUSTAIN_HOLD
d395d6bc40d4,VOICE_TOO_THIN,VOICE_TOO_BREATHY,MAINTAIN,TIMBRE,MAINTAIN,TIMBRE_STYLE,1.0,GENERIC_COLLAPSE,VOWEL_CONNECT,VOWEL_CONNECT
d395d6bc40d4,VOICE_TOO_DARK_MUFFLED,OTHER_CONCERN,PRESENCE,MAINTAIN,PRESENCE,MAINTAIN,1.0,GENERIC_COLLAPSE,ARTICULATION,ARTICULATION
d395d6bc40d4,PITCH_UNSTABLE,REGISTER_CONNECTION_DIFFICULT,STABILITY,STABILITY,STABILITY,STABILITY,1.0,GENERIC_COLLAPSE,SUSTAIN_HOLD,SUSTAIN_HOLD
d395d6bc40d4,PAIN_WHILE_SINGING,PAIN_AFTER_SINGING,SAFETY,SAFETY,SAFETY,SAFETY,0.9375,LEGITIMATE_SHARED_FOCUS,SAFETY,SAFETY
d395d6bc40d4,PAIN_WHILE_SINGING,SPEAKING_DISCOMFORT,SAFETY,SAFETY,SAFETY,SAFETY,0.9707,GENERIC_COLLAPSE,SAFETY,SAFETY
d395d6bc40d4,PAIN_WHILE_SINGING,PERSISTENT_HOARSENESS,SAFETY,SAFETY,SAFETY,SAFETY,0.948,LEGITIMATE_SHARED_FOCUS,SAFETY,SAFETY
d395d6bc40d4,PAIN_AFTER_SINGING,SPEAKING_DISCOMFORT,SAFETY,SAFETY,SAFETY,SAFETY,0.9414,LEGITIMATE_SHARED_FOCUS,SAFETY,SAFETY
d395d6bc40d4,PAIN_AFTER_SINGING,PERSISTENT_HOARSENESS,SAFETY,SAFETY,SAFETY,SAFETY,0.948,LEGITIMATE_SHARED_FOCUS,SAFETY,SAFETY
d395d6bc40d4,SPEAKING_DISCOMFORT,PERSISTENT_HOARSENESS,SAFETY,SAFETY,SAFETY,SAFETY,0.9436,LEGITIMATE_SHARED_FOCUS,SAFETY,SAFETY
d399575eeebe,HIGH_NOTE_CANNOT_REACH,HIGH_NOTE_TOO_EFFORTFUL,REGISTER_CONNECTION,REGISTER_CONNECTION,REGISTER_CONNECTION,REGISTER_CONNECTION,1.0,GENERIC_COLLAPSE,SOVT_GLIDE,SOVT_GLIDE
d399575eeebe,HIGH_NOTE_CANNOT_REACH,HIGH_NOTE_FLIPS,REGISTER_CONNECTION,REGISTER_CONNECTION,REGISTER_CONNECTION,REGISTER_CONNECTION,1.0,GENERIC_COLLAPSE,SOVT_GLIDE,SOVT_GLIDE
d399575eeebe,HIGH_NOTE_TOO_EFFORTFUL,HIGH_NOTE_FLIPS,REGISTER_CONNECTION,REGISTER_CONNECTION,REGISTER_CONNECTION,REGISTER_CONNECTION,1.0,GENERIC_COLLAPSE,SOVT_GLIDE,SOVT_GLIDE
d399575eeebe,HIGH_NOTE_UNSTABLE,PITCH_UNSTABLE,STABILITY,STABILITY,STABILITY,STABILITY,1.0,GENERIC_COLLAPSE,SUSTAIN_HOLD,SUSTAIN_HOLD
d399575eeebe,HIGH_NOTE_UNSTABLE,REGISTER_CONNECTION_DIFFICULT,STABILITY,STABILITY,STABILITY,STABILITY,1.0,GENERIC_COLLAPSE,SUSTAIN_HOLD,SUSTAIN_HOLD
d399575eeebe,THROAT_EFFORT,LOUD_VOICE_DIFFICULT,EFFORT,EFFORT,MAINTAIN,MAINTAIN,1.0,GENERIC_COLLAPSE,SUSTAIN_HOLD,SUSTAIN_HOLD
d399575eeebe,THROAT_EFFORT,VOCAL_FATIGUE,EFFORT,EFFORT,MAINTAIN,MAINTAIN,1.0,GENERIC_COLLAPSE,SUSTAIN_HOLD,SUSTAIN_HOLD
d399575eeebe,THROAT_EFFORT,AFTER_SINGING_FATIGUE,EFFORT,EFFORT,MAINTAIN,MAINTAIN,1.0,GENERIC_COLLAPSE,SUSTAIN_HOLD,SUSTAIN_HOLD
d399575eeebe,LOUD_VOICE_DIFFICULT,VOCAL_FATIGUE,EFFORT,EFFORT,MAINTAIN,MAINTAIN,1.0,GENERIC_COLLAPSE,SUSTAIN_HOLD,SUSTAIN_HOLD
d399575eeebe,LOUD_VOICE_DIFFICULT,AFTER_SINGING_FATIGUE,EFFORT,EFFORT,MAINTAIN,MAINTAIN,1.0,GENERIC_COLLAPSE,SUSTAIN_HOLD,SUSTAIN_HOLD
d399575eeebe,VOCAL_FATIGUE,AFTER_SINGING_FATIGUE,EFFORT,EFFORT,MAINTAIN,MAINTAIN,1.0,GENERIC_COLLAPSE,SUSTAIN_HOLD,SUSTAIN_HOLD
d399575eeebe,VOICE_TOO_DARK_MUFFLED,TIMBRE_CHANGES_HIGH,BRIGHTNESS,REGISTER_CONNECTION,TIMBRE_STYLE,REGISTER_CONNECTION,1.0,GENERIC_COLLAPSE,ARTICULATION,ARTICULATION
d399575eeebe,PITCH_UNSTABLE,REGISTER_CONNECTION_DIFFICULT,STABILITY,STABILITY,STABILITY,STABILITY,1.0,GENERIC_COLLAPSE,SUSTAIN_HOLD,SUSTAIN_HOLD
d399575eeebe,PAIN_WHILE_SINGING,PAIN_AFTER_SINGING,SAFETY,SAFETY,SAFETY,SAFETY,0.9375,LEGITIMATE_SHARED_FOCUS,SAFETY,SAFETY
d399575eeebe,PAIN_WHILE_SINGING,SPEAKING_DISCOMFORT,SAFETY,SAFETY,SAFETY,SAFETY,0.9707,GENERIC_COLLAPSE,SAFETY,SAFETY
d399575eeebe,PAIN_WHILE_SINGING,PERSISTENT_HOARSENESS,SAFETY,SAFETY,SAFETY,SAFETY,0.948,LEGITIMATE_SHARED_FOCUS,SAFETY,SAFETY
d399575eeebe,PAIN_AFTER_SINGING,SPEAKING_DISCOMFORT,SAFETY,SAFETY,SAFETY,SAFETY,0.9414,LEGITIMATE_SHARED_FOCUS,SAFETY,SAFETY
d399575eeebe,PAIN_AFTER_SINGING,PERSISTENT_HOARSENESS,SAFETY,SAFETY,SAFETY,SAFETY,0.948,LEGITIMATE_SHARED_FOCUS,SAFETY,SAFETY
d399575eeebe,SPEAKING_DISCOMFORT,PERSISTENT_HOARSENESS,SAFETY,SAFETY,SAFETY,SAFETY,0.9436,LEGITIMATE_SHARED_FOCUS,SAFETY,SAFETY
d46938baf1fc,HIGH_NOTE_CANNOT_REACH,HIGH_NOTE_TOO_EFFORTFUL,REGISTER_CONNECTION,REGISTER_CONNECTION,REGISTER_CONNECTION,REGISTER_CONNECTION,1.0,GENERIC_COLLAPSE,SOVT_GLIDE,SOVT_GLIDE
d46938baf1fc,HIGH_NOTE_CANNOT_REACH,HIGH_NOTE_FLIPS,REGISTER_CONNECTION,REGISTER_CONNECTION,REGISTER_CONNECTION,REGISTER_CONNECTION,1.0,GENERIC_COLLAPSE,SOVT_GLIDE,SOVT_GLIDE
d46938baf1fc,HIGH_NOTE_TOO_EFFORTFUL,HIGH_NOTE_FLIPS,REGISTER_CONNECTION,REGISTER_CONNECTION,REGISTER_CONNECTION,REGISTER_CONNECTION,1.0,GENERIC_COLLAPSE,SOVT_GLIDE,SOVT_GLIDE
d46938baf1fc,HIGH_NOTE_UNSTABLE,PITCH_UNSTABLE,STABILITY,STABILITY,STABILITY,STABILITY,1.0,GENERIC_COLLAPSE,SUSTAIN_HOLD,SUSTAIN_HOLD
d46938baf1fc,HIGH_NOTE_UNSTABLE,REGISTER_CONNECTION_DIFFICULT,STABILITY,STABILITY,STABILITY,STABILITY,1.0,GENERIC_COLLAPSE,SUSTAIN_HOLD,SUSTAIN_HOLD
d46938baf1fc,THROAT_EFFORT,LOUD_VOICE_DIFFICULT,EFFORT,EFFORT,MAINTAIN,MAINTAIN,1.0,GENERIC_COLLAPSE,SUSTAIN_HOLD,SUSTAIN_HOLD
d46938baf1fc,THROAT_EFFORT,VOCAL_FATIGUE,EFFORT,EFFORT,MAINTAIN,MAINTAIN,1.0,GENERIC_COLLAPSE,SUSTAIN_HOLD,SUSTAIN_HOLD
d46938baf1fc,THROAT_EFFORT,AFTER_SINGING_FATIGUE,EFFORT,EFFORT,MAINTAIN,MAINTAIN,1.0,GENERIC_COLLAPSE,SUSTAIN_HOLD,SUSTAIN_HOLD
d46938baf1fc,LOUD_VOICE_DIFFICULT,VOCAL_FATIGUE,EFFORT,EFFORT,MAINTAIN,MAINTAIN,1.0,GENERIC_COLLAPSE,SUSTAIN_HOLD,SUSTAIN_HOLD
d46938baf1fc,LOUD_VOICE_DIFFICULT,AFTER_SINGING_FATIGUE,EFFORT,EFFORT,MAINTAIN,MAINTAIN,1.0,GENERIC_COLLAPSE,SUSTAIN_HOLD,SUSTAIN_HOLD
d46938baf1fc,VOCAL_FATIGUE,AFTER_SINGING_FATIGUE,EFFORT,EFFORT,MAINTAIN,MAINTAIN,1.0,GENERIC_COLLAPSE,SUSTAIN_HOLD,SUSTAIN_HOLD
d46938baf1fc,VOICE_TOO_THIN,VOICE_TOO_BREATHY,MAINTAIN,TIMBRE,MAINTAIN,TIMBRE_STYLE,1.0,GENERIC_COLLAPSE,VOWEL_CONNECT,VOWEL_CONNECT
d46938baf1fc,VOICE_TOO_DARK_MUFFLED,OTHER_CONCERN,PRESENCE,MAINTAIN,PRESENCE,MAINTAIN,1.0,GENERIC_COLLAPSE,ARTICULATION,ARTICULATION
d46938baf1fc,PITCH_UNSTABLE,REGISTER_CONNECTION_DIFFICULT,STABILITY,STABILITY,STABILITY,STABILITY,1.0,GENERIC_COLLAPSE,SUSTAIN_HOLD,SUSTAIN_HOLD
d46938baf1fc,PAIN_WHILE_SINGING,PAIN_AFTER_SINGING,SAFETY,SAFETY,SAFETY,SAFETY,0.9375,LEGITIMATE_SHARED_FOCUS,SAFETY,SAFETY
d46938baf1fc,PAIN_WHILE_SINGING,SPEAKING_DISCOMFORT,SAFETY,SAFETY,SAFETY,SAFETY,0.9707,GENERIC_COLLAPSE,SAFETY,SAFETY
d46938baf1fc,PAIN_WHILE_SINGING,PERSISTENT_HOARSENESS,SAFETY,SAFETY,SAFETY,SAFETY,0.948,LEGITIMATE_SHARED_FOCUS,SAFETY,SAFETY
d46938baf1fc,PAIN_AFTER_SINGING,SPEAKING_DISCOMFORT,SAFETY,SAFETY,SAFETY,SAFETY,0.9414,LEGITIMATE_SHARED_FOCUS,SAFETY,SAFETY
d46938baf1fc,PAIN_AFTER_SINGING,PERSISTENT_HOARSENESS,SAFETY,SAFETY,SAFETY,SAFETY,0.948,LEGITIMATE_SHARED_FOCUS,SAFETY,SAFETY
d46938baf1fc,SPEAKING_DISCOMFORT,PERSISTENT_HOARSENESS,SAFETY,SAFETY,SAFETY,SAFETY,0.9436,LEGITIMATE_SHARED_FOCUS,SAFETY,SAFETY
d5045bc290a1,HIGH_NOTE_CANNOT_REACH,HIGH_NOTE_TOO_EFFORTFUL,REGISTER_CONNECTION,REGISTER_CONNECTION,REGISTER_CONNECTION,REGISTER_CONNECTION,1.0,GENERIC_COLLAPSE,SOVT_GLIDE,SOVT_GLIDE
d5045bc290a1,HIGH_NOTE_CANNOT_REACH,HIGH_NOTE_FLIPS,REGISTER_CONNECTION,REGISTER_CONNECTION,REGISTER_CONNECTION,REGISTER_CONNECTION,1.0,GENERIC_COLLAPSE,SOVT_GLIDE,SOVT_GLIDE
d5045bc290a1,HIGH_NOTE_CANNOT_REACH,HIGH_NOTE_UNSTABLE,REGISTER_CONNECTION,REGISTER_CONNECTION,REGISTER_CONNECTION,REGISTER_CONNECTION,1.0,GENERIC_COLLAPSE,SOVT_GLIDE,SOVT_GLIDE
d5045bc290a1,HIGH_NOTE_CANNOT_REACH,THROAT_EFFORT,REGISTER_CONNECTION,REGISTER_CONNECTION,REGISTER_CONNECTION,REGISTER_CONNECTION,1.0,GENERIC_COLLAPSE,SOVT_GLIDE,SOVT_GLIDE
d5045bc290a1,HIGH_NOTE_CANNOT_REACH,LOUD_VOICE_DIFFICULT,REGISTER_CONNECTION,REGISTER_CONNECTION,REGISTER_CONNECTION,REGISTER_CONNECTION,1.0,GENERIC_COLLAPSE,SOVT_GLIDE,SOVT_GLIDE
d5045bc290a1,HIGH_NOTE_CANNOT_REACH,VOCAL_FATIGUE,REGISTER_CONNECTION,REGISTER_CONNECTION,REGISTER_CONNECTION,REGISTER_CONNECTION,1.0,GENERIC_COLLAPSE,SOVT_GLIDE,SOVT_GLIDE
d5045bc290a1,HIGH_NOTE_CANNOT_REACH,AFTER_SINGING_FATIGUE,REGISTER_CONNECTION,REGISTER_CONNECTION,REGISTER_CONNECTION,REGISTER_CONNECTION,1.0,GENERIC_COLLAPSE,SOVT_GLIDE,SOVT_GLIDE
d5045bc290a1,HIGH_NOTE_CANNOT_REACH,PITCH_UNSTABLE,REGISTER_CONNECTION,REGISTER_CONNECTION,REGISTER_CONNECTION,REGISTER_CONNECTION,1.0,GENERIC_COLLAPSE,SOVT_GLIDE,SOVT_GLIDE
d5045bc290a1,HIGH_NOTE_CANNOT_REACH,REGISTER_CONNECTION_DIFFICULT,REGISTER_CONNECTION,REGISTER_CONNECTION,REGISTER_CONNECTION,REGISTER_CONNECTION,1.0,GENERIC_COLLAPSE,SOVT_GLIDE,SOVT_GLIDE
d5045bc290a1,HIGH_NOTE_TOO_EFFORTFUL,HIGH_NOTE_FLIPS,REGISTER_CONNECTION,REGISTER_CONNECTION,REGISTER_CONNECTION,REGISTER_CONNECTION,1.0,GENERIC_COLLAPSE,SOVT_GLIDE,SOVT_GLIDE
d5045bc290a1,HIGH_NOTE_TOO_EFFORTFUL,HIGH_NOTE_UNSTABLE,REGISTER_CONNECTION,REGISTER_CONNECTION,REGISTER_CONNECTION,REGISTER_CONNECTION,1.0,GENERIC_COLLAPSE,SOVT_GLIDE,SOVT_GLIDE
d5045bc290a1,HIGH_NOTE_TOO_EFFORTFUL,THROAT_EFFORT,REGISTER_CONNECTION,REGISTER_CONNECTION,REGISTER_CONNECTION,REGISTER_CONNECTION,1.0,GENERIC_COLLAPSE,SOVT_GLIDE,SOVT_GLIDE
d5045bc290a1,HIGH_NOTE_TOO_EFFORTFUL,LOUD_VOICE_DIFFICULT,REGISTER_CONNECTION,REGISTER_CONNECTION,REGISTER_CONNECTION,REGISTER_CONNECTION,1.0,GENERIC_COLLAPSE,SOVT_GLIDE,SOVT_GLIDE
d5045bc290a1,HIGH_NOTE_TOO_EFFORTFUL,VOCAL_FATIGUE,REGISTER_CONNECTION,REGISTER_CONNECTION,REGISTER_CONNECTION,REGISTER_CONNECTION,1.0,GENERIC_COLLAPSE,SOVT_GLIDE,SOVT_GLIDE
d5045bc290a1,HIGH_NOTE_TOO_EFFORTFUL,AFTER_SINGING_FATIGUE,REGISTER_CONNECTION,REGISTER_CONNECTION,REGISTER_CONNECTION,REGISTER_CONNECTION,1.0,GENERIC_COLLAPSE,SOVT_GLIDE,SOVT_GLIDE
d5045bc290a1,HIGH_NOTE_TOO_EFFORTFUL,PITCH_UNSTABLE,REGISTER_CONNECTION,REGISTER_CONNECTION,REGISTER_CONNECTION,REGISTER_CONNECTION,1.0,GENERIC_COLLAPSE,SOVT_GLIDE,SOVT_GLIDE
d5045bc290a1,HIGH_NOTE_TOO_EFFORTFUL,REGISTER_CONNECTION_DIFFICULT,REGISTER_CONNECTION,REGISTER_CONNECTION,REGISTER_CONNECTION,REGISTER_CONNECTION,1.0,GENERIC_COLLAPSE,SOVT_GLIDE,SOVT_GLIDE
d5045bc290a1,HIGH_NOTE_FLIPS,HIGH_NOTE_UNSTABLE,REGISTER_CONNECTION,REGISTER_CONNECTION,REGISTER_CONNECTION,REGISTER_CONNECTION,1.0,GENERIC_COLLAPSE,SOVT_GLIDE,SOVT_GLIDE
d5045bc290a1,HIGH_NOTE_FLIPS,THROAT_EFFORT,REGISTER_CONNECTION,REGISTER_CONNECTION,REGISTER_CONNECTION,REGISTER_CONNECTION,1.0,GENERIC_COLLAPSE,SOVT_GLIDE,SOVT_GLIDE
d5045bc290a1,HIGH_NOTE_FLIPS,LOUD_VOICE_DIFFICULT,REGISTER_CONNECTION,REGISTER_CONNECTION,REGISTER_CONNECTION,REGISTER_CONNECTION,1.0,GENERIC_COLLAPSE,SOVT_GLIDE,SOVT_GLIDE
d5045bc290a1,HIGH_NOTE_FLIPS,VOCAL_FATIGUE,REGISTER_CONNECTION,REGISTER_CONNECTION,REGISTER_CONNECTION,REGISTER_CONNECTION,1.0,GENERIC_COLLAPSE,SOVT_GLIDE,SOVT_GLIDE
d5045bc290a1,HIGH_NOTE_FLIPS,AFTER_SINGING_FATIGUE,REGISTER_CONNECTION,REGISTER_CONNECTION,REGISTER_CONNECTION,REGISTER_CONNECTION,1.0,GENERIC_COLLAPSE,SOVT_GLIDE,SOVT_GLIDE
d5045bc290a1,HIGH_NOTE_FLIPS,PITCH_UNSTABLE,REGISTER_CONNECTION,REGISTER_CONNECTION,REGISTER_CONNECTION,REGISTER_CONNECTION,1.0,GENERIC_COLLAPSE,SOVT_GLIDE,SOVT_GLIDE
d5045bc290a1,HIGH_NOTE_FLIPS,REGISTER_CONNECTION_DIFFICULT,REGISTER_CONNECTION,REGISTER_CONNECTION,REGISTER_CONNECTION,REGISTER_CONNECTION,1.0,GENERIC_COLLAPSE,SOVT_GLIDE,SOVT_GLIDE
d5045bc290a1,HIGH_NOTE_THINS,TIMBRE_CHANGES_HIGH,REGISTER_CONNECTION,REGISTER_CONNECTION,REGISTER_CONNECTION,REGISTER_CONNECTION,1.0,GENERIC_COLLAPSE,SOVT_GLIDE,SOVT_GLIDE
d5045bc290a1,HIGH_NOTE_UNSTABLE,THROAT_EFFORT,REGISTER_CONNECTION,REGISTER_CONNECTION,REGISTER_CONNECTION,REGISTER_CONNECTION,1.0,GENERIC_COLLAPSE,SOVT_GLIDE,SOVT_GLIDE
d5045bc290a1,HIGH_NOTE_UNSTABLE,LOUD_VOICE_DIFFICULT,REGISTER_CONNECTION,REGISTER_CONNECTION,REGISTER_CONNECTION,REGISTER_CONNECTION,1.0,GENERIC_COLLAPSE,SOVT_GLIDE,SOVT_GLIDE
d5045bc290a1,HIGH_NOTE_UNSTABLE,VOCAL_FATIGUE,REGISTER_CONNECTION,REGISTER_CONNECTION,REGISTER_CONNECTION,REGISTER_CONNECTION,1.0,GENERIC_COLLAPSE,SOVT_GLIDE,SOVT_GLIDE
d5045bc290a1,HIGH_NOTE_UNSTABLE,AFTER_SINGING_FATIGUE,REGISTER_CONNECTION,REGISTER_CONNECTION,REGISTER_CONNECTION,REGISTER_CONNECTION,1.0,GENERIC_COLLAPSE,SOVT_GLIDE,SOVT_GLIDE
d5045bc290a1,HIGH_NOTE_UNSTABLE,PITCH_UNSTABLE,REGISTER_CONNECTION,REGISTER_CONNECTION,REGISTER_CONNECTION,REGISTER_CONNECTION,1.0,GENERIC_COLLAPSE,SOVT_GLIDE,SOVT_GLIDE
d5045bc290a1,HIGH_NOTE_UNSTABLE,REGISTER_CONNECTION_DIFFICULT,REGISTER_CONNECTION,REGISTER_CONNECTION,REGISTER_CONNECTION,REGISTER_CONNECTION,1.0,GENERIC_COLLAPSE,SOVT_GLIDE,SOVT_GLIDE
d5045bc290a1,THROAT_EFFORT,LOUD_VOICE_DIFFICULT,REGISTER_CONNECTION,REGISTER_CONNECTION,REGISTER_CONNECTION,REGISTER_CONNECTION,1.0,GENERIC_COLLAPSE,SOVT_GLIDE,SOVT_GLIDE
d5045bc290a1,THROAT_EFFORT,VOCAL_FATIGUE,REGISTER_CONNECTION,REGISTER_CONNECTION,REGISTER_CONNECTION,REGISTER_CONNECTION,1.0,GENERIC_COLLAPSE,SOVT_GLIDE,SOVT_GLIDE
d5045bc290a1,THROAT_EFFORT,AFTER_SINGING_FATIGUE,REGISTER_CONNECTION,REGISTER_CONNECTION,REGISTER_CONNECTION,REGISTER_CONNECTION,1.0,GENERIC_COLLAPSE,SOVT_GLIDE,SOVT_GLIDE
d5045bc290a1,THROAT_EFFORT,PITCH_UNSTABLE,REGISTER_CONNECTION,REGISTER_CONNECTION,REGISTER_CONNECTION,REGISTER_CONNECTION,1.0,GENERIC_COLLAPSE,SOVT_GLIDE,SOVT_GLIDE
d5045bc290a1,THROAT_EFFORT,REGISTER_CONNECTION_DIFFICULT,REGISTER_CONNECTION,REGISTER_CONNECTION,REGISTER_CONNECTION,REGISTER_CONNECTION,1.0,GENERIC_COLLAPSE,SOVT_GLIDE,SOVT_GLIDE
d5045bc290a1,LOUD_VOICE_DIFFICULT,VOCAL_FATIGUE,REGISTER_CONNECTION,REGISTER_CONNECTION,REGISTER_CONNECTION,REGISTER_CONNECTION,1.0,GENERIC_COLLAPSE,SOVT_GLIDE,SOVT_GLIDE
d5045bc290a1,LOUD_VOICE_DIFFICULT,AFTER_SINGING_FATIGUE,REGISTER_CONNECTION,REGISTER_CONNECTION,REGISTER_CONNECTION,REGISTER_CONNECTION,1.0,GENERIC_COLLAPSE,SOVT_GLIDE,SOVT_GLIDE
d5045bc290a1,LOUD_VOICE_DIFFICULT,PITCH_UNSTABLE,REGISTER_CONNECTION,REGISTER_CONNECTION,REGISTER_CONNECTION,REGISTER_CONNECTION,1.0,GENERIC_COLLAPSE,SOVT_GLIDE,SOVT_GLIDE
d5045bc290a1,LOUD_VOICE_DIFFICULT,REGISTER_CONNECTION_DIFFICULT,REGISTER_CONNECTION,REGISTER_CONNECTION,REGISTER_CONNECTION,REGISTER_CONNECTION,1.0,GENERIC_COLLAPSE,SOVT_GLIDE,SOVT_GLIDE
d5045bc290a1,VOCAL_FATIGUE,AFTER_SINGING_FATIGUE,REGISTER_CONNECTION,REGISTER_CONNECTION,REGISTER_CONNECTION,REGISTER_CONNECTION,1.0,GENERIC_COLLAPSE,SOVT_GLIDE,SOVT_GLIDE
d5045bc290a1,VOCAL_FATIGUE,PITCH_UNSTABLE,REGISTER_CONNECTION,REGISTER_CONNECTION,REGISTER_CONNECTION,REGISTER_CONNECTION,1.0,GENERIC_COLLAPSE,SOVT_GLIDE,SOVT_GLIDE
d5045bc290a1,VOCAL_FATIGUE,REGISTER_CONNECTION_DIFFICULT,REGISTER_CONNECTION,REGISTER_CONNECTION,REGISTER_CONNECTION,REGISTER_CONNECTION,1.0,GENERIC_COLLAPSE,SOVT_GLIDE,SOVT_GLIDE
d5045bc290a1,AFTER_SINGING_FATIGUE,PITCH_UNSTABLE,REGISTER_CONNECTION,REGISTER_CONNECTION,REGISTER_CONNECTION,REGISTER_CONNECTION,1.0,GENERIC_COLLAPSE,SOVT_GLIDE,SOVT_GLIDE
d5045bc290a1,AFTER_SINGING_FATIGUE,REGISTER_CONNECTION_DIFFICULT,REGISTER_CONNECTION,REGISTER_CONNECTION,REGISTER_CONNECTION,REGISTER_CONNECTION,1.0,GENERIC_COLLAPSE,SOVT_GLIDE,SOVT_GLIDE
d5045bc290a1,PITCH_UNSTABLE,REGISTER_CONNECTION_DIFFICULT,REGISTER_CONNECTION,REGISTER_CONNECTION,REGISTER_CONNECTION,REGISTER_CONNECTION,1.0,GENERIC_COLLAPSE,SOVT_GLIDE,SOVT_GLIDE
d5045bc290a1,PAIN_WHILE_SINGING,PAIN_AFTER_SINGING,SAFETY,SAFETY,SAFETY,SAFETY,0.9375,LEGITIMATE_SHARED_FOCUS,SAFETY,SAFETY
d5045bc290a1,PAIN_WHILE_SINGING,SPEAKING_DISCOMFORT,SAFETY,SAFETY,SAFETY,SAFETY,0.9707,GENERIC_COLLAPSE,SAFETY,SAFETY
d5045bc290a1,PAIN_WHILE_SINGING,PERSISTENT_HOARSENESS,SAFETY,SAFETY,SAFETY,SAFETY,0.948,LEGITIMATE_SHARED_FOCUS,SAFETY,SAFETY
d5045bc290a1,PAIN_AFTER_SINGING,SPEAKING_DISCOMFORT,SAFETY,SAFETY,SAFETY,SAFETY,0.9414,LEGITIMATE_SHARED_FOCUS,SAFETY,SAFETY
d5045bc290a1,PAIN_AFTER_SINGING,PERSISTENT_HOARSENESS,SAFETY,SAFETY,SAFETY,SAFETY,0.948,LEGITIMATE_SHARED_FOCUS,SAFETY,SAFETY
d5045bc290a1,SPEAKING_DISCOMFORT,PERSISTENT_HOARSENESS,SAFETY,SAFETY,SAFETY,SAFETY,0.9436,LEGITIMATE_SHARED_FOCUS,SAFETY,SAFETY
d87efe3c048b,HIGH_NOTE_CANNOT_REACH,HIGH_NOTE_TOO_EFFORTFUL,REGISTER_CONNECTION,REGISTER_CONNECTION,REGISTER_CONNECTION,REGISTER_CONNECTION,1.0,GENERIC_COLLAPSE,SOVT_GLIDE,SOVT_GLIDE
d87efe3c048b,HIGH_NOTE_CANNOT_REACH,HIGH_NOTE_FLIPS,REGISTER_CONNECTION,REGISTER_CONNECTION,REGISTER_CONNECTION,REGISTER_CONNECTION,1.0,GENERIC_COLLAPSE,SOVT_GLIDE,SOVT_GLIDE
d87efe3c048b,HIGH_NOTE_TOO_EFFORTFUL,HIGH_NOTE_FLIPS,REGISTER_CONNECTION,REGISTER_CONNECTION,REGISTER_CONNECTION,REGISTER_CONNECTION,1.0,GENERIC_COLLAPSE,SOVT_GLIDE,SOVT_GLIDE
d87efe3c048b,HIGH_NOTE_UNSTABLE,PITCH_UNSTABLE,STABILITY,STABILITY,STABILITY,STABILITY,1.0,GENERIC_COLLAPSE,SUSTAIN_HOLD,SUSTAIN_HOLD
d87efe3c048b,HIGH_NOTE_UNSTABLE,REGISTER_CONNECTION_DIFFICULT,STABILITY,STABILITY,STABILITY,STABILITY,1.0,GENERIC_COLLAPSE,SUSTAIN_HOLD,SUSTAIN_HOLD
d87efe3c048b,THROAT_EFFORT,LOUD_VOICE_DIFFICULT,EFFORT,EFFORT,MAINTAIN,MAINTAIN,1.0,GENERIC_COLLAPSE,SUSTAIN_HOLD,SUSTAIN_HOLD
d87efe3c048b,THROAT_EFFORT,VOCAL_FATIGUE,EFFORT,EFFORT,MAINTAIN,MAINTAIN,1.0,GENERIC_COLLAPSE,SUSTAIN_HOLD,SUSTAIN_HOLD
d87efe3c048b,THROAT_EFFORT,AFTER_SINGING_FATIGUE,EFFORT,EFFORT,MAINTAIN,MAINTAIN,1.0,GENERIC_COLLAPSE,SUSTAIN_HOLD,SUSTAIN_HOLD
d87efe3c048b,LOUD_VOICE_DIFFICULT,VOCAL_FATIGUE,EFFORT,EFFORT,MAINTAIN,MAINTAIN,1.0,GENERIC_COLLAPSE,SUSTAIN_HOLD,SUSTAIN_HOLD
d87efe3c048b,LOUD_VOICE_DIFFICULT,AFTER_SINGING_FATIGUE,EFFORT,EFFORT,MAINTAIN,MAINTAIN,1.0,GENERIC_COLLAPSE,SUSTAIN_HOLD,SUSTAIN_HOLD
d87efe3c048b,VOCAL_FATIGUE,AFTER_SINGING_FATIGUE,EFFORT,EFFORT,MAINTAIN,MAINTAIN,1.0,GENERIC_COLLAPSE,SUSTAIN_HOLD,SUSTAIN_HOLD
d87efe3c048b,VOICE_TOO_THIN,VOICE_TOO_BREATHY,MAINTAIN,TIMBRE,MAINTAIN,TIMBRE_STYLE,1.0,GENERIC_COLLAPSE,VOWEL_CONNECT,VOWEL_CONNECT
d87efe3c048b,VOICE_TOO_DARK_MUFFLED,TIMBRE_CHANGES_HIGH,BRIGHTNESS,REGISTER_CONNECTION,TIMBRE_STYLE,REGISTER_CONNECTION,1.0,GENERIC_COLLAPSE,ARTICULATION,ARTICULATION
d87efe3c048b,PITCH_UNSTABLE,REGISTER_CONNECTION_DIFFICULT,STABILITY,STABILITY,STABILITY,STABILITY,1.0,GENERIC_COLLAPSE,SUSTAIN_HOLD,SUSTAIN_HOLD
d87efe3c048b,PAIN_WHILE_SINGING,PAIN_AFTER_SINGING,SAFETY,SAFETY,SAFETY,SAFETY,0.9375,LEGITIMATE_SHARED_FOCUS,SAFETY,SAFETY
d87efe3c048b,PAIN_WHILE_SINGING,SPEAKING_DISCOMFORT,SAFETY,SAFETY,SAFETY,SAFETY,0.9707,GENERIC_COLLAPSE,SAFETY,SAFETY
d87efe3c048b,PAIN_WHILE_SINGING,PERSISTENT_HOARSENESS,SAFETY,SAFETY,SAFETY,SAFETY,0.948,LEGITIMATE_SHARED_FOCUS,SAFETY,SAFETY
d87efe3c048b,PAIN_AFTER_SINGING,SPEAKING_DISCOMFORT,SAFETY,SAFETY,SAFETY,SAFETY,0.9414,LEGITIMATE_SHARED_FOCUS,SAFETY,SAFETY
d87efe3c048b,PAIN_AFTER_SINGING,PERSISTENT_HOARSENESS,SAFETY,SAFETY,SAFETY,SAFETY,0.948,LEGITIMATE_SHARED_FOCUS,SAFETY,SAFETY
d87efe3c048b,SPEAKING_DISCOMFORT,PERSISTENT_HOARSENESS,SAFETY,SAFETY,SAFETY,SAFETY,0.9436,LEGITIMATE_SHARED_FOCUS,SAFETY,SAFETY
e1c87ca2521c,HIGH_NOTE_CANNOT_REACH,HIGH_NOTE_TOO_EFFORTFUL,REGISTER_CONNECTION,REGISTER_CONNECTION,REGISTER_CONNECTION,REGISTER_CONNECTION,1.0,GENERIC_COLLAPSE,SOVT_GLIDE,SOVT_GLIDE
e1c87ca2521c,HIGH_NOTE_CANNOT_REACH,HIGH_NOTE_FLIPS,REGISTER_CONNECTION,REGISTER_CONNECTION,REGISTER_CONNECTION,REGISTER_CONNECTION,1.0,GENERIC_COLLAPSE,SOVT_GLIDE,SOVT_GLIDE
e1c87ca2521c,HIGH_NOTE_TOO_EFFORTFUL,HIGH_NOTE_FLIPS,REGISTER_CONNECTION,REGISTER_CONNECTION,REGISTER_CONNECTION,REGISTER_CONNECTION,1.0,GENERIC_COLLAPSE,SOVT_GLIDE,SOVT_GLIDE
e1c87ca2521c,HIGH_NOTE_UNSTABLE,PITCH_UNSTABLE,STABILITY,STABILITY,STABILITY,STABILITY,1.0,GENERIC_COLLAPSE,SUSTAIN_HOLD,SUSTAIN_HOLD
e1c87ca2521c,HIGH_NOTE_UNSTABLE,REGISTER_CONNECTION_DIFFICULT,STABILITY,STABILITY,STABILITY,STABILITY,1.0,GENERIC_COLLAPSE,SUSTAIN_HOLD,SUSTAIN_HOLD
e1c87ca2521c,THROAT_EFFORT,LOUD_VOICE_DIFFICULT,EFFORT,EFFORT,MAINTAIN,MAINTAIN,1.0,GENERIC_COLLAPSE,SUSTAIN_HOLD,SUSTAIN_HOLD
e1c87ca2521c,THROAT_EFFORT,VOCAL_FATIGUE,EFFORT,EFFORT,MAINTAIN,MAINTAIN,1.0,GENERIC_COLLAPSE,SUSTAIN_HOLD,SUSTAIN_HOLD
e1c87ca2521c,THROAT_EFFORT,AFTER_SINGING_FATIGUE,EFFORT,EFFORT,MAINTAIN,MAINTAIN,1.0,GENERIC_COLLAPSE,SUSTAIN_HOLD,SUSTAIN_HOLD
e1c87ca2521c,LOUD_VOICE_DIFFICULT,VOCAL_FATIGUE,EFFORT,EFFORT,MAINTAIN,MAINTAIN,1.0,GENERIC_COLLAPSE,SUSTAIN_HOLD,SUSTAIN_HOLD
e1c87ca2521c,LOUD_VOICE_DIFFICULT,AFTER_SINGING_FATIGUE,EFFORT,EFFORT,MAINTAIN,MAINTAIN,1.0,GENERIC_COLLAPSE,SUSTAIN_HOLD,SUSTAIN_HOLD
e1c87ca2521c,VOCAL_FATIGUE,AFTER_SINGING_FATIGUE,EFFORT,EFFORT,MAINTAIN,MAINTAIN,1.0,GENERIC_COLLAPSE,SUSTAIN_HOLD,SUSTAIN_HOLD
e1c87ca2521c,VOICE_TOO_DARK_MUFFLED,TIMBRE_CHANGES_HIGH,BRIGHTNESS,REGISTER_CONNECTION,TIMBRE_STYLE,REGISTER_CONNECTION,1.0,GENERIC_COLLAPSE,ARTICULATION,ARTICULATION
e1c87ca2521c,PITCH_UNSTABLE,REGISTER_CONNECTION_DIFFICULT,STABILITY,STABILITY,STABILITY,STABILITY,1.0,GENERIC_COLLAPSE,SUSTAIN_HOLD,SUSTAIN_HOLD
e1c87ca2521c,PAIN_WHILE_SINGING,PAIN_AFTER_SINGING,SAFETY,SAFETY,SAFETY,SAFETY,0.9375,LEGITIMATE_SHARED_FOCUS,SAFETY,SAFETY
e1c87ca2521c,PAIN_WHILE_SINGING,SPEAKING_DISCOMFORT,SAFETY,SAFETY,SAFETY,SAFETY,0.9707,GENERIC_COLLAPSE,SAFETY,SAFETY
e1c87ca2521c,PAIN_WHILE_SINGING,PERSISTENT_HOARSENESS,SAFETY,SAFETY,SAFETY,SAFETY,0.948,LEGITIMATE_SHARED_FOCUS,SAFETY,SAFETY
e1c87ca2521c,PAIN_AFTER_SINGING,SPEAKING_DISCOMFORT,SAFETY,SAFETY,SAFETY,SAFETY,0.9414,LEGITIMATE_SHARED_FOCUS,SAFETY,SAFETY
e1c87ca2521c,PAIN_AFTER_SINGING,PERSISTENT_HOARSENESS,SAFETY,SAFETY,SAFETY,SAFETY,0.948,LEGITIMATE_SHARED_FOCUS,SAFETY,SAFETY
e1c87ca2521c,SPEAKING_DISCOMFORT,PERSISTENT_HOARSENESS,SAFETY,SAFETY,SAFETY,SAFETY,0.9436,LEGITIMATE_SHARED_FOCUS,SAFETY,SAFETY
e67deea6f112,HIGH_NOTE_CANNOT_REACH,HIGH_NOTE_TOO_EFFORTFUL,REGISTER_CONNECTION,REGISTER_CONNECTION,REGISTER_CONNECTION,REGISTER_CONNECTION,1.0,GENERIC_COLLAPSE,SOVT_GLIDE,SOVT_GLIDE
e67deea6f112,HIGH_NOTE_CANNOT_REACH,HIGH_NOTE_FLIPS,REGISTER_CONNECTION,REGISTER_CONNECTION,REGISTER_CONNECTION,REGISTER_CONNECTION,1.0,GENERIC_COLLAPSE,SOVT_GLIDE,SOVT_GLIDE
e67deea6f112,HIGH_NOTE_TOO_EFFORTFUL,HIGH_NOTE_FLIPS,REGISTER_CONNECTION,REGISTER_CONNECTION,REGISTER_CONNECTION,REGISTER_CONNECTION,1.0,GENERIC_COLLAPSE,SOVT_GLIDE,SOVT_GLIDE
e67deea6f112,HIGH_NOTE_UNSTABLE,PITCH_UNSTABLE,STABILITY,STABILITY,STABILITY,STABILITY,1.0,GENERIC_COLLAPSE,SUSTAIN_HOLD,SUSTAIN_HOLD
e67deea6f112,HIGH_NOTE_UNSTABLE,REGISTER_CONNECTION_DIFFICULT,STABILITY,STABILITY,STABILITY,STABILITY,1.0,GENERIC_COLLAPSE,SUSTAIN_HOLD,SUSTAIN_HOLD
e67deea6f112,THROAT_EFFORT,LOUD_VOICE_DIFFICULT,EFFORT,EFFORT,MAINTAIN,MAINTAIN,1.0,GENERIC_COLLAPSE,SUSTAIN_HOLD,SUSTAIN_HOLD
e67deea6f112,THROAT_EFFORT,VOCAL_FATIGUE,EFFORT,EFFORT,MAINTAIN,MAINTAIN,1.0,GENERIC_COLLAPSE,SUSTAIN_HOLD,SUSTAIN_HOLD
e67deea6f112,THROAT_EFFORT,AFTER_SINGING_FATIGUE,EFFORT,EFFORT,MAINTAIN,MAINTAIN,1.0,GENERIC_COLLAPSE,SUSTAIN_HOLD,SUSTAIN_HOLD
e67deea6f112,LOUD_VOICE_DIFFICULT,VOCAL_FATIGUE,EFFORT,EFFORT,MAINTAIN,MAINTAIN,1.0,GENERIC_COLLAPSE,SUSTAIN_HOLD,SUSTAIN_HOLD
e67deea6f112,LOUD_VOICE_DIFFICULT,AFTER_SINGING_FATIGUE,EFFORT,EFFORT,MAINTAIN,MAINTAIN,1.0,GENERIC_COLLAPSE,SUSTAIN_HOLD,SUSTAIN_HOLD
e67deea6f112,VOCAL_FATIGUE,AFTER_SINGING_FATIGUE,EFFORT,EFFORT,MAINTAIN,MAINTAIN,1.0,GENERIC_COLLAPSE,SUSTAIN_HOLD,SUSTAIN_HOLD
e67deea6f112,VOICE_TOO_THIN,VOICE_TOO_BREATHY,MAINTAIN,MAINTAIN,MAINTAIN,MAINTAIN,1.0,GENERIC_COLLAPSE,VOWEL_CONNECT,VOWEL_CONNECT
e67deea6f112,VOICE_TOO_DARK_MUFFLED,TIMBRE_CHANGES_HIGH,BRIGHTNESS,REGISTER_CONNECTION,TIMBRE_STYLE,REGISTER_CONNECTION,1.0,GENERIC_COLLAPSE,ARTICULATION,ARTICULATION
e67deea6f112,PITCH_UNSTABLE,REGISTER_CONNECTION_DIFFICULT,STABILITY,STABILITY,STABILITY,STABILITY,1.0,GENERIC_COLLAPSE,SUSTAIN_HOLD,SUSTAIN_HOLD
e67deea6f112,PAIN_WHILE_SINGING,PAIN_AFTER_SINGING,SAFETY,SAFETY,SAFETY,SAFETY,0.9375,LEGITIMATE_SHARED_FOCUS,SAFETY,SAFETY
e67deea6f112,PAIN_WHILE_SINGING,SPEAKING_DISCOMFORT,SAFETY,SAFETY,SAFETY,SAFETY,0.9707,GENERIC_COLLAPSE,SAFETY,SAFETY
e67deea6f112,PAIN_WHILE_SINGING,PERSISTENT_HOARSENESS,SAFETY,SAFETY,SAFETY,SAFETY,0.948,LEGITIMATE_SHARED_FOCUS,SAFETY,SAFETY
e67deea6f112,PAIN_AFTER_SINGING,SPEAKING_DISCOMFORT,SAFETY,SAFETY,SAFETY,SAFETY,0.9414,LEGITIMATE_SHARED_FOCUS,SAFETY,SAFETY
e67deea6f112,PAIN_AFTER_SINGING,PERSISTENT_HOARSENESS,SAFETY,SAFETY,SAFETY,SAFETY,0.948,LEGITIMATE_SHARED_FOCUS,SAFETY,SAFETY
e67deea6f112,SPEAKING_DISCOMFORT,PERSISTENT_HOARSENESS,SAFETY,SAFETY,SAFETY,SAFETY,0.9436,LEGITIMATE_SHARED_FOCUS,SAFETY,SAFETY
e8314e2d9fd3,HIGH_NOTE_CANNOT_REACH,HIGH_NOTE_TOO_EFFORTFUL,REGISTER_CONNECTION,REGISTER_CONNECTION,REGISTER_CONNECTION,REGISTER_CONNECTION,1.0,GENERIC_COLLAPSE,SOVT_GLIDE,SOVT_GLIDE
e8314e2d9fd3,HIGH_NOTE_CANNOT_REACH,HIGH_NOTE_FLIPS,REGISTER_CONNECTION,REGISTER_CONNECTION,REGISTER_CONNECTION,REGISTER_CONNECTION,1.0,GENERIC_COLLAPSE,SOVT_GLIDE,SOVT_GLIDE
e8314e2d9fd3,HIGH_NOTE_TOO_EFFORTFUL,HIGH_NOTE_FLIPS,REGISTER_CONNECTION,REGISTER_CONNECTION,REGISTER_CONNECTION,REGISTER_CONNECTION,1.0,GENERIC_COLLAPSE,SOVT_GLIDE,SOVT_GLIDE
e8314e2d9fd3,HIGH_NOTE_UNSTABLE,PITCH_UNSTABLE,STABILITY,STABILITY,STABILITY,STABILITY,1.0,GENERIC_COLLAPSE,SUSTAIN_HOLD,SUSTAIN_HOLD
e8314e2d9fd3,HIGH_NOTE_UNSTABLE,REGISTER_CONNECTION_DIFFICULT,STABILITY,STABILITY,STABILITY,STABILITY,1.0,GENERIC_COLLAPSE,SUSTAIN_HOLD,SUSTAIN_HOLD
e8314e2d9fd3,THROAT_EFFORT,LOUD_VOICE_DIFFICULT,EFFORT,EFFORT,MAINTAIN,MAINTAIN,1.0,GENERIC_COLLAPSE,SUSTAIN_HOLD,SUSTAIN_HOLD
e8314e2d9fd3,THROAT_EFFORT,VOCAL_FATIGUE,EFFORT,EFFORT,MAINTAIN,MAINTAIN,1.0,GENERIC_COLLAPSE,SUSTAIN_HOLD,SUSTAIN_HOLD
e8314e2d9fd3,THROAT_EFFORT,AFTER_SINGING_FATIGUE,EFFORT,EFFORT,MAINTAIN,MAINTAIN,1.0,GENERIC_COLLAPSE,SUSTAIN_HOLD,SUSTAIN_HOLD
e8314e2d9fd3,LOUD_VOICE_DIFFICULT,VOCAL_FATIGUE,EFFORT,EFFORT,MAINTAIN,MAINTAIN,1.0,GENERIC_COLLAPSE,SUSTAIN_HOLD,SUSTAIN_HOLD
e8314e2d9fd3,LOUD_VOICE_DIFFICULT,AFTER_SINGING_FATIGUE,EFFORT,EFFORT,MAINTAIN,MAINTAIN,1.0,GENERIC_COLLAPSE,SUSTAIN_HOLD,SUSTAIN_HOLD
e8314e2d9fd3,VOCAL_FATIGUE,AFTER_SINGING_FATIGUE,EFFORT,EFFORT,MAINTAIN,MAINTAIN,1.0,GENERIC_COLLAPSE,SUSTAIN_HOLD,SUSTAIN_HOLD
e8314e2d9fd3,VOICE_TOO_THIN,VOICE_TOO_BREATHY,MAINTAIN,TIMBRE,MAINTAIN,TIMBRE_STYLE,1.0,GENERIC_COLLAPSE,VOWEL_CONNECT,VOWEL_CONNECT
e8314e2d9fd3,VOICE_TOO_DARK_MUFFLED,OTHER_CONCERN,PRESENCE,MAINTAIN,PRESENCE,MAINTAIN,1.0,GENERIC_COLLAPSE,ARTICULATION,ARTICULATION
e8314e2d9fd3,PITCH_UNSTABLE,REGISTER_CONNECTION_DIFFICULT,STABILITY,STABILITY,STABILITY,STABILITY,1.0,GENERIC_COLLAPSE,SUSTAIN_HOLD,SUSTAIN_HOLD
e8314e2d9fd3,PAIN_WHILE_SINGING,PAIN_AFTER_SINGING,SAFETY,SAFETY,SAFETY,SAFETY,0.9375,LEGITIMATE_SHARED_FOCUS,SAFETY,SAFETY
e8314e2d9fd3,PAIN_WHILE_SINGING,SPEAKING_DISCOMFORT,SAFETY,SAFETY,SAFETY,SAFETY,0.9707,GENERIC_COLLAPSE,SAFETY,SAFETY
e8314e2d9fd3,PAIN_WHILE_SINGING,PERSISTENT_HOARSENESS,SAFETY,SAFETY,SAFETY,SAFETY,0.948,LEGITIMATE_SHARED_FOCUS,SAFETY,SAFETY
e8314e2d9fd3,PAIN_AFTER_SINGING,SPEAKING_DISCOMFORT,SAFETY,SAFETY,SAFETY,SAFETY,0.9414,LEGITIMATE_SHARED_FOCUS,SAFETY,SAFETY
e8314e2d9fd3,PAIN_AFTER_SINGING,PERSISTENT_HOARSENESS,SAFETY,SAFETY,SAFETY,SAFETY,0.948,LEGITIMATE_SHARED_FOCUS,SAFETY,SAFETY
e8314e2d9fd3,SPEAKING_DISCOMFORT,PERSISTENT_HOARSENESS,SAFETY,SAFETY,SAFETY,SAFETY,0.9436,LEGITIMATE_SHARED_FOCUS,SAFETY,SAFETY
e8b8aa373520,HIGH_NOTE_CANNOT_REACH,HIGH_NOTE_FLIPS,REGISTER_CONNECTION,REGISTER_CONNECTION,REGISTER_CONNECTION,REGISTER_CONNECTION,1.0,GENERIC_COLLAPSE,SOVT_GLIDE,SOVT_GLIDE
e8b8aa373520,HIGH_NOTE_TOO_EFFORTFUL,THROAT_EFFORT,MAINTAIN,EFFORT,MAINTAIN,MAINTAIN,1.0,GENERIC_COLLAPSE,SUSTAIN_HOLD,SUSTAIN_HOLD
e8b8aa373520,HIGH_NOTE_TOO_EFFORTFUL,LOUD_VOICE_DIFFICULT,MAINTAIN,EFFORT,MAINTAIN,MAINTAIN,1.0,GENERIC_COLLAPSE,SUSTAIN_HOLD,SUSTAIN_HOLD
e8b8aa373520,HIGH_NOTE_TOO_EFFORTFUL,VOCAL_FATIGUE,MAINTAIN,EFFORT,MAINTAIN,MAINTAIN,1.0,GENERIC_COLLAPSE,SUSTAIN_HOLD,SUSTAIN_HOLD
e8b8aa373520,HIGH_NOTE_TOO_EFFORTFUL,AFTER_SINGING_FATIGUE,MAINTAIN,EFFORT,MAINTAIN,MAINTAIN,1.0,GENERIC_COLLAPSE,SUSTAIN_HOLD,SUSTAIN_HOLD
e8b8aa373520,HIGH_NOTE_UNSTABLE,PITCH_UNSTABLE,STABILITY,STABILITY,STABILITY,STABILITY,1.0,GENERIC_COLLAPSE,SUSTAIN_HOLD,SUSTAIN_HOLD
e8b8aa373520,HIGH_NOTE_UNSTABLE,REGISTER_CONNECTION_DIFFICULT,STABILITY,STABILITY,STABILITY,STABILITY,1.0,GENERIC_COLLAPSE,SUSTAIN_HOLD,SUSTAIN_HOLD
e8b8aa373520,THROAT_EFFORT,LOUD_VOICE_DIFFICULT,EFFORT,EFFORT,MAINTAIN,MAINTAIN,1.0,GENERIC_COLLAPSE,SUSTAIN_HOLD,SUSTAIN_HOLD
e8b8aa373520,THROAT_EFFORT,VOCAL_FATIGUE,EFFORT,EFFORT,MAINTAIN,MAINTAIN,1.0,GENERIC_COLLAPSE,SUSTAIN_HOLD,SUSTAIN_HOLD
e8b8aa373520,THROAT_EFFORT,AFTER_SINGING_FATIGUE,EFFORT,EFFORT,MAINTAIN,MAINTAIN,1.0,GENERIC_COLLAPSE,SUSTAIN_HOLD,SUSTAIN_HOLD
e8b8aa373520,LOUD_VOICE_DIFFICULT,VOCAL_FATIGUE,EFFORT,EFFORT,MAINTAIN,MAINTAIN,1.0,GENERIC_COLLAPSE,SUSTAIN_HOLD,SUSTAIN_HOLD
e8b8aa373520,LOUD_VOICE_DIFFICULT,AFTER_SINGING_FATIGUE,EFFORT,EFFORT,MAINTAIN,MAINTAIN,1.0,GENERIC_COLLAPSE,SUSTAIN_HOLD,SUSTAIN_HOLD
e8b8aa373520,VOCAL_FATIGUE,AFTER_SINGING_FATIGUE,EFFORT,EFFORT,MAINTAIN,MAINTAIN,1.0,GENERIC_COLLAPSE,SUSTAIN_HOLD,SUSTAIN_HOLD
e8b8aa373520,VOICE_TOO_THIN,VOICE_TOO_BREATHY,PRESENCE,BREATHINESS,PRESENCE,BREATHINESS,1.0,GENERIC_COLLAPSE,SUSTAIN_HOLD,SUSTAIN_HOLD
e8b8aa373520,VOICE_TOO_DARK_MUFFLED,TIMBRE_CHANGES_HIGH,BRIGHTNESS,REGISTER_CONNECTION,TIMBRE_STYLE,REGISTER_CONNECTION,1.0,GENERIC_COLLAPSE,ARTICULATION,ARTICULATION
e8b8aa373520,PITCH_UNSTABLE,REGISTER_CONNECTION_DIFFICULT,STABILITY,STABILITY,STABILITY,STABILITY,1.0,GENERIC_COLLAPSE,SUSTAIN_HOLD,SUSTAIN_HOLD
e8b8aa373520,PAIN_WHILE_SINGING,PAIN_AFTER_SINGING,SAFETY,SAFETY,SAFETY,SAFETY,0.9375,LEGITIMATE_SHARED_FOCUS,SAFETY,SAFETY
e8b8aa373520,PAIN_WHILE_SINGING,SPEAKING_DISCOMFORT,SAFETY,SAFETY,SAFETY,SAFETY,0.9707,GENERIC_COLLAPSE,SAFETY,SAFETY
e8b8aa373520,PAIN_WHILE_SINGING,PERSISTENT_HOARSENESS,SAFETY,SAFETY,SAFETY,SAFETY,0.948,LEGITIMATE_SHARED_FOCUS,SAFETY,SAFETY
e8b8aa373520,PAIN_AFTER_SINGING,SPEAKING_DISCOMFORT,SAFETY,SAFETY,SAFETY,SAFETY,0.9414,LEGITIMATE_SHARED_FOCUS,SAFETY,SAFETY
e8b8aa373520,PAIN_AFTER_SINGING,PERSISTENT_HOARSENESS,SAFETY,SAFETY,SAFETY,SAFETY,0.948,LEGITIMATE_SHARED_FOCUS,SAFETY,SAFETY
e8b8aa373520,SPEAKING_DISCOMFORT,PERSISTENT_HOARSENESS,SAFETY,SAFETY,SAFETY,SAFETY,0.9436,LEGITIMATE_SHARED_FOCUS,SAFETY,SAFETY
ec93548d279f,HIGH_NOTE_CANNOT_REACH,HIGH_NOTE_TOO_EFFORTFUL,REGISTER_CONNECTION,REGISTER_CONNECTION,REGISTER_CONNECTION,REGISTER_CONNECTION,1.0,GENERIC_COLLAPSE,SOVT_GLIDE,SOVT_GLIDE
ec93548d279f,HIGH_NOTE_CANNOT_REACH,HIGH_NOTE_FLIPS,REGISTER_CONNECTION,REGISTER_CONNECTION,REGISTER_CONNECTION,REGISTER_CONNECTION,1.0,GENERIC_COLLAPSE,SOVT_GLIDE,SOVT_GLIDE
ec93548d279f,HIGH_NOTE_TOO_EFFORTFUL,HIGH_NOTE_FLIPS,REGISTER_CONNECTION,REGISTER_CONNECTION,REGISTER_CONNECTION,REGISTER_CONNECTION,1.0,GENERIC_COLLAPSE,SOVT_GLIDE,SOVT_GLIDE
ec93548d279f,HIGH_NOTE_UNSTABLE,PITCH_UNSTABLE,STABILITY,STABILITY,STABILITY,STABILITY,1.0,GENERIC_COLLAPSE,SUSTAIN_HOLD,SUSTAIN_HOLD
ec93548d279f,HIGH_NOTE_UNSTABLE,REGISTER_CONNECTION_DIFFICULT,STABILITY,STABILITY,STABILITY,STABILITY,1.0,GENERIC_COLLAPSE,SUSTAIN_HOLD,SUSTAIN_HOLD
ec93548d279f,THROAT_EFFORT,LOUD_VOICE_DIFFICULT,EFFORT,EFFORT,MAINTAIN,MAINTAIN,1.0,GENERIC_COLLAPSE,SUSTAIN_HOLD,SUSTAIN_HOLD
ec93548d279f,THROAT_EFFORT,VOCAL_FATIGUE,EFFORT,EFFORT,MAINTAIN,MAINTAIN,1.0,GENERIC_COLLAPSE,SUSTAIN_HOLD,SUSTAIN_HOLD
ec93548d279f,THROAT_EFFORT,AFTER_SINGING_FATIGUE,EFFORT,EFFORT,MAINTAIN,MAINTAIN,1.0,GENERIC_COLLAPSE,SUSTAIN_HOLD,SUSTAIN_HOLD
ec93548d279f,LOUD_VOICE_DIFFICULT,VOCAL_FATIGUE,EFFORT,EFFORT,MAINTAIN,MAINTAIN,1.0,GENERIC_COLLAPSE,SUSTAIN_HOLD,SUSTAIN_HOLD
ec93548d279f,LOUD_VOICE_DIFFICULT,AFTER_SINGING_FATIGUE,EFFORT,EFFORT,MAINTAIN,MAINTAIN,1.0,GENERIC_COLLAPSE,SUSTAIN_HOLD,SUSTAIN_HOLD
ec93548d279f,VOCAL_FATIGUE,AFTER_SINGING_FATIGUE,EFFORT,EFFORT,MAINTAIN,MAINTAIN,1.0,GENERIC_COLLAPSE,SUSTAIN_HOLD,SUSTAIN_HOLD
ec93548d279f,VOICE_TOO_THIN,VOICE_TOO_BREATHY,MAINTAIN,MAINTAIN,MAINTAIN,MAINTAIN,1.0,GENERIC_COLLAPSE,VOWEL_CONNECT,VOWEL_CONNECT
ec93548d279f,VOICE_TOO_DARK_MUFFLED,OTHER_CONCERN,PRESENCE,MAINTAIN,PRESENCE,MAINTAIN,1.0,GENERIC_COLLAPSE,ARTICULATION,ARTICULATION
ec93548d279f,PITCH_UNSTABLE,REGISTER_CONNECTION_DIFFICULT,STABILITY,STABILITY,STABILITY,STABILITY,1.0,GENERIC_COLLAPSE,SUSTAIN_HOLD,SUSTAIN_HOLD
ec93548d279f,PAIN_WHILE_SINGING,PAIN_AFTER_SINGING,SAFETY,SAFETY,SAFETY,SAFETY,0.9375,LEGITIMATE_SHARED_FOCUS,SAFETY,SAFETY
ec93548d279f,PAIN_WHILE_SINGING,SPEAKING_DISCOMFORT,SAFETY,SAFETY,SAFETY,SAFETY,0.9707,GENERIC_COLLAPSE,SAFETY,SAFETY
ec93548d279f,PAIN_WHILE_SINGING,PERSISTENT_HOARSENESS,SAFETY,SAFETY,SAFETY,SAFETY,0.948,LEGITIMATE_SHARED_FOCUS,SAFETY,SAFETY
ec93548d279f,PAIN_AFTER_SINGING,SPEAKING_DISCOMFORT,SAFETY,SAFETY,SAFETY,SAFETY,0.9414,LEGITIMATE_SHARED_FOCUS,SAFETY,SAFETY
ec93548d279f,PAIN_AFTER_SINGING,PERSISTENT_HOARSENESS,SAFETY,SAFETY,SAFETY,SAFETY,0.948,LEGITIMATE_SHARED_FOCUS,SAFETY,SAFETY
ec93548d279f,SPEAKING_DISCOMFORT,PERSISTENT_HOARSENESS,SAFETY,SAFETY,SAFETY,SAFETY,0.9436,LEGITIMATE_SHARED_FOCUS,SAFETY,SAFETY
ed401e191813,HIGH_NOTE_CANNOT_REACH,HIGH_NOTE_TOO_EFFORTFUL,REGISTER_CONNECTION,REGISTER_CONNECTION,REGISTER_CONNECTION,REGISTER_CONNECTION,1.0,GENERIC_COLLAPSE,SOVT_GLIDE,SOVT_GLIDE
ed401e191813,HIGH_NOTE_CANNOT_REACH,HIGH_NOTE_FLIPS,REGISTER_CONNECTION,REGISTER_CONNECTION,REGISTER_CONNECTION,REGISTER_CONNECTION,1.0,GENERIC_COLLAPSE,SOVT_GLIDE,SOVT_GLIDE
ed401e191813,HIGH_NOTE_TOO_EFFORTFUL,HIGH_NOTE_FLIPS,REGISTER_CONNECTION,REGISTER_CONNECTION,REGISTER_CONNECTION,REGISTER_CONNECTION,1.0,GENERIC_COLLAPSE,SOVT_GLIDE,SOVT_GLIDE
ed401e191813,HIGH_NOTE_UNSTABLE,PITCH_UNSTABLE,STABILITY,STABILITY,STABILITY,STABILITY,1.0,GENERIC_COLLAPSE,SUSTAIN_HOLD,SUSTAIN_HOLD
ed401e191813,HIGH_NOTE_UNSTABLE,REGISTER_CONNECTION_DIFFICULT,STABILITY,STABILITY,STABILITY,STABILITY,1.0,GENERIC_COLLAPSE,SUSTAIN_HOLD,SUSTAIN_HOLD
ed401e191813,THROAT_EFFORT,LOUD_VOICE_DIFFICULT,EFFORT,EFFORT,MAINTAIN,MAINTAIN,1.0,GENERIC_COLLAPSE,SUSTAIN_HOLD,SUSTAIN_HOLD
ed401e191813,THROAT_EFFORT,VOCAL_FATIGUE,EFFORT,EFFORT,MAINTAIN,MAINTAIN,1.0,GENERIC_COLLAPSE,SUSTAIN_HOLD,SUSTAIN_HOLD
ed401e191813,THROAT_EFFORT,AFTER_SINGING_FATIGUE,EFFORT,EFFORT,MAINTAIN,MAINTAIN,1.0,GENERIC_COLLAPSE,SUSTAIN_HOLD,SUSTAIN_HOLD
ed401e191813,LOUD_VOICE_DIFFICULT,VOCAL_FATIGUE,EFFORT,EFFORT,MAINTAIN,MAINTAIN,1.0,GENERIC_COLLAPSE,SUSTAIN_HOLD,SUSTAIN_HOLD
ed401e191813,LOUD_VOICE_DIFFICULT,AFTER_SINGING_FATIGUE,EFFORT,EFFORT,MAINTAIN,MAINTAIN,1.0,GENERIC_COLLAPSE,SUSTAIN_HOLD,SUSTAIN_HOLD
ed401e191813,VOCAL_FATIGUE,AFTER_SINGING_FATIGUE,EFFORT,EFFORT,MAINTAIN,MAINTAIN,1.0,GENERIC_COLLAPSE,SUSTAIN_HOLD,SUSTAIN_HOLD
ed401e191813,VOICE_TOO_DARK_MUFFLED,TIMBRE_CHANGES_HIGH,BRIGHTNESS,REGISTER_CONNECTION,TIMBRE_STYLE,REGISTER_CONNECTION,1.0,GENERIC_COLLAPSE,ARTICULATION,ARTICULATION
ed401e191813,PITCH_UNSTABLE,REGISTER_CONNECTION_DIFFICULT,STABILITY,STABILITY,STABILITY,STABILITY,1.0,GENERIC_COLLAPSE,SUSTAIN_HOLD,SUSTAIN_HOLD
ed401e191813,PAIN_WHILE_SINGING,PAIN_AFTER_SINGING,SAFETY,SAFETY,SAFETY,SAFETY,0.9375,LEGITIMATE_SHARED_FOCUS,SAFETY,SAFETY
ed401e191813,PAIN_WHILE_SINGING,SPEAKING_DISCOMFORT,SAFETY,SAFETY,SAFETY,SAFETY,0.9707,GENERIC_COLLAPSE,SAFETY,SAFETY
ed401e191813,PAIN_WHILE_SINGING,PERSISTENT_HOARSENESS,SAFETY,SAFETY,SAFETY,SAFETY,0.948,LEGITIMATE_SHARED_FOCUS,SAFETY,SAFETY
ed401e191813,PAIN_AFTER_SINGING,SPEAKING_DISCOMFORT,SAFETY,SAFETY,SAFETY,SAFETY,0.9414,LEGITIMATE_SHARED_FOCUS,SAFETY,SAFETY
ed401e191813,PAIN_AFTER_SINGING,PERSISTENT_HOARSENESS,SAFETY,SAFETY,SAFETY,SAFETY,0.948,LEGITIMATE_SHARED_FOCUS,SAFETY,SAFETY
ed401e191813,SPEAKING_DISCOMFORT,PERSISTENT_HOARSENESS,SAFETY,SAFETY,SAFETY,SAFETY,0.9436,LEGITIMATE_SHARED_FOCUS,SAFETY,SAFETY
ee4a74e09cc1,HIGH_NOTE_CANNOT_REACH,HIGH_NOTE_TOO_EFFORTFUL,REGISTER_CONNECTION,REGISTER_CONNECTION,REGISTER_CONNECTION,REGISTER_CONNECTION,1.0,GENERIC_COLLAPSE,SOVT_GLIDE,SOVT_GLIDE
ee4a74e09cc1,HIGH_NOTE_CANNOT_REACH,HIGH_NOTE_FLIPS,REGISTER_CONNECTION,REGISTER_CONNECTION,REGISTER_CONNECTION,REGISTER_CONNECTION,1.0,GENERIC_COLLAPSE,SOVT_GLIDE,SOVT_GLIDE
ee4a74e09cc1,HIGH_NOTE_TOO_EFFORTFUL,HIGH_NOTE_FLIPS,REGISTER_CONNECTION,REGISTER_CONNECTION,REGISTER_CONNECTION,REGISTER_CONNECTION,1.0,GENERIC_COLLAPSE,SOVT_GLIDE,SOVT_GLIDE
ee4a74e09cc1,HIGH_NOTE_UNSTABLE,PITCH_UNSTABLE,STABILITY,STABILITY,STABILITY,STABILITY,1.0,GENERIC_COLLAPSE,SUSTAIN_HOLD,SUSTAIN_HOLD
ee4a74e09cc1,HIGH_NOTE_UNSTABLE,REGISTER_CONNECTION_DIFFICULT,STABILITY,STABILITY,STABILITY,STABILITY,1.0,GENERIC_COLLAPSE,SUSTAIN_HOLD,SUSTAIN_HOLD
ee4a74e09cc1,THROAT_EFFORT,LOUD_VOICE_DIFFICULT,EFFORT,EFFORT,MAINTAIN,MAINTAIN,1.0,GENERIC_COLLAPSE,SUSTAIN_HOLD,SUSTAIN_HOLD
ee4a74e09cc1,THROAT_EFFORT,VOCAL_FATIGUE,EFFORT,EFFORT,MAINTAIN,MAINTAIN,1.0,GENERIC_COLLAPSE,SUSTAIN_HOLD,SUSTAIN_HOLD
ee4a74e09cc1,THROAT_EFFORT,AFTER_SINGING_FATIGUE,EFFORT,EFFORT,MAINTAIN,MAINTAIN,1.0,GENERIC_COLLAPSE,SUSTAIN_HOLD,SUSTAIN_HOLD
ee4a74e09cc1,LOUD_VOICE_DIFFICULT,VOCAL_FATIGUE,EFFORT,EFFORT,MAINTAIN,MAINTAIN,1.0,GENERIC_COLLAPSE,SUSTAIN_HOLD,SUSTAIN_HOLD
ee4a74e09cc1,LOUD_VOICE_DIFFICULT,AFTER_SINGING_FATIGUE,EFFORT,EFFORT,MAINTAIN,MAINTAIN,1.0,GENERIC_COLLAPSE,SUSTAIN_HOLD,SUSTAIN_HOLD
ee4a74e09cc1,VOCAL_FATIGUE,AFTER_SINGING_FATIGUE,EFFORT,EFFORT,MAINTAIN,MAINTAIN,1.0,GENERIC_COLLAPSE,SUSTAIN_HOLD,SUSTAIN_HOLD
ee4a74e09cc1,VOICE_TOO_THIN,VOICE_TOO_BREATHY,MAINTAIN,TIMBRE,MAINTAIN,TIMBRE_STYLE,1.0,GENERIC_COLLAPSE,VOWEL_CONNECT,VOWEL_CONNECT
ee4a74e09cc1,VOICE_TOO_DARK_MUFFLED,OTHER_CONCERN,PRESENCE,MAINTAIN,PRESENCE,MAINTAIN,1.0,GENERIC_COLLAPSE,ARTICULATION,ARTICULATION
ee4a74e09cc1,PITCH_UNSTABLE,REGISTER_CONNECTION_DIFFICULT,STABILITY,STABILITY,STABILITY,STABILITY,1.0,GENERIC_COLLAPSE,SUSTAIN_HOLD,SUSTAIN_HOLD
ee4a74e09cc1,PAIN_WHILE_SINGING,PAIN_AFTER_SINGING,SAFETY,SAFETY,SAFETY,SAFETY,0.9375,LEGITIMATE_SHARED_FOCUS,SAFETY,SAFETY
ee4a74e09cc1,PAIN_WHILE_SINGING,SPEAKING_DISCOMFORT,SAFETY,SAFETY,SAFETY,SAFETY,0.9707,GENERIC_COLLAPSE,SAFETY,SAFETY
ee4a74e09cc1,PAIN_WHILE_SINGING,PERSISTENT_HOARSENESS,SAFETY,SAFETY,SAFETY,SAFETY,0.948,LEGITIMATE_SHARED_FOCUS,SAFETY,SAFETY
ee4a74e09cc1,PAIN_AFTER_SINGING,SPEAKING_DISCOMFORT,SAFETY,SAFETY,SAFETY,SAFETY,0.9414,LEGITIMATE_SHARED_FOCUS,SAFETY,SAFETY
ee4a74e09cc1,PAIN_AFTER_SINGING,PERSISTENT_HOARSENESS,SAFETY,SAFETY,SAFETY,SAFETY,0.948,LEGITIMATE_SHARED_FOCUS,SAFETY,SAFETY
ee4a74e09cc1,SPEAKING_DISCOMFORT,PERSISTENT_HOARSENESS,SAFETY,SAFETY,SAFETY,SAFETY,0.9436,LEGITIMATE_SHARED_FOCUS,SAFETY,SAFETY
f17b7f4ff446,HIGH_NOTE_CANNOT_REACH,HIGH_NOTE_FLIPS,REGISTER_CONNECTION,REGISTER_CONNECTION,REGISTER_CONNECTION,REGISTER_CONNECTION,1.0,GENERIC_COLLAPSE,SOVT_GLIDE,SOVT_GLIDE
f17b7f4ff446,HIGH_NOTE_TOO_EFFORTFUL,THROAT_EFFORT,MAINTAIN,EFFORT,MAINTAIN,MAINTAIN,1.0,GENERIC_COLLAPSE,SUSTAIN_HOLD,SUSTAIN_HOLD
f17b7f4ff446,HIGH_NOTE_TOO_EFFORTFUL,LOUD_VOICE_DIFFICULT,MAINTAIN,EFFORT,MAINTAIN,MAINTAIN,1.0,GENERIC_COLLAPSE,SUSTAIN_HOLD,SUSTAIN_HOLD
f17b7f4ff446,HIGH_NOTE_TOO_EFFORTFUL,VOCAL_FATIGUE,MAINTAIN,EFFORT,MAINTAIN,MAINTAIN,1.0,GENERIC_COLLAPSE,SUSTAIN_HOLD,SUSTAIN_HOLD
f17b7f4ff446,HIGH_NOTE_TOO_EFFORTFUL,AFTER_SINGING_FATIGUE,MAINTAIN,EFFORT,MAINTAIN,MAINTAIN,1.0,GENERIC_COLLAPSE,SUSTAIN_HOLD,SUSTAIN_HOLD
f17b7f4ff446,HIGH_NOTE_UNSTABLE,PITCH_UNSTABLE,STABILITY,STABILITY,STABILITY,STABILITY,1.0,GENERIC_COLLAPSE,SUSTAIN_HOLD,SUSTAIN_HOLD
f17b7f4ff446,HIGH_NOTE_UNSTABLE,REGISTER_CONNECTION_DIFFICULT,STABILITY,STABILITY,STABILITY,STABILITY,1.0,GENERIC_COLLAPSE,SUSTAIN_HOLD,SUSTAIN_HOLD
f17b7f4ff446,THROAT_EFFORT,LOUD_VOICE_DIFFICULT,EFFORT,EFFORT,MAINTAIN,MAINTAIN,1.0,GENERIC_COLLAPSE,SUSTAIN_HOLD,SUSTAIN_HOLD
f17b7f4ff446,THROAT_EFFORT,VOCAL_FATIGUE,EFFORT,EFFORT,MAINTAIN,MAINTAIN,1.0,GENERIC_COLLAPSE,SUSTAIN_HOLD,SUSTAIN_HOLD
f17b7f4ff446,THROAT_EFFORT,AFTER_SINGING_FATIGUE,EFFORT,EFFORT,MAINTAIN,MAINTAIN,1.0,GENERIC_COLLAPSE,SUSTAIN_HOLD,SUSTAIN_HOLD
f17b7f4ff446,LOUD_VOICE_DIFFICULT,VOCAL_FATIGUE,EFFORT,EFFORT,MAINTAIN,MAINTAIN,1.0,GENERIC_COLLAPSE,SUSTAIN_HOLD,SUSTAIN_HOLD
f17b7f4ff446,LOUD_VOICE_DIFFICULT,AFTER_SINGING_FATIGUE,EFFORT,EFFORT,MAINTAIN,MAINTAIN,1.0,GENERIC_COLLAPSE,SUSTAIN_HOLD,SUSTAIN_HOLD
f17b7f4ff446,VOCAL_FATIGUE,AFTER_SINGING_FATIGUE,EFFORT,EFFORT,MAINTAIN,MAINTAIN,1.0,GENERIC_COLLAPSE,SUSTAIN_HOLD,SUSTAIN_HOLD
f17b7f4ff446,VOICE_TOO_DARK_MUFFLED,TIMBRE_CHANGES_HIGH,BRIGHTNESS,REGISTER_CONNECTION,TIMBRE_STYLE,REGISTER_CONNECTION,1.0,GENERIC_COLLAPSE,ARTICULATION,ARTICULATION
f17b7f4ff446,PITCH_UNSTABLE,REGISTER_CONNECTION_DIFFICULT,STABILITY,STABILITY,STABILITY,STABILITY,1.0,GENERIC_COLLAPSE,SUSTAIN_HOLD,SUSTAIN_HOLD
f17b7f4ff446,PAIN_WHILE_SINGING,PAIN_AFTER_SINGING,SAFETY,SAFETY,SAFETY,SAFETY,0.9375,LEGITIMATE_SHARED_FOCUS,SAFETY,SAFETY
f17b7f4ff446,PAIN_WHILE_SINGING,SPEAKING_DISCOMFORT,SAFETY,SAFETY,SAFETY,SAFETY,0.9707,GENERIC_COLLAPSE,SAFETY,SAFETY
f17b7f4ff446,PAIN_WHILE_SINGING,PERSISTENT_HOARSENESS,SAFETY,SAFETY,SAFETY,SAFETY,0.948,LEGITIMATE_SHARED_FOCUS,SAFETY,SAFETY
f17b7f4ff446,PAIN_AFTER_SINGING,SPEAKING_DISCOMFORT,SAFETY,SAFETY,SAFETY,SAFETY,0.9414,LEGITIMATE_SHARED_FOCUS,SAFETY,SAFETY
f17b7f4ff446,PAIN_AFTER_SINGING,PERSISTENT_HOARSENESS,SAFETY,SAFETY,SAFETY,SAFETY,0.948,LEGITIMATE_SHARED_FOCUS,SAFETY,SAFETY
f17b7f4ff446,SPEAKING_DISCOMFORT,PERSISTENT_HOARSENESS,SAFETY,SAFETY,SAFETY,SAFETY,0.9436,LEGITIMATE_SHARED_FOCUS,SAFETY,SAFETY
f19129f7b4dc,HIGH_NOTE_CANNOT_REACH,HIGH_NOTE_TOO_EFFORTFUL,REGISTER_CONNECTION,REGISTER_CONNECTION,REGISTER_CONNECTION,REGISTER_CONNECTION,1.0,GENERIC_COLLAPSE,SOVT_GLIDE,SOVT_GLIDE
f19129f7b4dc,HIGH_NOTE_CANNOT_REACH,HIGH_NOTE_FLIPS,REGISTER_CONNECTION,REGISTER_CONNECTION,REGISTER_CONNECTION,REGISTER_CONNECTION,1.0,GENERIC_COLLAPSE,SOVT_GLIDE,SOVT_GLIDE
f19129f7b4dc,HIGH_NOTE_TOO_EFFORTFUL,HIGH_NOTE_FLIPS,REGISTER_CONNECTION,REGISTER_CONNECTION,REGISTER_CONNECTION,REGISTER_CONNECTION,1.0,GENERIC_COLLAPSE,SOVT_GLIDE,SOVT_GLIDE
f19129f7b4dc,HIGH_NOTE_UNSTABLE,PITCH_UNSTABLE,STABILITY,STABILITY,STABILITY,STABILITY,1.0,GENERIC_COLLAPSE,SUSTAIN_HOLD,SUSTAIN_HOLD
f19129f7b4dc,HIGH_NOTE_UNSTABLE,REGISTER_CONNECTION_DIFFICULT,STABILITY,STABILITY,STABILITY,STABILITY,1.0,GENERIC_COLLAPSE,SUSTAIN_HOLD,SUSTAIN_HOLD
f19129f7b4dc,THROAT_EFFORT,LOUD_VOICE_DIFFICULT,EFFORT,EFFORT,MAINTAIN,MAINTAIN,1.0,GENERIC_COLLAPSE,SUSTAIN_HOLD,SUSTAIN_HOLD
f19129f7b4dc,THROAT_EFFORT,VOCAL_FATIGUE,EFFORT,EFFORT,MAINTAIN,MAINTAIN,1.0,GENERIC_COLLAPSE,SUSTAIN_HOLD,SUSTAIN_HOLD
f19129f7b4dc,THROAT_EFFORT,AFTER_SINGING_FATIGUE,EFFORT,EFFORT,MAINTAIN,MAINTAIN,1.0,GENERIC_COLLAPSE,SUSTAIN_HOLD,SUSTAIN_HOLD
f19129f7b4dc,LOUD_VOICE_DIFFICULT,VOCAL_FATIGUE,EFFORT,EFFORT,MAINTAIN,MAINTAIN,1.0,GENERIC_COLLAPSE,SUSTAIN_HOLD,SUSTAIN_HOLD
f19129f7b4dc,LOUD_VOICE_DIFFICULT,AFTER_SINGING_FATIGUE,EFFORT,EFFORT,MAINTAIN,MAINTAIN,1.0,GENERIC_COLLAPSE,SUSTAIN_HOLD,SUSTAIN_HOLD
f19129f7b4dc,VOCAL_FATIGUE,AFTER_SINGING_FATIGUE,EFFORT,EFFORT,MAINTAIN,MAINTAIN,1.0,GENERIC_COLLAPSE,SUSTAIN_HOLD,SUSTAIN_HOLD
f19129f7b4dc,VOICE_TOO_THIN,VOICE_TOO_BREATHY,MAINTAIN,TIMBRE,MAINTAIN,TIMBRE_STYLE,1.0,GENERIC_COLLAPSE,VOWEL_CONNECT,VOWEL_CONNECT
f19129f7b4dc,VOICE_TOO_DARK_MUFFLED,OTHER_CONCERN,PRESENCE,MAINTAIN,PRESENCE,MAINTAIN,1.0,GENERIC_COLLAPSE,ARTICULATION,ARTICULATION
f19129f7b4dc,PITCH_UNSTABLE,REGISTER_CONNECTION_DIFFICULT,STABILITY,STABILITY,STABILITY,STABILITY,1.0,GENERIC_COLLAPSE,SUSTAIN_HOLD,SUSTAIN_HOLD
f19129f7b4dc,PAIN_WHILE_SINGING,PAIN_AFTER_SINGING,SAFETY,SAFETY,SAFETY,SAFETY,0.9375,LEGITIMATE_SHARED_FOCUS,SAFETY,SAFETY
f19129f7b4dc,PAIN_WHILE_SINGING,SPEAKING_DISCOMFORT,SAFETY,SAFETY,SAFETY,SAFETY,0.9707,GENERIC_COLLAPSE,SAFETY,SAFETY
f19129f7b4dc,PAIN_WHILE_SINGING,PERSISTENT_HOARSENESS,SAFETY,SAFETY,SAFETY,SAFETY,0.948,LEGITIMATE_SHARED_FOCUS,SAFETY,SAFETY
f19129f7b4dc,PAIN_AFTER_SINGING,SPEAKING_DISCOMFORT,SAFETY,SAFETY,SAFETY,SAFETY,0.9414,LEGITIMATE_SHARED_FOCUS,SAFETY,SAFETY
f19129f7b4dc,PAIN_AFTER_SINGING,PERSISTENT_HOARSENESS,SAFETY,SAFETY,SAFETY,SAFETY,0.948,LEGITIMATE_SHARED_FOCUS,SAFETY,SAFETY
f19129f7b4dc,SPEAKING_DISCOMFORT,PERSISTENT_HOARSENESS,SAFETY,SAFETY,SAFETY,SAFETY,0.9436,LEGITIMATE_SHARED_FOCUS,SAFETY,SAFETY
fadd83f6eb33,HIGH_NOTE_CANNOT_REACH,HIGH_NOTE_TOO_EFFORTFUL,REGISTER_CONNECTION,EFFORT,REGISTER_CONNECTION,REGISTER_CONNECTION,1.0,GENERIC_COLLAPSE,SOVT_GLIDE,SOVT_GLIDE
fadd83f6eb33,HIGH_NOTE_CANNOT_REACH,HIGH_NOTE_FLIPS,REGISTER_CONNECTION,REGISTER_CONNECTION,REGISTER_CONNECTION,REGISTER_CONNECTION,1.0,GENERIC_COLLAPSE,SOVT_GLIDE,SOVT_GLIDE
fadd83f6eb33,HIGH_NOTE_CANNOT_REACH,HIGH_NOTE_UNSTABLE,REGISTER_CONNECTION,EFFORT,REGISTER_CONNECTION,REGISTER_CONNECTION,1.0,GENERIC_COLLAPSE,SOVT_GLIDE,SOVT_GLIDE
fadd83f6eb33,HIGH_NOTE_CANNOT_REACH,THROAT_EFFORT,REGISTER_CONNECTION,EFFORT,REGISTER_CONNECTION,REGISTER_CONNECTION,1.0,GENERIC_COLLAPSE,SOVT_GLIDE,SOVT_GLIDE
fadd83f6eb33,HIGH_NOTE_CANNOT_REACH,LOUD_VOICE_DIFFICULT,REGISTER_CONNECTION,EFFORT,REGISTER_CONNECTION,REGISTER_CONNECTION,1.0,GENERIC_COLLAPSE,SOVT_GLIDE,SOVT_GLIDE
fadd83f6eb33,HIGH_NOTE_CANNOT_REACH,VOCAL_FATIGUE,REGISTER_CONNECTION,EFFORT,REGISTER_CONNECTION,REGISTER_CONNECTION,1.0,GENERIC_COLLAPSE,SOVT_GLIDE,SOVT_GLIDE
fadd83f6eb33,HIGH_NOTE_CANNOT_REACH,AFTER_SINGING_FATIGUE,REGISTER_CONNECTION,EFFORT,REGISTER_CONNECTION,REGISTER_CONNECTION,1.0,GENERIC_COLLAPSE,SOVT_GLIDE,SOVT_GLIDE
fadd83f6eb33,HIGH_NOTE_CANNOT_REACH,PITCH_UNSTABLE,REGISTER_CONNECTION,EFFORT,REGISTER_CONNECTION,REGISTER_CONNECTION,1.0,GENERIC_COLLAPSE,SOVT_GLIDE,SOVT_GLIDE
fadd83f6eb33,HIGH_NOTE_CANNOT_REACH,REGISTER_CONNECTION_DIFFICULT,REGISTER_CONNECTION,REGISTER_CONNECTION,REGISTER_CONNECTION,REGISTER_CONNECTION,1.0,GENERIC_COLLAPSE,SOVT_GLIDE,SOVT_GLIDE
fadd83f6eb33,HIGH_NOTE_CANNOT_REACH,VIBRATO_UNSTABLE,REGISTER_CONNECTION,EFFORT,REGISTER_CONNECTION,REGISTER_CONNECTION,1.0,GENERIC_COLLAPSE,SOVT_GLIDE,SOVT_GLIDE
fadd83f6eb33,HIGH_NOTE_TOO_EFFORTFUL,HIGH_NOTE_FLIPS,EFFORT,REGISTER_CONNECTION,REGISTER_CONNECTION,REGISTER_CONNECTION,1.0,GENERIC_COLLAPSE,SOVT_GLIDE,SOVT_GLIDE
fadd83f6eb33,HIGH_NOTE_TOO_EFFORTFUL,HIGH_NOTE_UNSTABLE,EFFORT,EFFORT,REGISTER_CONNECTION,REGISTER_CONNECTION,1.0,GENERIC_COLLAPSE,SOVT_GLIDE,SOVT_GLIDE
fadd83f6eb33,HIGH_NOTE_TOO_EFFORTFUL,THROAT_EFFORT,EFFORT,EFFORT,REGISTER_CONNECTION,REGISTER_CONNECTION,1.0,GENERIC_COLLAPSE,SOVT_GLIDE,SOVT_GLIDE
fadd83f6eb33,HIGH_NOTE_TOO_EFFORTFUL,LOUD_VOICE_DIFFICULT,EFFORT,EFFORT,REGISTER_CONNECTION,REGISTER_CONNECTION,1.0,GENERIC_COLLAPSE,SOVT_GLIDE,SOVT_GLIDE
fadd83f6eb33,HIGH_NOTE_TOO_EFFORTFUL,VOCAL_FATIGUE,EFFORT,EFFORT,REGISTER_CONNECTION,REGISTER_CONNECTION,1.0,GENERIC_COLLAPSE,SOVT_GLIDE,SOVT_GLIDE
fadd83f6eb33,HIGH_NOTE_TOO_EFFORTFUL,AFTER_SINGING_FATIGUE,EFFORT,EFFORT,REGISTER_CONNECTION,REGISTER_CONNECTION,1.0,GENERIC_COLLAPSE,SOVT_GLIDE,SOVT_GLIDE
fadd83f6eb33,HIGH_NOTE_TOO_EFFORTFUL,PITCH_UNSTABLE,EFFORT,EFFORT,REGISTER_CONNECTION,REGISTER_CONNECTION,1.0,GENERIC_COLLAPSE,SOVT_GLIDE,SOVT_GLIDE
fadd83f6eb33,HIGH_NOTE_TOO_EFFORTFUL,REGISTER_CONNECTION_DIFFICULT,EFFORT,REGISTER_CONNECTION,REGISTER_CONNECTION,REGISTER_CONNECTION,1.0,GENERIC_COLLAPSE,SOVT_GLIDE,SOVT_GLIDE
fadd83f6eb33,HIGH_NOTE_TOO_EFFORTFUL,VIBRATO_UNSTABLE,EFFORT,EFFORT,REGISTER_CONNECTION,REGISTER_CONNECTION,1.0,GENERIC_COLLAPSE,SOVT_GLIDE,SOVT_GLIDE
fadd83f6eb33,HIGH_NOTE_FLIPS,HIGH_NOTE_UNSTABLE,REGISTER_CONNECTION,EFFORT,REGISTER_CONNECTION,REGISTER_CONNECTION,1.0,GENERIC_COLLAPSE,SOVT_GLIDE,SOVT_GLIDE
fadd83f6eb33,HIGH_NOTE_FLIPS,THROAT_EFFORT,REGISTER_CONNECTION,EFFORT,REGISTER_CONNECTION,REGISTER_CONNECTION,1.0,GENERIC_COLLAPSE,SOVT_GLIDE,SOVT_GLIDE
fadd83f6eb33,HIGH_NOTE_FLIPS,LOUD_VOICE_DIFFICULT,REGISTER_CONNECTION,EFFORT,REGISTER_CONNECTION,REGISTER_CONNECTION,1.0,GENERIC_COLLAPSE,SOVT_GLIDE,SOVT_GLIDE
fadd83f6eb33,HIGH_NOTE_FLIPS,VOCAL_FATIGUE,REGISTER_CONNECTION,EFFORT,REGISTER_CONNECTION,REGISTER_CONNECTION,1.0,GENERIC_COLLAPSE,SOVT_GLIDE,SOVT_GLIDE
fadd83f6eb33,HIGH_NOTE_FLIPS,AFTER_SINGING_FATIGUE,REGISTER_CONNECTION,EFFORT,REGISTER_CONNECTION,REGISTER_CONNECTION,1.0,GENERIC_COLLAPSE,SOVT_GLIDE,SOVT_GLIDE
fadd83f6eb33,HIGH_NOTE_FLIPS,PITCH_UNSTABLE,REGISTER_CONNECTION,EFFORT,REGISTER_CONNECTION,REGISTER_CONNECTION,1.0,GENERIC_COLLAPSE,SOVT_GLIDE,SOVT_GLIDE
fadd83f6eb33,HIGH_NOTE_FLIPS,REGISTER_CONNECTION_DIFFICULT,REGISTER_CONNECTION,REGISTER_CONNECTION,REGISTER_CONNECTION,REGISTER_CONNECTION,1.0,GENERIC_COLLAPSE,SOVT_GLIDE,SOVT_GLIDE
fadd83f6eb33,HIGH_NOTE_FLIPS,VIBRATO_UNSTABLE,REGISTER_CONNECTION,EFFORT,REGISTER_CONNECTION,REGISTER_CONNECTION,1.0,GENERIC_COLLAPSE,SOVT_GLIDE,SOVT_GLIDE
fadd83f6eb33,HIGH_NOTE_THINS,TIMBRE_CHANGES_HIGH,REGISTER_CONNECTION,REGISTER_CONNECTION,REGISTER_CONNECTION,REGISTER_CONNECTION,1.0,GENERIC_COLLAPSE,SOVT_GLIDE,SOVT_GLIDE
fadd83f6eb33,HIGH_NOTE_UNSTABLE,THROAT_EFFORT,EFFORT,EFFORT,REGISTER_CONNECTION,REGISTER_CONNECTION,1.0,GENERIC_COLLAPSE,SOVT_GLIDE,SOVT_GLIDE
fadd83f6eb33,HIGH_NOTE_UNSTABLE,LOUD_VOICE_DIFFICULT,EFFORT,EFFORT,REGISTER_CONNECTION,REGISTER_CONNECTION,1.0,GENERIC_COLLAPSE,SOVT_GLIDE,SOVT_GLIDE
fadd83f6eb33,HIGH_NOTE_UNSTABLE,VOCAL_FATIGUE,EFFORT,EFFORT,REGISTER_CONNECTION,REGISTER_CONNECTION,1.0,GENERIC_COLLAPSE,SOVT_GLIDE,SOVT_GLIDE
fadd83f6eb33,HIGH_NOTE_UNSTABLE,AFTER_SINGING_FATIGUE,EFFORT,EFFORT,REGISTER_CONNECTION,REGISTER_CONNECTION,1.0,GENERIC_COLLAPSE,SOVT_GLIDE,SOVT_GLIDE
fadd83f6eb33,HIGH_NOTE_UNSTABLE,PITCH_UNSTABLE,EFFORT,EFFORT,REGISTER_CONNECTION,REGISTER_CONNECTION,1.0,GENERIC_COLLAPSE,SOVT_GLIDE,SOVT_GLIDE
fadd83f6eb33,HIGH_NOTE_UNSTABLE,REGISTER_CONNECTION_DIFFICULT,EFFORT,REGISTER_CONNECTION,REGISTER_CONNECTION,REGISTER_CONNECTION,1.0,GENERIC_COLLAPSE,SOVT_GLIDE,SOVT_GLIDE
fadd83f6eb33,HIGH_NOTE_UNSTABLE,VIBRATO_UNSTABLE,EFFORT,EFFORT,REGISTER_CONNECTION,REGISTER_CONNECTION,1.0,GENERIC_COLLAPSE,SOVT_GLIDE,SOVT_GLIDE
fadd83f6eb33,THROAT_EFFORT,LOUD_VOICE_DIFFICULT,EFFORT,EFFORT,REGISTER_CONNECTION,REGISTER_CONNECTION,1.0,GENERIC_COLLAPSE,SOVT_GLIDE,SOVT_GLIDE
fadd83f6eb33,THROAT_EFFORT,VOCAL_FATIGUE,EFFORT,EFFORT,REGISTER_CONNECTION,REGISTER_CONNECTION,1.0,GENERIC_COLLAPSE,SOVT_GLIDE,SOVT_GLIDE
fadd83f6eb33,THROAT_EFFORT,AFTER_SINGING_FATIGUE,EFFORT,EFFORT,REGISTER_CONNECTION,REGISTER_CONNECTION,1.0,GENERIC_COLLAPSE,SOVT_GLIDE,SOVT_GLIDE
fadd83f6eb33,THROAT_EFFORT,PITCH_UNSTABLE,EFFORT,EFFORT,REGISTER_CONNECTION,REGISTER_CONNECTION,1.0,GENERIC_COLLAPSE,SOVT_GLIDE,SOVT_GLIDE
fadd83f6eb33,THROAT_EFFORT,REGISTER_CONNECTION_DIFFICULT,EFFORT,REGISTER_CONNECTION,REGISTER_CONNECTION,REGISTER_CONNECTION,1.0,GENERIC_COLLAPSE,SOVT_GLIDE,SOVT_GLIDE
fadd83f6eb33,THROAT_EFFORT,VIBRATO_UNSTABLE,EFFORT,EFFORT,REGISTER_CONNECTION,REGISTER_CONNECTION,1.0,GENERIC_COLLAPSE,SOVT_GLIDE,SOVT_GLIDE
fadd83f6eb33,LOUD_VOICE_DIFFICULT,VOCAL_FATIGUE,EFFORT,EFFORT,REGISTER_CONNECTION,REGISTER_CONNECTION,1.0,GENERIC_COLLAPSE,SOVT_GLIDE,SOVT_GLIDE
fadd83f6eb33,LOUD_VOICE_DIFFICULT,AFTER_SINGING_FATIGUE,EFFORT,EFFORT,REGISTER_CONNECTION,REGISTER_CONNECTION,1.0,GENERIC_COLLAPSE,SOVT_GLIDE,SOVT_GLIDE
fadd83f6eb33,LOUD_VOICE_DIFFICULT,PITCH_UNSTABLE,EFFORT,EFFORT,REGISTER_CONNECTION,REGISTER_CONNECTION,1.0,GENERIC_COLLAPSE,SOVT_GLIDE,SOVT_GLIDE
fadd83f6eb33,LOUD_VOICE_DIFFICULT,REGISTER_CONNECTION_DIFFICULT,EFFORT,REGISTER_CONNECTION,REGISTER_CONNECTION,REGISTER_CONNECTION,1.0,GENERIC_COLLAPSE,SOVT_GLIDE,SOVT_GLIDE
fadd83f6eb33,LOUD_VOICE_DIFFICULT,VIBRATO_UNSTABLE,EFFORT,EFFORT,REGISTER_CONNECTION,REGISTER_CONNECTION,1.0,GENERIC_COLLAPSE,SOVT_GLIDE,SOVT_GLIDE
fadd83f6eb33,VOCAL_FATIGUE,AFTER_SINGING_FATIGUE,EFFORT,EFFORT,REGISTER_CONNECTION,REGISTER_CONNECTION,1.0,GENERIC_COLLAPSE,SOVT_GLIDE,SOVT_GLIDE
fadd83f6eb33,VOCAL_FATIGUE,PITCH_UNSTABLE,EFFORT,EFFORT,REGISTER_CONNECTION,REGISTER_CONNECTION,1.0,GENERIC_COLLAPSE,SOVT_GLIDE,SOVT_GLIDE
fadd83f6eb33,VOCAL_FATIGUE,REGISTER_CONNECTION_DIFFICULT,EFFORT,REGISTER_CONNECTION,REGISTER_CONNECTION,REGISTER_CONNECTION,1.0,GENERIC_COLLAPSE,SOVT_GLIDE,SOVT_GLIDE
fadd83f6eb33,VOCAL_FATIGUE,VIBRATO_UNSTABLE,EFFORT,EFFORT,REGISTER_CONNECTION,REGISTER_CONNECTION,1.0,GENERIC_COLLAPSE,SOVT_GLIDE,SOVT_GLIDE
fadd83f6eb33,AFTER_SINGING_FATIGUE,PITCH_UNSTABLE,EFFORT,EFFORT,REGISTER_CONNECTION,REGISTER_CONNECTION,1.0,GENERIC_COLLAPSE,SOVT_GLIDE,SOVT_GLIDE
fadd83f6eb33,AFTER_SINGING_FATIGUE,REGISTER_CONNECTION_DIFFICULT,EFFORT,REGISTER_CONNECTION,REGISTER_CONNECTION,REGISTER_CONNECTION,1.0,GENERIC_COLLAPSE,SOVT_GLIDE,SOVT_GLIDE
fadd83f6eb33,AFTER_SINGING_FATIGUE,VIBRATO_UNSTABLE,EFFORT,EFFORT,REGISTER_CONNECTION,REGISTER_CONNECTION,1.0,GENERIC_COLLAPSE,SOVT_GLIDE,SOVT_GLIDE
fadd83f6eb33,PITCH_UNSTABLE,REGISTER_CONNECTION_DIFFICULT,EFFORT,REGISTER_CONNECTION,REGISTER_CONNECTION,REGISTER_CONNECTION,1.0,GENERIC_COLLAPSE,SOVT_GLIDE,SOVT_GLIDE
fadd83f6eb33,PITCH_UNSTABLE,VIBRATO_UNSTABLE,EFFORT,EFFORT,REGISTER_CONNECTION,REGISTER_CONNECTION,1.0,GENERIC_COLLAPSE,SOVT_GLIDE,SOVT_GLIDE
fadd83f6eb33,REGISTER_CONNECTION_DIFFICULT,VIBRATO_UNSTABLE,REGISTER_CONNECTION,EFFORT,REGISTER_CONNECTION,REGISTER_CONNECTION,1.0,GENERIC_COLLAPSE,SOVT_GLIDE,SOVT_GLIDE
fadd83f6eb33,PAIN_WHILE_SINGING,PAIN_AFTER_SINGING,SAFETY,SAFETY,SAFETY,SAFETY,0.9375,LEGITIMATE_SHARED_FOCUS,SAFETY,SAFETY
fadd83f6eb33,PAIN_WHILE_SINGING,SPEAKING_DISCOMFORT,SAFETY,SAFETY,SAFETY,SAFETY,0.9707,GENERIC_COLLAPSE,SAFETY,SAFETY
fadd83f6eb33,PAIN_WHILE_SINGING,PERSISTENT_HOARSENESS,SAFETY,SAFETY,SAFETY,SAFETY,0.948,LEGITIMATE_SHARED_FOCUS,SAFETY,SAFETY
fadd83f6eb33,PAIN_AFTER_SINGING,SPEAKING_DISCOMFORT,SAFETY,SAFETY,SAFETY,SAFETY,0.9414,LEGITIMATE_SHARED_FOCUS,SAFETY,SAFETY
fadd83f6eb33,PAIN_AFTER_SINGING,PERSISTENT_HOARSENESS,SAFETY,SAFETY,SAFETY,SAFETY,0.948,LEGITIMATE_SHARED_FOCUS,SAFETY,SAFETY
fadd83f6eb33,SPEAKING_DISCOMFORT,PERSISTENT_HOARSENESS,SAFETY,SAFETY,SAFETY,SAFETY,0.9436,LEGITIMATE_SHARED_FOCUS,SAFETY,SAFETY
