stage,t_sec,rss_mb,swap_used_mb,mem_available_mb
A_import_model_load,0.0,None,0.0,None
A_import_model_load,0.753,None,0.0,None
A_import_model_load,1.254,None,0.0,None
A_import_model_load,1.795,None,0.0,None
A_import_model_load,2.304,None,0.0,None
A_import_model_load,2.809,None,0.0,None
A_import_model_load,3.312,None,0.0,None
A_import_model_load,3.818,None,0.0,None
A_import_model_load,4.324,None,0.0,None
A_import_model_load,4.833,None,0.0,None
A_import_model_load,5.333,None,0.0,None
A_import_model_load,5.835,None,0.0,None
A_import_model_load,6.335,None,0.0,None
A_import_model_load,6.836,None,0.0,None
A_import_model_load,7.339,None,0.0,None
A_import_model_load,7.839,None,0.0,None
A_import_model_load,8.34,None,0.0,None
A_import_model_load,8.84,None,0.0,None
A_import_model_load,9.354,None,0.0,None
A_import_model_load,9.984,None,0.0,None
A_import_model_load,10.491,None,0.0,None
A_import_model_load,11.006,None,0.0,None
A_import_model_load,11.506,None,0.0,None
A_import_model_load,12.013,None,0.0,None
A_import_model_load,12.514,None,0.0,None
A_import_model_load,13.015,None,0.0,None
A_import_model_load,13.524,None,0.0,None
A_import_model_load,14.025,None,0.0,None
A_import_model_load,14.527,None,0.0,None
A_import_model_load,15.027,None,0.0,None
A_import_model_load,15.546,None,0.0,None
A_import_model_load,16.047,None,0.0,None
A_import_model_load,16.553,None,0.0,None
A_import_model_load,17.055,None,0.0,None
A_import_model_load,17.558,None,0.0,None
A_import_model_load,18.063,None,0.0,None
A_import_model_load,18.565,None,0.0,None
A_import_model_load,19.072,None,0.0,None
A_import_model_load,19.573,None,0.0,None
A_import_model_load,20.073,None,0.0,None
A_import_model_load,20.574,None,0.0,None
B_15_30s_clip_separation,0.044,None,0.0,None
B_15_30s_clip_separation,0.715,None,0.0,None
B_15_30s_clip_separation,1.255,None,0.0,None
B_15_30s_clip_separation,2.156,None,0.0,None
B_15_30s_clip_separation,2.669,None,0.0,None
B_15_30s_clip_separation,3.176,None,0.0,None
B_15_30s_clip_separation,13.639,None,0.0,None
B_15_30s_clip_separation,14.142,None,0.0,None
B_15_30s_clip_separation,14.643,None,0.0,None
B_15_30s_clip_separation,15.159,None,0.0,None
B_15_30s_clip_separation,15.662,None,0.0,None
B_15_30s_clip_separation,16.163,None,0.0,None
B_15_30s_clip_separation,16.663,None,0.0,None
B_15_30s_clip_separation,17.164,None,0.0,None
B_15_30s_clip_separation,17.664,None,0.0,None
B_15_30s_clip_separation,18.165,None,0.0,None
B_15_30s_clip_separation,18.666,None,0.0,None
B_15_30s_clip_separation,19.166,None,0.0,None
B_15_30s_clip_separation,19.667,None,0.0,None
B_15_30s_clip_separation,20.167,None,0.0,None
B_15_30s_clip_separation,20.668,None,0.0,None
B_15_30s_clip_separation,21.168,None,0.0,None
B_15_30s_clip_separation,21.669,None,0.0,None
B_15_30s_clip_separation,22.169,None,0.0,None
B_15_30s_clip_separation,22.67,None,0.0,None
B_15_30s_clip_separation,23.17,None,0.0,None
B_15_30s_clip_separation,24.009,None,0.0,None
B_15_30s_clip_separation,24.54,None,0.0,None
B_15_30s_clip_separation,25.185,None,0.0,None
B_15_30s_clip_separation,25.77,None,0.0,None
B_15_30s_clip_separation,26.31,None,0.0,None
B_15_30s_clip_separation,26.887,None,0.0,None
B_15_30s_clip_separation,27.389,None,0.0,None
B_15_30s_clip_separation,27.89,None,0.0,None
B_15_30s_clip_separation,28.391,None,0.0,None
B_15_30s_clip_separation,28.892,None,0.0,None
B_15_30s_clip_separation,29.393,None,0.0,None
B_15_30s_clip_separation,29.893,None,0.0,None
B_15_30s_clip_separation,30.394,None,0.0,None
B_15_30s_clip_separation,30.894,None,0.0,None
B_15_30s_clip_separation,31.414,None,0.0,None
B_15_30s_clip_separation,31.915,None,0.0,None
B_15_30s_clip_separation,32.416,None,0.0,None
B_15_30s_clip_separation,32.916,None,0.0,None
B_15_30s_clip_separation,33.423,None,0.0,None
B_15_30s_clip_separation,33.926,None,0.0,None
B_15_30s_clip_separation,34.427,None,0.0,None
B_15_30s_clip_separation,34.928,None,0.0,None
B_15_30s_clip_separation,35.429,None,0.0,None
B_15_30s_clip_separation,35.929,None,0.0,None
B_15_30s_clip_separation,36.43,None,0.0,None
B_15_30s_clip_separation,36.93,None,0.0,None
B_15_30s_clip_separation,37.431,None,0.0,None
B_15_30s_clip_separation,37.931,None,0.0,None
B_15_30s_clip_separation,38.432,None,0.0,None
B_15_30s_clip_separation,38.933,None,0.0,None
B_15_30s_clip_separation,39.434,None,0.0,None
B_15_30s_clip_separation,39.935,None,0.0,None
B_15_30s_clip_separation,40.435,None,0.0,None
B_15_30s_clip_separation,40.936,None,0.0,None
B_15_30s_clip_separation,41.436,None,0.0,None
B_15_30s_clip_separation,41.937,None,0.0,None
B_15_30s_clip_separation,42.439,None,0.0,None
B_15_30s_clip_separation,42.94,None,0.0,None
B_15_30s_clip_separation,43.44,None,0.0,None
B_15_30s_clip_separation,43.942,None,0.0,None
B_15_30s_clip_separation,44.443,None,0.0,None
B_15_30s_clip_separation,44.943,None,0.0,None
B_15_30s_clip_separation,45.444,None,0.0,None
B_15_30s_clip_separation,45.944,None,0.0,None
B_15_30s_clip_separation,46.446,None,0.0,None
B_15_30s_clip_separation,46.946,None,0.0,None
B_15_30s_clip_separation,47.448,None,0.0,None
B_15_30s_clip_separation,47.948,None,0.0,None
B_15_30s_clip_separation,48.449,None,0.0,None
B_15_30s_clip_separation,48.949,None,0.0,None
B_15_30s_clip_separation,49.45,None,0.0,None
B_15_30s_clip_separation,49.951,None,0.0,None
B_15_30s_clip_separation,50.451,None,0.0,None
B_15_30s_clip_separation,50.952,None,0.0,None
B_15_30s_clip_separation,51.453,None,0.0,None
B_15_30s_clip_separation,51.954,None,0.0,None
B_15_30s_clip_separation,52.455,None,0.0,None
B_15_30s_clip_separation,52.956,None,0.0,None
B_15_30s_clip_separation,53.456,None,0.0,None
B_15_30s_clip_separation,53.96,None,0.0,None
B_15_30s_clip_separation,54.461,None,0.0,None
B_15_30s_clip_separation,54.962,None,0.0,None
B_15_30s_clip_separation,55.465,None,0.0,None
B_15_30s_clip_separation,55.966,None,0.0,None
B_15_30s_clip_separation,56.467,None,0.0,None
B_15_30s_clip_separation,56.969,None,0.0,None
B_15_30s_clip_separation,57.469,None,0.0,None
B_15_30s_clip_separation,57.97,None,0.0,None
B_15_30s_clip_separation,58.47,None,0.0,None
B_15_30s_clip_separation,58.971,None,0.0,None
B_15_30s_clip_separation,59.471,None,0.0,None
B_15_30s_clip_separation,59.972,None,0.0,None
B_15_30s_clip_separation,60.473,None,0.0,None
B_15_30s_clip_separation,61.093,None,0.0,None
B_15_30s_clip_separation,61.594,None,0.0,None
B_15_30s_clip_separation,62.095,None,0.0,None
B_15_30s_clip_separation,62.595,None,0.0,None
B_15_30s_clip_separation,63.096,None,0.0,None
B_15_30s_clip_separation,63.596,None,0.0,None
B_15_30s_clip_separation,64.097,None,0.0,None
B_15_30s_clip_separation,64.598,None,0.0,None
B_15_30s_clip_separation,65.1,None,0.0,None
B_15_30s_clip_separation,65.601,None,0.0,None
B_15_30s_clip_separation,66.101,None,0.0,None
B_15_30s_clip_separation,66.602,None,0.0,None
B_15_30s_clip_separation,67.108,None,0.0,None
B_15_30s_clip_separation,67.626,None,0.0,None
B_15_30s_clip_separation,68.127,None,0.0,None
B_15_30s_clip_separation,68.627,None,0.0,None
B_15_30s_clip_separation,69.128,None,0.0,None
B_15_30s_clip_separation,69.631,None,0.0,None
B_15_30s_clip_separation,70.142,None,0.0,None
B_15_30s_clip_separation,70.643,None,0.0,None
B_15_30s_clip_separation,71.144,None,0.0,None
B_15_30s_clip_separation,71.645,None,0.0,None
B_15_30s_clip_separation,72.146,None,0.0,None
B_15_30s_clip_separation,72.647,None,0.0,None
B_15_30s_clip_separation,73.15,None,0.0,None
B_15_30s_clip_separation,73.651,None,0.0,None
B_15_30s_clip_separation,74.152,None,0.0,None
B_15_30s_clip_separation,74.652,None,0.0,None
B_15_30s_clip_separation,75.153,None,0.0,None
B_15_30s_clip_separation,75.654,None,0.0,None
B_15_30s_clip_separation,76.164,None,0.0,None
B_15_30s_clip_separation,76.665,None,0.0,None
B_15_30s_clip_separation,77.165,None,0.0,None
B_15_30s_clip_separation,77.666,None,0.0,None
B_15_30s_clip_separation,78.166,None,0.0,None
B_15_30s_clip_separation,78.667,None,0.0,None
B_15_30s_clip_separation,79.167,None,0.0,None
B_15_30s_clip_separation,79.668,None,0.0,None
B_15_30s_clip_separation,80.168,None,0.0,None
B_15_30s_clip_separation,80.669,None,0.0,None
B_15_30s_clip_separation,81.17,None,0.0,None
B_15_30s_clip_separation,81.67,None,0.0,None
B_15_30s_clip_separation,82.171,None,0.0,None
B_15_30s_clip_separation,82.671,None,0.0,None
B_15_30s_clip_separation,83.172,None,0.0,None
B_15_30s_clip_separation,83.672,None,0.0,None
B_15_30s_clip_separation,84.173,None,0.0,None
B_15_30s_clip_separation,84.674,None,0.0,None
B_15_30s_clip_separation,85.174,None,0.0,None
B_15_30s_clip_separation,85.675,None,0.0,None
B_15_30s_clip_separation,86.176,None,0.0,None
B_15_30s_clip_separation,86.678,None,0.0,None
B_15_30s_clip_separation,87.179,None,0.0,None
B_15_30s_clip_separation,87.68,None,0.0,None
B_15_30s_clip_separation,88.181,None,0.0,None
B_15_30s_clip_separation,88.681,None,0.0,None
B_15_30s_clip_separation,89.182,None,0.0,None
B_15_30s_clip_separation,89.683,None,0.0,None
B_15_30s_clip_separation,90.184,None,0.0,None
B_15_30s_clip_separation,90.684,None,0.0,None
B_15_30s_clip_separation,91.186,None,0.0,None
B_15_30s_clip_separation,91.687,None,0.0,None
B_15_30s_clip_separation,92.19,None,0.0,None
B_15_30s_clip_separation,92.69,None,0.0,None
B_15_30s_clip_separation,93.191,None,0.0,None
B_15_30s_clip_separation,93.692,None,0.0,None
B_15_30s_clip_separation,94.192,None,0.0,None
B_15_30s_clip_separation,94.693,None,0.0,None
B_15_30s_clip_separation,95.194,None,0.0,None
B_15_30s_clip_separation,95.694,None,0.0,None
B_15_30s_clip_separation,96.195,None,0.0,None
B_15_30s_clip_separation,96.695,None,0.0,None
B_15_30s_clip_separation,97.196,None,0.0,None
B_15_30s_clip_separation,97.697,None,0.0,None
B_15_30s_clip_separation,98.198,None,0.0,None
B_15_30s_clip_separation,98.698,None,0.0,None
B_15_30s_clip_separation,99.199,None,0.0,None
B_15_30s_clip_separation,99.699,None,0.0,None
B_15_30s_clip_separation,100.2,None,0.0,None
B_15_30s_clip_separation,100.701,None,0.0,None
B_15_30s_clip_separation,101.202,None,0.0,None
B_15_30s_clip_separation,101.703,None,0.0,None
B_15_30s_clip_separation,102.203,None,0.0,None
B_15_30s_clip_separation,102.706,None,0.0,None
B_15_30s_clip_separation,103.206,None,0.0,None
B_15_30s_clip_separation,103.707,None,0.0,None
B_15_30s_clip_separation,104.208,None,0.0,None
B_15_30s_clip_separation,104.708,None,0.0,None
B_15_30s_clip_separation,105.209,None,0.0,None
B_15_30s_clip_separation,105.709,None,0.0,None
B_15_30s_clip_separation,106.212,None,0.0,None
B_15_30s_clip_separation,106.712,None,0.0,None
B_15_30s_clip_separation,107.213,None,0.0,None
B_15_30s_clip_separation,107.715,None,0.0,None
B_15_30s_clip_separation,108.215,None,0.0,None
B_15_30s_clip_separation,108.716,None,0.0,None
B_15_30s_clip_separation,109.216,None,0.0,None
B_15_30s_clip_separation,109.717,None,0.0,None
B_15_30s_clip_separation,110.218,None,0.0,None
B_15_30s_clip_separation,110.719,None,0.0,None
B_15_30s_clip_separation,111.219,None,0.0,None
B_15_30s_clip_separation,111.72,None,0.0,None
B_15_30s_clip_separation,112.22,None,0.0,None
B_15_30s_clip_separation,112.721,None,0.0,None
B_15_30s_clip_separation,113.221,None,0.0,None
B_15_30s_clip_separation,113.722,None,0.0,None
B_15_30s_clip_separation,114.222,None,0.0,None
B_15_30s_clip_separation,114.723,None,0.0,None
B_15_30s_clip_separation,115.223,None,0.0,None
B_15_30s_clip_separation,115.724,None,0.0,None
B_15_30s_clip_separation,116.228,None,0.0,None
B_15_30s_clip_separation,116.729,None,0.0,None
B_15_30s_clip_separation,117.23,None,0.0,None
B_15_30s_clip_separation,117.73,None,0.0,None
B_15_30s_clip_separation,118.237,None,0.0,None
B_15_30s_clip_separation,118.768,None,0.0,None
B_15_30s_clip_separation,119.278,None,0.0,None
B_15_30s_clip_separation,119.78,None,0.0,None
B_15_30s_clip_separation,120.281,None,0.0,None
B_15_30s_clip_separation,120.782,None,0.0,None
B_15_30s_clip_separation,121.283,None,0.0,None
B_15_30s_clip_separation,121.784,None,0.0,None
B_15_30s_clip_separation,122.285,None,0.0,None
B_15_30s_clip_separation,122.786,None,0.0,None
B_15_30s_clip_separation,123.287,None,0.0,None
B_15_30s_clip_separation,123.788,None,0.0,None
B_15_30s_clip_separation,124.289,None,0.0,None
B_15_30s_clip_separation,124.79,None,0.0,None
B_15_30s_clip_separation,125.29,None,0.0,None
B_15_30s_clip_separation,125.793,None,0.0,None
B_15_30s_clip_separation,126.294,None,0.0,None
B_15_30s_clip_separation,126.805,None,0.0,None
B_15_30s_clip_separation,127.305,None,0.0,None
B_15_30s_clip_separation,127.807,None,0.0,None
B_15_30s_clip_separation,128.308,None,0.0,None
B_15_30s_clip_separation,128.809,None,0.0,None
B_15_30s_clip_separation,129.31,None,0.0,None
B_15_30s_clip_separation,129.811,None,0.0,None
B_15_30s_clip_separation,130.315,None,0.0,None
B_15_30s_clip_separation,130.816,None,0.0,None
B_15_30s_clip_separation,131.316,None,0.0,None
B_15_30s_clip_separation,131.817,None,0.0,None
B_15_30s_clip_separation,132.318,None,0.0,None
B_15_30s_clip_separation,132.819,None,0.0,None
B_15_30s_clip_separation,133.32,None,0.0,None
B_15_30s_clip_separation,133.821,None,0.0,None
B_15_30s_clip_separation,134.322,None,0.0,None
B_15_30s_clip_separation,134.824,None,0.0,None
B_15_30s_clip_separation,135.325,None,0.0,None
B_15_30s_clip_separation,135.828,None,0.0,None
B_15_30s_clip_separation,136.329,None,0.0,None
B_15_30s_clip_separation,136.829,None,0.0,None
B_15_30s_clip_separation,137.33,None,0.0,None
B_15_30s_clip_separation,137.831,None,0.0,None
B_15_30s_clip_separation,138.332,None,0.0,None
B_15_30s_clip_separation,138.833,None,0.0,None
B_15_30s_clip_separation,139.334,None,0.0,None
B_15_30s_clip_separation,139.836,None,0.0,None
B_15_30s_clip_separation,140.337,None,0.0,None
B_15_30s_clip_separation,140.84,None,0.0,None
B_15_30s_clip_separation,141.341,None,0.0,None
B_15_30s_clip_separation,141.841,None,0.0,None
B_15_30s_clip_separation,142.343,None,0.0,None
B_15_30s_clip_separation,142.843,None,0.0,None
B_15_30s_clip_separation,143.344,None,0.0,None
B_15_30s_clip_separation,143.844,None,0.0,None
B_15_30s_clip_separation,144.345,None,0.0,None
B_15_30s_clip_separation,144.846,None,0.0,None
B_15_30s_clip_separation,145.347,None,0.0,None
B_15_30s_clip_separation,145.848,None,0.0,None
B_15_30s_clip_separation,146.349,None,0.0,None
B_15_30s_clip_separation,146.851,None,0.0,None
B_15_30s_clip_separation,147.352,None,0.0,None
B_15_30s_clip_separation,147.853,None,0.0,None
B_15_30s_clip_separation,148.354,None,0.0,None
B_15_30s_clip_separation,148.855,None,0.0,None
B_15_30s_clip_separation,149.356,None,0.0,None
B_15_30s_clip_separation,149.857,None,0.0,None
B_15_30s_clip_separation,150.359,None,0.0,None
B_15_30s_clip_separation,150.86,None,0.0,None
B_15_30s_clip_separation,151.361,None,0.0,None
B_15_30s_clip_separation,151.861,None,0.0,None
B_15_30s_clip_separation,152.362,None,0.0,None
B_15_30s_clip_separation,152.868,None,0.0,None
B_15_30s_clip_separation,153.369,None,0.0,None
B_15_30s_clip_separation,153.871,None,0.0,None
B_15_30s_clip_separation,154.371,None,0.0,None
B_15_30s_clip_separation,154.872,None,0.0,None
B_15_30s_clip_separation,155.372,None,0.0,None
B_15_30s_clip_separation,155.873,None,0.0,None
B_15_30s_clip_separation,156.375,None,0.0,None
B_15_30s_clip_separation,156.891,None,0.0,None
B_15_30s_clip_separation,157.394,None,0.0,None
B_15_30s_clip_separation,157.896,None,0.0,None
B_15_30s_clip_separation,158.396,None,0.0,None
B_15_30s_clip_separation,158.898,None,0.0,None
B_15_30s_clip_separation,159.399,None,0.0,None
B_15_30s_clip_separation,159.899,None,0.0,None
B_15_30s_clip_separation,160.4,None,0.0,None
B_15_30s_clip_separation,160.9,None,0.0,None
B_15_30s_clip_separation,161.402,None,0.0,None
B_15_30s_clip_separation,161.922,None,0.0,None
B_15_30s_clip_separation,162.427,None,0.0,None
B_15_30s_clip_separation,162.93,None,0.0,None
B_15_30s_clip_separation,163.431,None,0.0,None
B_15_30s_clip_separation,163.935,None,0.0,None
B_15_30s_clip_separation,164.44,None,0.0,None
B_15_30s_clip_separation,164.941,None,0.0,None
B_15_30s_clip_separation,165.441,None,0.0,None
B_15_30s_clip_separation,165.944,None,0.0,None
B_15_30s_clip_separation,166.445,None,0.0,None
B_15_30s_clip_separation,166.945,None,0.0,None
B_15_30s_clip_separation,167.446,None,0.0,None
B_15_30s_clip_separation,167.946,None,0.0,None
B_15_30s_clip_separation,168.447,None,0.0,None
B_15_30s_clip_separation,168.947,None,0.0,None
B_15_30s_clip_separation,169.448,None,0.0,None
B_15_30s_clip_separation,169.957,None,0.0,None
B_15_30s_clip_separation,170.458,None,0.0,None
B_15_30s_clip_separation,170.959,None,0.0,None
B_15_30s_clip_separation,171.46,None,0.0,None
B_15_30s_clip_separation,171.961,None,0.0,None
B_15_30s_clip_separation,172.462,None,0.0,None
B_15_30s_clip_separation,172.964,None,0.0,None
B_15_30s_clip_separation,173.466,None,0.0,None
B_15_30s_clip_separation,173.968,None,0.0,None
B_15_30s_clip_separation,174.469,None,0.0,None
B_15_30s_clip_separation,174.971,None,0.0,None
B_15_30s_clip_separation,175.476,None,0.0,None
B_15_30s_clip_separation,175.982,None,0.0,None
B_15_30s_clip_separation,176.492,None,0.0,None
B_15_30s_clip_separation,176.994,None,0.0,None
B_15_30s_clip_separation,177.497,None,0.0,None
B_15_30s_clip_separation,177.997,None,0.0,None
B_15_30s_clip_separation,178.498,None,0.0,None
B_15_30s_clip_separation,178.998,None,0.0,None
B_15_30s_clip_separation,179.499,None,0.0,None
B_15_30s_clip_separation,180.0,None,0.0,None
B_15_30s_clip_separation,180.5,None,0.0,None
B_15_30s_clip_separation,181.001,None,0.0,None
B_15_30s_clip_separation,181.501,None,0.0,None
B_15_30s_clip_separation,182.003,None,0.0,None
B_15_30s_clip_separation,182.505,None,0.0,None
B_15_30s_clip_separation,183.005,None,0.0,None
B_15_30s_clip_separation,183.506,None,0.0,None
B_15_30s_clip_separation,184.014,None,0.0,None
B_15_30s_clip_separation,184.524,None,0.0,None
B_15_30s_clip_separation,185.025,None,0.0,None
B_15_30s_clip_separation,185.525,None,0.0,None
B_15_30s_clip_separation,186.026,None,0.0,None
B_15_30s_clip_separation,186.527,None,0.0,None
B_15_30s_clip_separation,187.028,None,0.0,None
B_15_30s_clip_separation,187.529,None,0.0,None
B_15_30s_clip_separation,188.029,None,0.0,None
B_15_30s_clip_separation,188.53,None,0.0,None
B_15_30s_clip_separation,189.031,None,0.0,None
B_15_30s_clip_separation,189.531,None,0.0,None
B_15_30s_clip_separation,190.032,None,0.0,None
B_15_30s_clip_separation,190.532,None,0.0,None
B_15_30s_clip_separation,191.033,None,0.0,None
B_15_30s_clip_separation,191.534,None,0.0,None
B_15_30s_clip_separation,192.034,None,0.0,None
B_15_30s_clip_separation,192.535,None,0.0,None
B_15_30s_clip_separation,193.035,None,0.0,None
B_15_30s_clip_separation,193.536,None,0.0,None
B_15_30s_clip_separation,194.036,None,0.0,None
B_15_30s_clip_separation,194.537,None,0.0,None
B_15_30s_clip_separation,195.038,None,0.0,None
B_15_30s_clip_separation,195.538,None,0.0,None
B_15_30s_clip_separation,196.039,None,0.0,None
B_15_30s_clip_separation,196.539,None,0.0,None
B_15_30s_clip_separation,197.044,None,0.0,None
B_15_30s_clip_separation,197.545,None,0.0,None
B_15_30s_clip_separation,198.046,None,0.0,None
B_15_30s_clip_separation,198.547,None,0.0,None
B_15_30s_clip_separation,199.048,None,0.0,None
B_15_30s_clip_separation,199.548,None,0.0,None
B_15_30s_clip_separation,200.048,None,0.0,None
B_15_30s_clip_separation,200.549,None,0.0,None
B_15_30s_clip_separation,201.05,None,0.0,None
B_15_30s_clip_separation,201.55,None,0.0,None
B_15_30s_clip_separation,202.051,None,0.0,None
B_15_30s_clip_separation,202.551,None,0.0,None
B_15_30s_clip_separation,203.055,None,0.0,None
B_15_30s_clip_separation,203.556,None,0.0,None
B_15_30s_clip_separation,204.056,None,0.0,None
B_15_30s_clip_separation,204.565,None,0.0,None
B_15_30s_clip_separation,205.066,None,0.0,None
B_15_30s_clip_separation,205.566,None,0.0,None
B_15_30s_clip_separation,206.069,None,0.0,None
B_15_30s_clip_separation,206.582,None,0.0,None
B_15_30s_clip_separation,207.083,None,0.0,None
B_15_30s_clip_separation,207.585,None,0.0,None
B_15_30s_clip_separation,208.086,None,0.0,None
B_15_30s_clip_separation,208.586,None,0.0,None
B_15_30s_clip_separation,209.088,None,0.0,None
B_15_30s_clip_separation,209.588,None,0.0,None
B_15_30s_clip_separation,210.089,None,0.0,None
B_15_30s_clip_separation,210.59,None,0.0,None
B_15_30s_clip_separation,211.092,None,0.0,None
B_15_30s_clip_separation,211.593,None,0.0,None
B_15_30s_clip_separation,212.094,None,0.0,None
B_15_30s_clip_separation,212.594,None,0.0,None
B_15_30s_clip_separation,213.095,None,0.0,None
B_15_30s_clip_separation,213.596,None,0.0,None
B_15_30s_clip_separation,214.097,None,0.0,None
B_15_30s_clip_separation,214.598,None,0.0,None
B_15_30s_clip_separation,215.098,None,0.0,None
B_15_30s_clip_separation,215.599,None,0.0,None
B_15_30s_clip_separation,216.099,None,0.0,None
B_15_30s_clip_separation,216.599,None,0.0,None
B_15_30s_clip_separation,217.1,None,0.0,None
B_15_30s_clip_separation,217.6,None,0.0,None
B_15_30s_clip_separation,218.101,None,0.0,None
B_15_30s_clip_separation,218.602,None,0.0,None
B_15_30s_clip_separation,219.102,None,0.0,None
B_15_30s_clip_separation,219.603,None,0.0,None
B_15_30s_clip_separation,220.103,None,0.0,None
B_15_30s_clip_separation,220.605,None,0.0,None
B_15_30s_clip_separation,221.106,None,0.0,None
B_15_30s_clip_separation,221.606,None,0.0,None
B_15_30s_clip_separation,222.107,None,0.0,None
B_15_30s_clip_separation,222.607,None,0.0,None
B_15_30s_clip_separation,223.109,None,0.0,None
B_15_30s_clip_separation,223.609,None,0.0,None
B_15_30s_clip_separation,224.11,None,0.0,None
B_15_30s_clip_separation,224.61,None,0.0,None
B_15_30s_clip_separation,225.111,None,0.0,None
B_15_30s_clip_separation,225.612,None,0.0,None
B_15_30s_clip_separation,226.112,None,0.0,None
B_15_30s_clip_separation,226.613,None,0.0,None
B_15_30s_clip_separation,227.114,None,0.0,None
B_15_30s_clip_separation,227.615,None,0.0,None
B_15_30s_clip_separation,228.128,None,0.0,None
B_15_30s_clip_separation,228.629,None,0.0,None
B_15_30s_clip_separation,229.129,None,0.0,None
B_15_30s_clip_separation,229.63,None,0.0,None
B_15_30s_clip_separation,230.131,None,0.0,None
B_15_30s_clip_separation,230.632,None,0.0,None
B_15_30s_clip_separation,231.133,None,0.0,None
B_15_30s_clip_separation,231.634,None,0.0,None
B_15_30s_clip_separation,232.135,None,0.0,None
B_15_30s_clip_separation,232.635,None,0.0,None
B_15_30s_clip_separation,233.136,None,0.0,None
B_15_30s_clip_separation,233.636,None,0.0,None
B_15_30s_clip_separation,234.136,None,0.0,None
B_15_30s_clip_separation,234.637,None,0.0,None
B_15_30s_clip_separation,235.139,None,0.0,None
B_15_30s_clip_separation,235.645,None,0.0,None
B_15_30s_clip_separation,236.146,None,0.0,None
B_15_30s_clip_separation,236.647,None,0.0,None
B_15_30s_clip_separation,237.149,None,0.0,None
B_15_30s_clip_separation,237.65,None,0.0,None
B_15_30s_clip_separation,238.151,None,0.0,None
B_15_30s_clip_separation,238.652,None,0.0,None
B_15_30s_clip_separation,239.152,None,0.0,None
B_15_30s_clip_separation,239.654,None,0.0,None
B_15_30s_clip_separation,240.154,None,0.0,None
B_15_30s_clip_separation,240.656,None,0.0,None
B_15_30s_clip_separation,241.157,None,0.0,None
B_15_30s_clip_separation,241.663,None,0.0,None
B_15_30s_clip_separation,242.201,None,0.0,None
B_15_30s_clip_separation,242.721,None,0.0,None
B_15_30s_clip_separation,243.226,None,0.0,None
B_15_30s_clip_separation,243.727,None,0.0,None
B_15_30s_clip_separation,244.228,None,0.0,None
B_15_30s_clip_separation,244.729,None,0.0,None
B_15_30s_clip_separation,245.23,None,0.0,None
B_15_30s_clip_separation,245.73,None,0.0,None
B_15_30s_clip_separation,246.231,None,0.0,None
B_15_30s_clip_separation,246.731,None,0.0,None
B_15_30s_clip_separation,247.232,None,0.0,None
B_15_30s_clip_separation,247.734,None,0.0,None
B_15_30s_clip_separation,248.235,None,0.0,None
B_15_30s_clip_separation,248.736,None,0.0,None
B_15_30s_clip_separation,249.236,None,0.0,None
B_15_30s_clip_separation,249.737,None,0.0,None
B_15_30s_clip_separation,250.239,None,0.0,None
B_15_30s_clip_separation,250.739,None,0.0,None
B_15_30s_clip_separation,251.24,None,0.0,None
B_15_30s_clip_separation,251.74,None,0.0,None
B_15_30s_clip_separation,252.241,None,0.0,None
B_15_30s_clip_separation,252.742,None,0.0,None
B_15_30s_clip_separation,253.242,None,0.0,None
B_15_30s_clip_separation,253.743,None,0.0,None
B_15_30s_clip_separation,254.244,None,0.0,None
B_15_30s_clip_separation,254.744,None,0.0,None
B_15_30s_clip_separation,255.245,None,0.0,None
B_15_30s_clip_separation,255.746,None,0.0,None
B_15_30s_clip_separation,256.246,None,0.0,None
B_15_30s_clip_separation,256.747,None,0.0,None
B_15_30s_clip_separation,257.248,None,0.0,None
B_15_30s_clip_separation,257.748,None,0.0,None
B_15_30s_clip_separation,258.249,None,0.0,None
B_15_30s_clip_separation,258.75,None,0.0,None
B_15_30s_clip_separation,259.25,None,0.0,None
B_15_30s_clip_separation,259.751,None,0.0,None
B_15_30s_clip_separation,260.252,None,0.0,None
B_15_30s_clip_separation,260.752,None,0.0,None
B_15_30s_clip_separation,261.254,None,0.0,None
B_15_30s_clip_separation,261.754,None,0.0,None
B_15_30s_clip_separation,262.255,None,0.0,None
B_15_30s_clip_separation,262.755,None,0.0,None
B_15_30s_clip_separation,263.256,None,0.0,None
B_15_30s_clip_separation,263.757,None,0.0,None
B_15_30s_clip_separation,264.257,None,0.0,None
B_15_30s_clip_separation,264.758,None,0.0,None
B_15_30s_clip_separation,265.259,None,0.0,None
B_15_30s_clip_separation,265.76,None,0.0,None
B_15_30s_clip_separation,266.26,None,0.0,None
B_15_30s_clip_separation,266.761,None,0.0,None
B_15_30s_clip_separation,267.262,None,0.0,None
B_15_30s_clip_separation,267.762,None,0.0,None
B_15_30s_clip_separation,268.263,None,0.0,None
B_15_30s_clip_separation,268.763,None,0.0,None
B_15_30s_clip_separation,269.265,None,0.0,None
B_15_30s_clip_separation,269.767,None,0.0,None
B_15_30s_clip_separation,270.271,None,0.0,None
B_15_30s_clip_separation,270.772,None,0.0,None
B_15_30s_clip_separation,271.273,None,0.0,None
B_15_30s_clip_separation,271.773,None,0.0,None
B_15_30s_clip_separation,272.274,None,0.0,None
B_15_30s_clip_separation,272.775,None,0.0,None
B_15_30s_clip_separation,273.275,None,0.0,None
B_15_30s_clip_separation,273.776,None,0.0,None
B_15_30s_clip_separation,274.28,None,0.0,None
B_15_30s_clip_separation,274.781,None,0.0,None
B_15_30s_clip_separation,275.281,None,0.0,None
B_15_30s_clip_separation,275.782,None,0.0,None
B_15_30s_clip_separation,276.282,None,0.0,None
B_15_30s_clip_separation,276.783,None,0.0,None
B_15_30s_clip_separation,277.283,None,0.0,None
B_15_30s_clip_separation,277.784,None,0.0,None
B_15_30s_clip_separation,278.284,None,0.0,None
B_15_30s_clip_separation,278.785,None,0.0,None
B_15_30s_clip_separation,279.285,None,0.0,None
B_15_30s_clip_separation,279.786,None,0.0,None
B_15_30s_clip_separation,280.286,None,0.0,None
B_15_30s_clip_separation,280.787,None,0.0,None
B_15_30s_clip_separation,281.287,None,0.0,None
B_15_30s_clip_separation,281.788,None,0.0,None
B_15_30s_clip_separation,282.288,None,0.0,None
B_15_30s_clip_separation,282.792,None,0.0,None
B_15_30s_clip_separation,283.308,None,0.0,None
B_15_30s_clip_separation,283.817,None,0.0,None
B_15_30s_clip_separation,284.318,None,0.0,None
B_15_30s_clip_separation,284.824,None,0.0,None
C_full_separation,0.031,None,0.0,None
C_full_separation,0.555,None,0.0,None
C_full_separation,1.284,None,0.0,None
C_full_separation,1.786,None,0.0,None
C_full_separation,2.287,None,0.0,None
C_full_separation,2.787,None,0.0,None
C_full_separation,3.288,None,0.0,None
C_full_separation,3.788,None,0.0,None
C_full_separation,4.289,None,0.0,None
C_full_separation,4.789,None,0.0,None
C_full_separation,5.289,None,0.0,None
C_full_separation,5.79,None,0.0,None
C_full_separation,6.291,None,0.0,None
C_full_separation,6.791,None,0.0,None
C_full_separation,7.292,None,0.0,None
C_full_separation,7.792,None,0.0,None
C_full_separation,8.293,None,0.0,None
C_full_separation,8.795,None,0.0,None
C_full_separation,9.295,None,0.0,None
C_full_separation,9.814,None,0.0,None
C_full_separation,10.315,None,0.0,None
C_full_separation,10.815,None,0.0,None
C_full_separation,11.317,None,0.0,None
C_full_separation,11.823,None,0.0,None
C_full_separation,12.329,None,0.0,None
C_full_separation,12.835,None,0.0,None
C_full_separation,13.336,None,0.0,None
C_full_separation,13.843,None,0.0,None
C_full_separation,14.344,None,0.0,None
C_full_separation,14.844,None,0.0,None
C_full_separation,15.345,None,0.0,None
C_full_separation,15.847,None,0.0,None
C_full_separation,16.351,None,0.0,None
C_full_separation,16.861,None,0.0,None
C_full_separation,17.362,None,0.0,None
C_full_separation,17.862,None,0.0,None
C_full_separation,18.363,None,0.0,None
C_full_separation,18.864,None,0.0,None
C_full_separation,19.37,None,0.0,None
C_full_separation,19.919,None,0.0,None
C_full_separation,20.427,None,0.0,None
C_full_separation,20.935,None,0.0,None
C_full_separation,21.438,None,0.0,None
C_full_separation,21.941,None,0.0,None
C_full_separation,22.442,None,0.0,None
C_full_separation,22.942,None,0.0,None
C_full_separation,23.443,None,0.0,None
C_full_separation,23.943,None,0.0,None
C_full_separation,24.444,None,0.0,None
C_full_separation,24.944,None,0.0,None
C_full_separation,25.447,None,0.0,None
C_full_separation,25.947,None,0.0,None
C_full_separation,26.448,None,0.0,None
C_full_separation,26.948,None,0.0,None
C_full_separation,27.449,None,0.0,None
C_full_separation,27.95,None,0.0,None
C_full_separation,28.451,None,0.0,None
C_full_separation,28.952,None,0.0,None
C_full_separation,29.453,None,0.0,None
C_full_separation,29.954,None,0.0,None
C_full_separation,30.455,None,0.0,None
C_full_separation,30.955,None,0.0,None
C_full_separation,31.456,None,0.0,None
C_full_separation,31.956,None,0.0,None
C_full_separation,32.459,None,0.0,None
C_full_separation,32.959,None,0.0,None
C_full_separation,33.46,None,0.0,None
C_full_separation,33.963,None,0.0,None
C_full_separation,34.466,None,0.0,None
C_full_separation,34.966,None,0.0,None
C_full_separation,35.468,None,0.0,None
C_full_separation,35.969,None,0.0,None
C_full_separation,36.471,None,0.0,None
C_full_separation,36.971,None,0.0,None
C_full_separation,37.472,None,0.0,None
C_full_separation,37.972,None,0.0,None
C_full_separation,38.474,None,0.0,None
C_full_separation,38.975,None,0.0,None
C_full_separation,39.476,None,0.0,None
C_full_separation,39.976,None,0.0,None
C_full_separation,40.477,None,0.0,None
C_full_separation,40.977,None,0.0,None
C_full_separation,41.478,None,0.0,None
C_full_separation,41.979,None,0.0,None
C_full_separation,42.479,None,0.0,None
C_full_separation,42.98,None,0.0,None
C_full_separation,43.481,None,0.0,None
C_full_separation,43.982,None,0.0,None
C_full_separation,44.483,None,0.0,None
C_full_separation,44.984,None,0.0,None
C_full_separation,45.484,None,0.0,None
C_full_separation,45.985,None,0.0,None
C_full_separation,46.485,None,0.0,None
C_full_separation,46.986,None,0.0,None
C_full_separation,47.487,None,0.0,None
C_full_separation,47.987,None,0.0,None
C_full_separation,48.488,None,0.0,None
C_full_separation,48.989,None,0.0,None
C_full_separation,49.49,None,0.0,None
C_full_separation,49.991,None,0.0,None
C_full_separation,50.493,None,0.0,None
C_full_separation,50.994,None,0.0,None
C_full_separation,51.494,None,0.0,None
C_full_separation,51.995,None,0.0,None
C_full_separation,52.495,None,0.0,None
C_full_separation,52.996,None,0.0,None
C_full_separation,53.498,None,0.0,None
C_full_separation,53.998,None,0.0,None
C_full_separation,54.499,None,0.0,None
C_full_separation,54.999,None,0.0,None
C_full_separation,55.502,None,0.0,None
C_full_separation,56.003,None,0.0,None
C_full_separation,56.504,None,0.0,None
C_full_separation,57.004,None,0.0,None
C_full_separation,57.505,None,0.0,None
C_full_separation,58.006,None,0.0,None
C_full_separation,58.507,None,0.0,None
C_full_separation,59.008,None,0.0,None
C_full_separation,59.508,None,0.0,None
C_full_separation,60.009,None,0.0,None
C_full_separation,60.509,None,0.0,None
C_full_separation,61.022,None,0.0,None
C_full_separation,61.526,None,0.0,None
C_full_separation,62.034,None,0.0,None
C_full_separation,62.541,None,0.0,None
C_full_separation,63.041,None,0.0,None
C_full_separation,63.544,None,0.0,None
C_full_separation,64.044,None,0.0,None
C_full_separation,64.545,None,0.0,None
C_full_separation,65.045,None,0.0,None
C_full_separation,65.546,None,0.0,None
C_full_separation,66.047,None,0.0,None
C_full_separation,66.548,None,0.0,None
C_full_separation,67.048,None,0.0,None
C_full_separation,67.562,None,0.0,None
C_full_separation,68.063,None,0.0,None
C_full_separation,68.569,None,0.0,None
C_full_separation,69.069,None,0.0,None
C_full_separation,69.573,None,0.0,None
C_full_separation,70.085,None,0.0,None
C_full_separation,70.615,None,0.0,None
C_full_separation,71.121,None,0.0,None
C_full_separation,71.623,None,0.0,None
C_full_separation,72.124,None,0.0,None
C_full_separation,72.624,None,0.0,None
C_full_separation,73.126,None,0.0,None
C_full_separation,73.626,None,0.0,None
C_full_separation,74.127,None,0.0,None
C_full_separation,74.627,None,0.0,None
C_full_separation,75.128,None,0.0,None
C_full_separation,75.633,None,0.0,None
C_full_separation,76.143,None,0.0,None
C_full_separation,76.644,None,0.0,None
C_full_separation,77.144,None,0.0,None
C_full_separation,77.647,None,0.0,None
C_full_separation,78.147,None,0.0,None
C_full_separation,78.648,None,0.0,None
C_full_separation,79.151,None,0.0,None
C_full_separation,79.651,None,0.0,None
C_full_separation,80.152,None,0.0,None
C_full_separation,80.652,None,0.0,None
C_full_separation,81.153,None,0.0,None
C_full_separation,81.653,None,0.0,None
C_full_separation,82.155,None,0.0,None
C_full_separation,82.656,None,0.0,None
C_full_separation,83.157,None,0.0,None
C_full_separation,83.658,None,0.0,None
C_full_separation,84.159,None,0.0,None
C_full_separation,84.66,None,0.0,None
C_full_separation,85.162,None,0.0,None
C_full_separation,85.664,None,0.0,None
C_full_separation,86.165,None,0.0,None
C_full_separation,86.665,None,0.0,None
C_full_separation,87.167,None,0.0,None
C_full_separation,87.667,None,0.0,None
C_full_separation,88.168,None,0.0,None
C_full_separation,88.668,None,0.0,None
C_full_separation,89.169,None,0.0,None
C_full_separation,89.669,None,0.0,None
C_full_separation,90.17,None,0.0,None
C_full_separation,90.672,None,0.0,None
C_full_separation,91.173,None,0.0,None
C_full_separation,91.675,None,0.0,None
C_full_separation,92.175,None,0.0,None
C_full_separation,92.676,None,0.0,None
C_full_separation,93.176,None,0.0,None
C_full_separation,93.677,None,0.0,None
C_full_separation,94.178,None,0.0,None
C_full_separation,94.678,None,0.0,None
C_full_separation,95.179,None,0.0,None
C_full_separation,95.679,None,0.0,None
C_full_separation,96.18,None,0.0,None
C_full_separation,96.681,None,0.0,None
C_full_separation,97.183,None,0.0,None
C_full_separation,97.683,None,0.0,None
C_full_separation,98.184,None,0.0,None
C_full_separation,98.685,None,0.0,None
C_full_separation,99.185,None,0.0,None
C_full_separation,99.686,None,0.0,None
C_full_separation,100.186,None,0.0,None
C_full_separation,100.686,None,0.0,None
C_full_separation,101.187,None,0.0,None
C_full_separation,101.688,None,0.0,None
C_full_separation,102.188,None,0.0,None
C_full_separation,102.69,None,0.0,None
C_full_separation,103.191,None,0.0,None
C_full_separation,103.692,None,0.0,None
C_full_separation,104.192,None,0.0,None
C_full_separation,104.695,None,0.0,None
C_full_separation,105.197,None,0.0,None
C_full_separation,105.703,None,0.0,None
C_full_separation,106.208,None,0.0,None
C_full_separation,106.71,None,0.0,None
C_full_separation,107.211,None,0.0,None
C_full_separation,107.712,None,0.0,None
C_full_separation,108.212,None,0.0,None
C_full_separation,108.713,None,0.0,None
C_full_separation,109.214,None,0.0,None
C_full_separation,109.717,None,0.0,None
C_full_separation,110.218,None,0.0,None
C_full_separation,110.718,None,0.0,None
C_full_separation,111.219,None,0.0,None
C_full_separation,111.719,None,0.0,None
C_full_separation,112.22,None,0.0,None
C_full_separation,112.72,None,0.0,None
C_full_separation,113.221,None,0.0,None
C_full_separation,113.721,None,0.0,None
C_full_separation,114.222,None,0.0,None
C_full_separation,114.722,None,0.0,None
C_full_separation,115.249,None,0.0,None
C_full_separation,115.75,None,0.0,None
C_full_separation,116.251,None,0.0,None
C_full_separation,116.752,None,0.0,None
C_full_separation,117.253,None,0.0,None
C_full_separation,117.754,None,0.0,None
C_full_separation,118.255,None,0.0,None
C_full_separation,118.756,None,0.0,None
C_full_separation,119.257,None,0.0,None
C_full_separation,119.757,None,0.0,None
C_full_separation,120.258,None,0.0,None
C_full_separation,120.758,None,0.0,None
C_full_separation,121.264,None,0.0,None
C_full_separation,121.768,None,0.0,None
C_full_separation,122.269,None,0.0,None
C_full_separation,122.769,None,0.0,None
C_full_separation,123.27,None,0.0,None
C_full_separation,123.771,None,0.0,None
C_full_separation,124.271,None,0.0,None
C_full_separation,124.773,None,0.0,None
C_full_separation,125.274,None,0.0,None
C_full_separation,125.775,None,0.0,None
C_full_separation,126.276,None,0.0,None
C_full_separation,126.778,None,0.0,None
C_full_separation,127.28,None,0.0,None
C_full_separation,127.782,None,0.0,None
C_full_separation,128.284,None,0.0,None
C_full_separation,128.785,None,0.0,None
C_full_separation,129.287,None,0.0,None
C_full_separation,129.791,None,0.0,None
C_full_separation,130.292,None,0.0,None
C_full_separation,130.793,None,0.0,None
C_full_separation,131.293,None,0.0,None
C_full_separation,131.794,None,0.0,None
C_full_separation,132.298,None,0.0,None
C_full_separation,132.801,None,0.0,None
C_full_separation,133.301,None,0.0,None
C_full_separation,133.803,None,0.0,None
C_full_separation,134.304,None,0.0,None
C_full_separation,134.805,None,0.0,None
C_full_separation,135.306,None,0.0,None
C_full_separation,135.807,None,0.0,None
C_full_separation,136.308,None,0.0,None
C_full_separation,136.808,None,0.0,None
C_full_separation,137.309,None,0.0,None
C_full_separation,137.81,None,0.0,None
C_full_separation,138.31,None,0.0,None
C_full_separation,138.812,None,0.0,None
C_full_separation,139.313,None,0.0,None
C_full_separation,139.815,None,0.0,None
C_full_separation,140.315,None,0.0,None
C_full_separation,140.816,None,0.0,None
C_full_separation,141.316,None,0.0,None
C_full_separation,141.823,None,0.0,None
C_full_separation,142.324,None,0.0,None
C_full_separation,142.826,None,0.0,None
C_full_separation,143.326,None,0.0,None
C_full_separation,143.828,None,0.0,None
C_full_separation,144.328,None,0.0,None
C_full_separation,144.828,None,0.0,None
C_full_separation,145.329,None,0.0,None
C_full_separation,145.829,None,0.0,None
C_full_separation,146.33,None,0.0,None
C_full_separation,146.83,None,0.0,None
C_full_separation,147.332,None,0.0,None
C_full_separation,147.833,None,0.0,None
C_full_separation,148.333,None,0.0,None
C_full_separation,148.834,None,0.0,None
C_full_separation,149.335,None,0.0,None
C_full_separation,149.836,None,0.0,None
C_full_separation,150.337,None,0.0,None
C_full_separation,150.838,None,0.0,None
C_full_separation,151.338,None,0.0,None
C_full_separation,151.839,None,0.0,None
C_full_separation,152.339,None,0.0,None
C_full_separation,152.84,None,0.0,None
C_full_separation,153.341,None,0.0,None
C_full_separation,153.842,None,0.0,None
C_full_separation,154.343,None,0.0,None
C_full_separation,154.843,None,0.0,None
C_full_separation,155.344,None,0.0,None
C_full_separation,155.844,None,0.0,None
C_full_separation,156.344,None,0.0,None
C_full_separation,156.845,None,0.0,None
C_full_separation,157.346,None,0.0,None
C_full_separation,157.846,None,0.0,None
C_full_separation,158.363,None,0.0,None
C_full_separation,158.871,None,0.0,None
C_full_separation,159.375,None,0.0,None
C_full_separation,159.875,None,0.0,None
C_full_separation,160.376,None,0.0,None
C_full_separation,160.877,None,0.0,None
C_full_separation,161.377,None,0.0,None
C_full_separation,161.878,None,0.0,None
C_full_separation,162.379,None,0.0,None
C_full_separation,162.879,None,0.0,None
C_full_separation,163.38,None,0.0,None
C_full_separation,163.881,None,0.0,None
C_full_separation,164.382,None,0.0,None
C_full_separation,164.886,None,0.0,None
C_full_separation,165.39,None,0.0,None
C_full_separation,165.893,None,0.0,None
C_full_separation,166.395,None,0.0,None
C_full_separation,166.9,None,0.0,None
C_full_separation,167.401,None,0.0,None
C_full_separation,167.902,None,0.0,None
C_full_separation,168.404,None,0.0,None
C_full_separation,168.904,None,0.0,None
C_full_separation,169.404,None,0.0,None
C_full_separation,169.905,None,0.0,None
C_full_separation,170.409,None,0.0,None
C_full_separation,170.911,None,0.0,None
C_full_separation,171.414,None,0.0,None
C_full_separation,171.916,None,0.0,None
C_full_separation,172.416,None,0.0,None
C_full_separation,172.917,None,0.0,None
C_full_separation,173.418,None,0.0,None
C_full_separation,173.919,None,0.0,None
C_full_separation,174.42,None,0.0,None
C_full_separation,174.921,None,0.0,None
C_full_separation,175.423,None,0.0,None
C_full_separation,175.924,None,0.0,None
C_full_separation,176.426,None,0.0,None
C_full_separation,176.926,None,0.0,None
C_full_separation,177.427,None,0.0,None
C_full_separation,177.927,None,0.0,None
C_full_separation,178.429,None,0.0,None
C_full_separation,178.93,None,0.0,None
C_full_separation,179.431,None,0.0,None
C_full_separation,179.931,None,0.0,None
C_full_separation,180.434,None,0.0,None
C_full_separation,180.942,None,0.0,None
C_full_separation,181.443,None,0.0,None
C_full_separation,181.955,None,0.0,None
C_full_separation,182.456,None,0.0,None
C_full_separation,182.958,None,0.0,None
C_full_separation,183.46,None,0.0,None
C_full_separation,183.96,None,0.0,None
C_full_separation,184.461,None,0.0,None
C_full_separation,184.962,None,0.0,None
C_full_separation,185.463,None,0.0,None
C_full_separation,185.964,None,0.0,None
C_full_separation,186.464,None,0.0,None
C_full_separation,186.965,None,0.0,None
C_full_separation,187.465,None,0.0,None
C_full_separation,187.966,None,0.0,None
C_full_separation,188.467,None,0.0,None
C_full_separation,188.967,None,0.0,None
C_full_separation,189.468,None,0.0,None
C_full_separation,189.969,None,0.0,None
C_full_separation,190.47,None,0.0,None
C_full_separation,190.97,None,0.0,None
C_full_separation,191.471,None,0.0,None
C_full_separation,191.971,None,0.0,None
C_full_separation,192.472,None,0.0,None
C_full_separation,192.973,None,0.0,None
C_full_separation,193.473,None,0.0,None
C_full_separation,193.975,None,0.0,None
C_full_separation,194.475,None,0.0,None
C_full_separation,194.976,None,0.0,None
C_full_separation,195.476,None,0.0,None
C_full_separation,195.977,None,0.0,None
C_full_separation,196.479,None,0.0,None
C_full_separation,196.994,None,0.0,None
C_full_separation,197.496,None,0.0,None
C_full_separation,197.996,None,0.0,None
C_full_separation,198.497,None,0.0,None
C_full_separation,198.997,None,0.0,None
C_full_separation,199.498,None,0.0,None
C_full_separation,199.998,None,0.0,None
C_full_separation,200.499,None,0.0,None
C_full_separation,200.999,None,0.0,None
C_full_separation,201.5,None,0.0,None
C_full_separation,202.001,None,0.0,None
C_full_separation,202.501,None,0.0,None
C_full_separation,203.002,None,0.0,None
C_full_separation,203.502,None,0.0,None
C_full_separation,204.004,None,0.0,None
C_full_separation,204.514,None,0.0,None
C_full_separation,205.096,None,0.0,None
C_full_separation,205.62,None,0.0,None
C_full_separation,206.121,None,0.0,None
C_full_separation,206.621,None,0.0,None
C_full_separation,207.122,None,0.0,None
C_full_separation,207.622,None,0.0,None
C_full_separation,208.123,None,0.0,None
C_full_separation,208.624,None,0.0,None
C_full_separation,209.125,None,0.0,None
C_full_separation,209.625,None,0.0,None
C_full_separation,210.127,None,0.0,None
C_full_separation,210.63,None,0.0,None
C_full_separation,211.13,None,0.0,None
C_full_separation,211.631,None,0.0,None
C_full_separation,212.131,None,0.0,None
C_full_separation,212.632,None,0.0,None
C_full_separation,213.133,None,0.0,None
C_full_separation,213.633,None,0.0,None
C_full_separation,214.133,None,0.0,None
C_full_separation,214.634,None,0.0,None
C_full_separation,215.135,None,0.0,None
C_full_separation,215.636,None,0.0,None
C_full_separation,216.137,None,0.0,None
C_full_separation,216.637,None,0.0,None
C_full_separation,217.138,None,0.0,None
C_full_separation,217.639,None,0.0,None
C_full_separation,218.14,None,0.0,None
C_full_separation,218.641,None,0.0,None
C_full_separation,219.142,None,0.0,None
C_full_separation,219.642,None,0.0,None
C_full_separation,220.143,None,0.0,None
C_full_separation,220.644,None,0.0,None
C_full_separation,221.144,None,0.0,None
C_full_separation,221.645,None,0.0,None
C_full_separation,222.155,None,0.0,None
C_full_separation,222.655,None,0.0,None
C_full_separation,223.155,None,0.0,None
C_full_separation,223.656,None,0.0,None
C_full_separation,224.158,None,0.0,None
C_full_separation,224.662,None,0.0,None
C_full_separation,225.163,None,0.0,None
C_full_separation,225.663,None,0.0,None
C_full_separation,226.165,None,0.0,None
C_full_separation,226.666,None,0.0,None
C_full_separation,227.168,None,0.0,None
C_full_separation,227.671,None,0.0,None
C_full_separation,228.307,None,0.0,None
C_full_separation,228.808,None,0.0,None
C_full_separation,229.309,None,0.0,None
C_full_separation,229.81,None,0.0,None
C_full_separation,230.31,None,0.0,None
C_full_separation,230.811,None,0.0,None
C_full_separation,231.311,None,0.0,None
C_full_separation,231.812,None,0.0,None
C_full_separation,232.312,None,0.0,None
C_full_separation,232.813,None,0.0,None
C_full_separation,233.313,None,0.0,None
C_full_separation,233.814,None,0.0,None
C_full_separation,234.314,None,0.0,None
C_full_separation,234.815,None,0.0,None
C_full_separation,235.315,None,0.0,None
C_full_separation,235.816,None,0.0,None
C_full_separation,236.317,None,0.0,None
C_full_separation,236.819,None,0.0,None
C_full_separation,237.32,None,0.0,None
C_full_separation,237.82,None,0.0,None
C_full_separation,238.321,None,0.0,None
C_full_separation,238.822,None,0.0,None
C_full_separation,239.323,None,0.0,None
C_full_separation,239.824,None,0.0,None
C_full_separation,240.324,None,0.0,None
C_full_separation,240.825,None,0.0,None
C_full_separation,241.325,None,0.0,None
C_full_separation,241.826,None,0.0,None
C_full_separation,242.327,None,0.0,None
C_full_separation,242.828,None,0.0,None
C_full_separation,243.329,None,0.0,None
C_full_separation,243.829,None,0.0,None
C_full_separation,244.334,None,0.0,None
C_full_separation,244.834,None,0.0,None
C_full_separation,245.335,None,0.0,None
C_full_separation,245.835,None,0.0,None
C_full_separation,246.336,None,0.0,None
C_full_separation,246.836,None,0.0,None
C_full_separation,247.337,None,0.0,None
C_full_separation,247.837,None,0.0,None
C_full_separation,248.338,None,0.0,None
C_full_separation,248.839,None,0.0,None
C_full_separation,249.357,None,0.0,None
C_full_separation,249.898,None,0.0,None
C_full_separation,250.399,None,0.0,None
C_full_separation,250.913,None,0.0,None
C_full_separation,251.418,None,0.0,None
C_full_separation,251.92,None,0.0,None
C_full_separation,252.424,None,0.0,None
C_full_separation,252.947,None,0.0,None
C_full_separation,253.453,None,0.0,None
C_full_separation,253.954,None,0.0,None
C_full_separation,254.454,None,0.0,None
C_full_separation,254.955,None,0.0,None
C_full_separation,255.457,None,0.0,None
C_full_separation,255.958,None,0.0,None
C_full_separation,256.46,None,0.0,None
C_full_separation,256.961,None,0.0,None
C_full_separation,257.463,None,0.0,None
C_full_separation,257.964,None,0.0,None
C_full_separation,258.467,None,0.0,None
C_full_separation,258.968,None,0.0,None
C_full_separation,259.471,None,0.0,None
C_full_separation,259.975,None,0.0,None
C_full_separation,260.476,None,0.0,None
C_full_separation,260.977,None,0.0,None
C_full_separation,261.477,None,0.0,None
C_full_separation,261.98,None,0.0,None
C_full_separation,262.481,None,0.0,None
C_full_separation,262.981,None,0.0,None
C_full_separation,263.482,None,0.0,None
C_full_separation,263.983,None,0.0,None
C_full_separation,264.483,None,0.0,None
C_full_separation,264.984,None,0.0,None
C_full_separation,265.485,None,0.0,None
C_full_separation,265.985,None,0.0,None
C_full_separation,266.486,None,0.0,None
C_full_separation,266.986,None,0.0,None
C_full_separation,267.487,None,0.0,None
C_full_separation,267.987,None,0.0,None
C_full_separation,268.488,None,0.0,None
C_full_separation,268.991,None,0.0,None
C_full_separation,269.491,None,0.0,None
C_full_separation,269.992,None,0.0,None
C_full_separation,270.493,None,0.0,None
C_full_separation,270.993,None,0.0,None
C_full_separation,271.494,None,0.0,None
C_full_separation,271.995,None,0.0,None
C_full_separation,272.496,None,0.0,None
C_full_separation,272.996,None,0.0,None
C_full_separation,273.497,None,0.0,None
C_full_separation,273.997,None,0.0,None
C_full_separation,274.498,None,0.0,None
C_full_separation,274.999,None,0.0,None
C_full_separation,275.499,None,0.0,None
C_full_separation,276.0,None,0.0,None
C_full_separation,276.501,None,0.0,None
C_full_separation,277.001,None,0.0,None
C_full_separation,277.502,None,0.0,None
C_full_separation,278.003,None,0.0,None
C_full_separation,278.504,None,0.0,None
C_full_separation,279.004,None,0.0,None
C_full_separation,279.505,None,0.0,None
C_full_separation,280.006,None,0.0,None
C_full_separation,280.507,None,0.0,None
C_full_separation,281.007,None,0.0,None
C_full_separation,281.508,None,0.0,None
C_full_separation,282.008,None,0.0,None
C_full_separation,282.509,None,0.0,None
C_full_separation,283.009,None,0.0,None
C_full_separation,283.51,None,0.0,None
C_full_separation,284.01,None,0.0,None
C_full_separation,284.512,None,0.0,None
C_full_separation,285.015,None,0.0,None
C_full_separation,285.515,None,0.0,None
C_full_separation,286.016,None,0.0,None
C_full_separation,286.517,None,0.0,None
C_full_separation,287.017,None,0.0,None
C_full_separation,287.518,None,0.0,None
C_full_separation,288.019,None,0.0,None
C_full_separation,288.519,None,0.0,None
C_full_separation,289.02,None,0.0,None
C_full_separation,289.521,None,0.0,None
C_full_separation,290.035,None,0.0,None
C_full_separation,290.55,None,0.0,None
C_full_separation,291.05,None,0.0,None
C_full_separation,291.551,None,0.0,None
C_full_separation,292.052,None,0.0,None
C_full_separation,292.553,None,0.0,None
C_full_separation,293.053,None,0.0,None
C_full_separation,293.554,None,0.0,None
C_full_separation,294.054,None,0.0,None
C_full_separation,294.564,None,0.0,None
C_full_separation,295.111,None,0.0,None
C_full_separation,295.612,None,0.0,None
C_full_separation,296.113,None,0.0,None
C_full_separation,296.614,None,0.0,None
C_full_separation,297.116,None,0.0,None
C_full_separation,297.616,None,0.0,None
C_full_separation,298.118,None,0.0,None
C_full_separation,298.618,None,0.0,None
C_full_separation,299.119,None,0.0,None
C_full_separation,299.62,None,0.0,None
C_full_separation,300.123,None,0.0,None
C_full_separation,300.627,None,0.0,None
C_full_separation,301.127,None,0.0,None
C_full_separation,301.628,None,0.0,None
C_full_separation,302.129,None,0.0,None
C_full_separation,302.629,None,0.0,None
C_full_separation,303.13,None,0.0,None
C_full_separation,303.631,None,0.0,None
C_full_separation,304.131,None,0.0,None
C_full_separation,304.632,None,0.0,None
C_full_separation,305.132,None,0.0,None
C_full_separation,305.633,None,0.0,None
C_full_separation,306.133,None,0.0,None
C_full_separation,306.634,None,0.0,None
C_full_separation,307.134,None,0.0,None
C_full_separation,307.638,None,0.0,None
C_full_separation,308.15,None,0.0,None
C_full_separation,308.666,None,0.0,None
C_full_separation,309.166,None,0.0,None
C_full_separation,309.673,None,0.0,None
C_full_separation,310.174,None,0.0,None
C_full_separation,310.674,None,0.0,None
C_full_separation,311.175,None,0.0,None
C_full_separation,311.677,None,0.0,None
C_full_separation,312.178,None,0.0,None
C_full_separation,312.679,None,0.0,None
C_full_separation,313.179,None,0.0,None
C_full_separation,313.68,None,0.0,None
C_full_separation,314.181,None,0.0,None
C_full_separation,314.681,None,0.0,None
C_full_separation,315.182,None,0.0,None
C_full_separation,315.683,None,0.0,None
C_full_separation,316.184,None,0.0,None
C_full_separation,316.685,None,0.0,None
C_full_separation,317.186,None,0.0,None
C_full_separation,317.687,None,0.0,None
C_full_separation,318.188,None,0.0,None
C_full_separation,318.689,None,0.0,None
C_full_separation,319.19,None,0.0,None
C_full_separation,319.691,None,0.0,None
C_full_separation,320.192,None,0.0,None
C_full_separation,320.693,None,0.0,None
C_full_separation,321.193,None,0.0,None
C_full_separation,321.695,None,0.0,None
C_full_separation,322.195,None,0.0,None
C_full_separation,322.696,None,0.0,None
C_full_separation,323.197,None,0.0,None
C_full_separation,323.698,None,0.0,None
C_full_separation,324.198,None,0.0,None
C_full_separation,324.699,None,0.0,None
C_full_separation,325.199,None,0.0,None
C_full_separation,325.7,None,0.0,None
C_full_separation,326.2,None,0.0,None
C_full_separation,326.701,None,0.0,None
C_full_separation,327.201,None,0.0,None
C_full_separation,327.702,None,0.0,None
C_full_separation,328.205,None,0.0,None
C_full_separation,328.706,None,0.0,None
C_full_separation,329.207,None,0.0,None
C_full_separation,329.707,None,0.0,None
C_full_separation,330.208,None,0.0,None
C_full_separation,330.709,None,0.0,None
C_full_separation,331.21,None,0.0,None
C_full_separation,331.711,None,0.0,None
C_full_separation,332.211,None,0.0,None
C_full_separation,332.712,None,0.0,None
C_full_separation,333.216,None,0.0,None
C_full_separation,333.716,None,0.0,None
C_full_separation,334.217,None,0.0,None
C_full_separation,334.717,None,0.0,None
C_full_separation,335.218,None,0.0,None
C_full_separation,335.718,None,0.0,None
C_full_separation,336.219,None,0.0,None
C_full_separation,336.72,None,0.0,None
C_full_separation,337.227,None,0.0,None
C_full_separation,337.79,None,0.0,None
C_full_separation,338.298,None,0.0,None
C_full_separation,338.798,None,0.0,None
C_full_separation,339.299,None,0.0,None
C_full_separation,339.801,None,0.0,None
C_full_separation,340.301,None,0.0,None
C_full_separation,340.802,None,0.0,None
C_full_separation,341.302,None,0.0,None
C_full_separation,341.804,None,0.0,None
C_full_separation,342.307,None,0.0,None
C_full_separation,342.811,None,0.0,None
C_full_separation,343.312,None,0.0,None
C_full_separation,343.812,None,0.0,None
C_full_separation,344.313,None,0.0,None
C_full_separation,344.814,None,0.0,None
C_full_separation,345.314,None,0.0,None
C_full_separation,345.815,None,0.0,None
C_full_separation,346.315,None,0.0,None
C_full_separation,346.816,None,0.0,None
C_full_separation,347.317,None,0.0,None
C_full_separation,347.817,None,0.0,None
C_full_separation,348.318,None,0.0,None
C_full_separation,348.819,None,0.0,None
C_full_separation,349.32,None,0.0,None
C_full_separation,349.821,None,0.0,None
C_full_separation,350.321,None,0.0,None
C_full_separation,350.822,None,0.0,None
C_full_separation,351.322,None,0.0,None
C_full_separation,351.823,None,0.0,None
C_full_separation,352.324,None,0.0,None
C_full_separation,352.824,None,0.0,None
C_full_separation,353.325,None,0.0,None
C_full_separation,353.825,None,0.0,None
C_full_separation,354.326,None,0.0,None
C_full_separation,354.826,None,0.0,None
C_full_separation,355.327,None,0.0,None
C_full_separation,355.828,None,0.0,None
C_full_separation,356.33,None,0.0,None
C_full_separation,356.831,None,0.0,None
C_full_separation,357.331,None,0.0,None
C_full_separation,357.833,None,0.0,None
C_full_separation,358.334,None,0.0,None
C_full_separation,358.834,None,0.0,None
C_full_separation,359.337,None,0.0,None
C_full_separation,359.837,None,0.0,None
C_full_separation,360.338,None,0.0,None
C_full_separation,360.839,None,0.0,None
C_full_separation,361.342,None,0.0,None
C_full_separation,361.843,None,0.0,None
C_full_separation,362.343,None,0.0,None
C_full_separation,362.844,None,0.0,None
C_full_separation,363.344,None,0.0,None
C_full_separation,363.845,None,0.0,None
C_full_separation,364.345,None,0.0,None
C_full_separation,364.846,None,0.0,None
C_full_separation,365.346,None,0.0,None
C_full_separation,365.847,None,0.0,None
C_full_separation,366.348,None,0.0,None
C_full_separation,366.849,None,0.0,None
C_full_separation,367.35,None,0.0,None
C_full_separation,367.852,None,0.0,None
C_full_separation,368.352,None,0.0,None
C_full_separation,368.853,None,0.0,None
C_full_separation,369.362,None,0.0,None
C_full_separation,369.865,None,0.0,None
C_full_separation,370.37,None,0.0,None
C_full_separation,370.872,None,0.0,None
C_full_separation,371.373,None,0.0,None
C_full_separation,371.875,None,0.0,None
C_full_separation,372.375,None,0.0,None
C_full_separation,372.876,None,0.0,None
C_full_separation,373.377,None,0.0,None
C_full_separation,373.877,None,0.0,None
C_full_separation,374.378,None,0.0,None
C_full_separation,374.878,None,0.0,None
C_full_separation,375.379,None,0.0,None
C_full_separation,375.879,None,0.0,None
C_full_separation,376.38,None,0.0,None
C_full_separation,376.88,None,0.0,None
C_full_separation,377.381,None,0.0,None
C_full_separation,377.882,None,0.0,None
C_full_separation,378.384,None,0.0,None
C_full_separation,378.897,None,0.0,None
C_full_separation,379.403,None,0.0,None
C_full_separation,379.903,None,0.0,None
C_full_separation,380.404,None,0.0,None
C_full_separation,380.905,None,0.0,None
C_full_separation,381.406,None,0.0,None
C_full_separation,381.907,None,0.0,None
C_full_separation,382.409,None,0.0,None
C_full_separation,382.91,None,0.0,None
C_full_separation,383.411,None,0.0,None
C_full_separation,383.913,None,0.0,None
C_full_separation,384.414,None,0.0,None
C_full_separation,384.916,None,0.0,None
C_full_separation,385.417,None,0.0,None
C_full_separation,385.917,None,0.0,None
C_full_separation,386.418,None,0.0,None
C_full_separation,386.918,None,0.0,None
C_full_separation,387.419,None,0.0,None
C_full_separation,387.92,None,0.0,None
C_full_separation,388.421,None,0.0,None
C_full_separation,388.922,None,0.0,None
C_full_separation,389.422,None,0.0,None
C_full_separation,389.924,None,0.0,None
C_full_separation,390.424,None,0.0,None
C_full_separation,390.924,None,0.0,None
C_full_separation,391.425,None,0.0,None
C_full_separation,391.925,None,0.0,None
C_full_separation,392.426,None,0.0,None
C_full_separation,392.927,None,0.0,None
C_full_separation,393.427,None,0.0,None
C_full_separation,393.929,None,0.0,None
C_full_separation,394.43,None,0.0,None
C_full_separation,394.931,None,0.0,None
C_full_separation,395.432,None,0.0,None
C_full_separation,395.933,None,0.0,None
C_full_separation,396.434,None,0.0,None
C_full_separation,396.934,None,0.0,None
C_full_separation,397.435,None,0.0,None
C_full_separation,397.936,None,0.0,None
C_full_separation,398.436,None,0.0,None
C_full_separation,398.937,None,0.0,None
C_full_separation,399.437,None,0.0,None
C_full_separation,399.938,None,0.0,None
C_full_separation,400.439,None,0.0,None
C_full_separation,400.939,None,0.0,None
C_full_separation,401.44,None,0.0,None
C_full_separation,401.94,None,0.0,None
C_full_separation,402.441,None,0.0,None
C_full_separation,402.942,None,0.0,None
C_full_separation,403.443,None,0.0,None
C_full_separation,403.943,None,0.0,None
C_full_separation,404.444,None,0.0,None
C_full_separation,404.945,None,0.0,None
C_full_separation,405.445,None,0.0,None
C_full_separation,405.946,None,0.0,None
C_full_separation,406.447,None,0.0,None
C_full_separation,406.947,None,0.0,None
C_full_separation,407.448,None,0.0,None
C_full_separation,407.948,None,0.0,None
C_full_separation,408.449,None,0.0,None
C_full_separation,408.949,None,0.0,None
C_full_separation,409.45,None,0.0,None
C_full_separation,409.95,None,0.0,None
C_full_separation,410.452,None,0.0,None
C_full_separation,410.953,None,0.0,None
C_full_separation,411.454,None,0.0,None
C_full_separation,411.955,None,0.0,None
C_full_separation,412.455,None,0.0,None
C_full_separation,412.956,None,0.0,None
C_full_separation,413.456,None,0.0,None
C_full_separation,413.959,None,0.0,None
C_full_separation,414.459,None,0.0,None
C_full_separation,414.96,None,0.0,None
C_full_separation,415.46,None,0.0,None
C_full_separation,415.961,None,0.0,None
C_full_separation,416.464,None,0.0,None
C_full_separation,416.965,None,0.0,None
C_full_separation,417.465,None,0.0,None
C_full_separation,417.966,None,0.0,None
C_full_separation,418.467,None,0.0,None
C_full_separation,418.968,None,0.0,None
C_full_separation,419.468,None,0.0,None
C_full_separation,419.969,None,0.0,None
C_full_separation,420.469,None,0.0,None
C_full_separation,420.972,None,0.0,None
C_full_separation,421.473,None,0.0,None
C_full_separation,421.975,None,0.0,None
C_full_separation,422.492,None,0.0,None
C_full_separation,422.995,None,0.0,None
C_full_separation,423.497,None,0.0,None
C_full_separation,423.997,None,0.0,None
C_full_separation,424.498,None,0.0,None
C_full_separation,424.999,None,0.0,None
C_full_separation,425.499,None,0.0,None
C_full_separation,426.001,None,0.0,None
C_full_separation,426.502,None,0.0,None
C_full_separation,427.002,None,0.0,None
C_full_separation,427.503,None,0.0,None
C_full_separation,428.009,None,0.0,None
C_full_separation,428.515,None,0.0,None
C_full_separation,429.016,None,0.0,None
C_full_separation,429.518,None,0.0,None
C_full_separation,430.018,None,0.0,None
C_full_separation,430.519,None,0.0,None
C_full_separation,431.02,None,0.0,None
C_full_separation,431.52,None,0.0,None
C_full_separation,432.022,None,0.0,None
C_full_separation,432.523,None,0.0,None
C_full_separation,433.023,None,0.0,None
C_full_separation,433.524,None,0.0,None
C_full_separation,434.025,None,0.0,None
C_full_separation,434.525,None,0.0,None
C_full_separation,435.026,None,0.0,None
C_full_separation,435.526,None,0.0,None
C_full_separation,436.027,None,0.0,None
C_full_separation,436.527,None,0.0,None
C_full_separation,437.028,None,0.0,None
C_full_separation,437.528,None,0.0,None
C_full_separation,438.03,None,0.0,None
C_full_separation,438.531,None,0.0,None
C_full_separation,439.031,None,0.0,None
C_full_separation,439.532,None,0.0,None
C_full_separation,440.033,None,0.0,None
C_full_separation,440.533,None,0.0,None
C_full_separation,441.034,None,0.0,None
C_full_separation,441.534,None,0.0,None
C_full_separation,442.036,None,0.0,None
C_full_separation,442.537,None,0.0,None
C_full_separation,443.038,None,0.0,None
C_full_separation,443.539,None,0.0,None
C_full_separation,444.039,None,0.0,None
C_full_separation,444.542,None,0.0,None
C_full_separation,445.042,None,0.0,None
C_full_separation,445.544,None,0.0,None
C_full_separation,446.045,None,0.0,None
C_full_separation,446.546,None,0.0,None
C_full_separation,447.047,None,0.0,None
C_full_separation,447.548,None,0.0,None
C_full_separation,448.049,None,0.0,None
C_full_separation,448.55,None,0.0,None
C_full_separation,449.05,None,0.0,None
C_full_separation,449.552,None,0.0,None
C_full_separation,450.053,None,0.0,None
C_full_separation,450.554,None,0.0,None
C_full_separation,451.054,None,0.0,None
C_full_separation,451.555,None,0.0,None
C_full_separation,452.055,None,0.0,None
C_full_separation,452.556,None,0.0,None
C_full_separation,453.056,None,0.0,None
C_full_separation,453.557,None,0.0,None
C_full_separation,454.057,None,0.0,None
C_full_separation,454.558,None,0.0,None
C_full_separation,455.059,None,0.0,None
C_full_separation,455.559,None,0.0,None
C_full_separation,456.06,None,0.0,None
C_full_separation,456.561,None,0.0,None
C_full_separation,457.062,None,0.0,None
C_full_separation,457.562,None,0.0,None
C_full_separation,458.064,None,0.0,None
C_full_separation,458.564,None,0.0,None
C_full_separation,459.065,None,0.0,None
C_full_separation,459.565,None,0.0,None
C_full_separation,460.066,None,0.0,None
C_full_separation,460.568,None,0.0,None
C_full_separation,461.069,None,0.0,None
C_full_separation,461.569,None,0.0,None
C_full_separation,462.07,None,0.0,None
C_full_separation,462.57,None,0.0,None
C_full_separation,463.071,None,0.0,None
C_full_separation,463.571,None,0.0,None
C_full_separation,464.092,None,0.0,None
C_full_separation,464.595,None,0.0,None
C_full_separation,465.096,None,0.0,None
C_full_separation,465.596,None,0.0,None
C_full_separation,466.097,None,0.0,None
C_full_separation,466.598,None,0.0,None
C_full_separation,467.099,None,0.0,None
C_full_separation,467.6,None,0.0,None
C_full_separation,468.101,None,0.0,None
C_full_separation,468.601,None,0.0,None
C_full_separation,469.105,None,0.0,None
C_full_separation,469.605,None,0.0,None
C_full_separation,470.106,None,0.0,None
C_full_separation,470.606,None,0.0,None
C_full_separation,471.107,None,0.0,None
C_full_separation,471.608,None,0.0,None
C_full_separation,472.108,None,0.0,None
C_full_separation,472.609,None,0.0,None
C_full_separation,473.109,None,0.0,None
C_full_separation,473.611,None,0.0,None
C_full_separation,474.112,None,0.0,None
C_full_separation,474.613,None,0.0,None
C_full_separation,475.113,None,0.0,None
C_full_separation,475.614,None,0.0,None
C_full_separation,476.115,None,0.0,None
C_full_separation,476.615,None,0.0,None
C_full_separation,477.116,None,0.0,None
C_full_separation,477.617,None,0.0,None
C_full_separation,478.118,None,0.0,None
C_full_separation,478.618,None,0.0,None
C_full_separation,479.121,None,0.0,None
C_full_separation,479.623,None,0.0,None
C_full_separation,480.123,None,0.0,None
C_full_separation,480.624,None,0.0,None
C_full_separation,481.124,None,0.0,None
C_full_separation,481.625,None,0.0,None
C_full_separation,482.126,None,0.0,None
C_full_separation,482.626,None,0.0,None
C_full_separation,483.129,None,0.0,None
C_full_separation,483.63,None,0.0,None
C_full_separation,484.131,None,0.0,None
C_full_separation,484.631,None,0.0,None
C_full_separation,485.132,None,0.0,None
C_full_separation,485.632,None,0.0,None
C_full_separation,486.133,None,0.0,None
C_full_separation,486.634,None,0.0,None
C_full_separation,487.135,None,0.0,None
C_full_separation,487.635,None,0.0,None
C_full_separation,488.136,None,0.0,None
C_full_separation,488.641,None,0.0,None
C_full_separation,489.143,None,0.0,None
C_full_separation,489.644,None,0.0,None
C_full_separation,490.149,None,0.0,None
C_full_separation,490.65,None,0.0,None
C_full_separation,491.154,None,0.0,None
C_full_separation,491.654,None,0.0,None
C_full_separation,492.155,None,0.0,None
C_full_separation,492.655,None,0.0,None
C_full_separation,493.156,None,0.0,None
C_full_separation,493.657,None,0.0,None
C_full_separation,494.157,None,0.0,None
C_full_separation,494.659,None,0.0,None
C_full_separation,495.159,None,0.0,None
C_full_separation,495.661,None,0.0,None
C_full_separation,496.161,None,0.0,None
C_full_separation,496.662,None,0.0,None
C_full_separation,497.163,None,0.0,None
C_full_separation,497.664,None,0.0,None
C_full_separation,498.165,None,0.0,None
C_full_separation,498.667,None,0.0,None
C_full_separation,499.168,None,0.0,None
C_full_separation,499.681,None,0.0,None
C_full_separation,500.185,None,0.0,None
C_full_separation,500.686,None,0.0,None
C_full_separation,501.187,None,0.0,None
C_full_separation,501.687,None,0.0,None
C_full_separation,502.188,None,0.0,None
C_full_separation,502.688,None,0.0,None
C_full_separation,503.19,None,0.0,None
C_full_separation,503.691,None,0.0,None
C_full_separation,504.191,None,0.0,None
C_full_separation,504.692,None,0.0,None
C_full_separation,505.192,None,0.0,None
C_full_separation,505.693,None,0.0,None
C_full_separation,506.193,None,0.0,None
C_full_separation,506.694,None,0.0,None
C_full_separation,507.194,None,0.0,None
C_full_separation,507.705,None,0.0,None
C_full_separation,508.281,None,0.0,None
C_full_separation,508.791,None,0.0,None
C_full_separation,509.292,None,0.0,None
C_full_separation,509.793,None,0.0,None
C_full_separation,510.295,None,0.0,None
C_full_separation,510.797,None,0.0,None
C_full_separation,511.298,None,0.0,None
C_full_separation,511.798,None,0.0,None
C_full_separation,512.299,None,0.0,None
C_full_separation,512.801,None,0.0,None
C_full_separation,513.301,None,0.0,None
C_full_separation,513.802,None,0.0,None
C_full_separation,514.304,None,0.0,None
C_full_separation,514.804,None,0.0,None
C_full_separation,515.305,None,0.0,None
C_full_separation,515.806,None,0.0,None
C_full_separation,516.306,None,0.0,None
C_full_separation,516.808,None,0.0,None
C_full_separation,517.309,None,0.0,None
C_full_separation,517.809,None,0.0,None
C_full_separation,518.31,None,0.0,None
C_full_separation,518.81,None,0.0,None
C_full_separation,519.311,None,0.0,None
C_full_separation,519.812,None,0.0,None
C_full_separation,520.312,None,0.0,None
C_full_separation,520.813,None,0.0,None
C_full_separation,521.314,None,0.0,None
C_full_separation,521.815,None,0.0,None
C_full_separation,522.315,None,0.0,None
C_full_separation,522.816,None,0.0,None
C_full_separation,523.316,None,0.0,None
C_full_separation,523.817,None,0.0,None
C_full_separation,524.317,None,0.0,None
C_full_separation,524.818,None,0.0,None
C_full_separation,525.319,None,0.0,None
C_full_separation,525.819,None,0.0,None
C_full_separation,526.319,None,0.0,None
C_full_separation,526.822,None,0.0,None
C_full_separation,527.323,None,0.0,None
C_full_separation,527.823,None,0.0,None
C_full_separation,528.324,None,0.0,None
C_full_separation,528.824,None,0.0,None
C_full_separation,529.333,None,0.0,None
C_full_separation,529.85,None,0.0,None
C_full_separation,530.35,None,0.0,None
C_full_separation,530.851,None,0.0,None
C_full_separation,531.351,None,0.0,None
C_full_separation,531.852,None,0.0,None
C_full_separation,532.359,None,0.0,None
C_full_separation,532.86,None,0.0,None
C_full_separation,533.36,None,0.0,None
C_full_separation,533.861,None,0.0,None
C_full_separation,534.362,None,0.0,None
C_full_separation,534.863,None,0.0,None
C_full_separation,535.363,None,0.0,None
C_full_separation,535.864,None,0.0,None
C_full_separation,536.364,None,0.0,None
C_full_separation,536.865,None,0.0,None
C_full_separation,537.365,None,0.0,None
C_full_separation,537.866,None,0.0,None
C_full_separation,538.367,None,0.0,None
C_full_separation,538.869,None,0.0,None
C_full_separation,539.369,None,0.0,None
C_full_separation,539.87,None,0.0,None
C_full_separation,540.372,None,0.0,None
C_full_separation,540.873,None,0.0,None
C_full_separation,541.373,None,0.0,None
C_full_separation,541.874,None,0.0,None
C_full_separation,542.374,None,0.0,None
C_full_separation,542.875,None,0.0,None
C_full_separation,543.377,None,0.0,None
C_full_separation,543.882,None,0.0,None
C_full_separation,544.383,None,0.0,None
C_full_separation,544.883,None,0.0,None
C_full_separation,545.384,None,0.0,None
C_full_separation,545.884,None,0.0,None
C_full_separation,546.385,None,0.0,None
C_full_separation,546.885,None,0.0,None
C_full_separation,547.39,None,0.0,None
C_full_separation,547.914,None,0.0,None
C_full_separation,548.42,None,0.0,None
C_full_separation,548.92,None,0.0,None
C_full_separation,549.423,None,0.0,None
C_full_separation,549.931,None,0.0,None
C_full_separation,550.433,None,0.0,None
C_full_separation,550.934,None,0.0,None
C_full_separation,551.434,None,0.0,None
C_full_separation,551.935,None,0.0,None
C_full_separation,552.436,None,0.0,None
C_full_separation,552.938,None,0.0,None
C_full_separation,553.439,None,0.0,None
C_full_separation,553.939,None,0.0,None
C_full_separation,554.44,None,0.0,None
C_full_separation,554.94,None,0.0,None
C_full_separation,555.441,None,0.0,None
C_full_separation,555.952,None,0.0,None
C_full_separation,556.453,None,0.0,None
C_full_separation,556.953,None,0.0,None
C_full_separation,557.454,None,0.0,None
C_full_separation,557.955,None,0.0,None
C_full_separation,558.456,None,0.0,None
C_full_separation,558.956,None,0.0,None
C_full_separation,559.457,None,0.0,None
C_full_separation,559.978,None,0.0,None
C_full_separation,560.48,None,0.0,None
C_full_separation,560.981,None,0.0,None
C_full_separation,561.482,None,0.0,None
C_full_separation,561.983,None,0.0,None
C_full_separation,562.483,None,0.0,None
C_full_separation,562.984,None,0.0,None
C_full_separation,563.484,None,0.0,None
C_full_separation,563.985,None,0.0,None
C_full_separation,564.485,None,0.0,None
C_full_separation,564.987,None,0.0,None
C_full_separation,565.487,None,0.0,None
C_full_separation,565.989,None,0.0,None
C_full_separation,566.49,None,0.0,None
C_full_separation,566.99,None,0.0,None
C_full_separation,567.491,None,0.0,None
C_full_separation,567.992,None,0.0,None
C_full_separation,568.492,None,0.0,None
C_full_separation,568.993,None,0.0,None
C_full_separation,569.493,None,0.0,None
C_full_separation,569.994,None,0.0,None
C_full_separation,570.496,None,0.0,None
C_full_separation,570.996,None,0.0,None
C_full_separation,571.497,None,0.0,None
C_full_separation,571.997,None,0.0,None
C_full_separation,572.498,None,0.0,None
C_full_separation,573.005,None,0.0,None
C_full_separation,573.518,None,0.0,None
C_full_separation,574.019,None,0.0,None
C_full_separation,574.519,None,0.0,None
C_full_separation,575.02,None,0.0,None
C_full_separation,575.52,None,0.0,None
C_full_separation,576.022,None,0.0,None
C_full_separation,576.522,None,0.0,None
C_full_separation,577.024,None,0.0,None
C_full_separation,577.524,None,0.0,None
C_full_separation,578.025,None,0.0,None
C_full_separation,578.525,None,0.0,None
C_full_separation,579.026,None,0.0,None
C_full_separation,579.526,None,0.0,None
C_full_separation,580.027,None,0.0,None
C_full_separation,580.527,None,0.0,None
C_full_separation,581.028,None,0.0,None
C_full_separation,581.529,None,0.0,None
C_full_separation,582.029,None,0.0,None
C_full_separation,582.53,None,0.0,None
C_full_separation,583.03,None,0.0,None
C_full_separation,583.536,None,0.0,None
C_full_separation,584.036,None,0.0,None
C_full_separation,584.537,None,0.0,None
C_full_separation,585.037,None,0.0,None
C_full_separation,585.538,None,0.0,None
C_full_separation,586.038,None,0.0,None
C_full_separation,586.538,None,0.0,None
C_full_separation,587.039,None,0.0,None
C_full_separation,587.539,None,0.0,None
C_full_separation,588.04,None,0.0,None
C_full_separation,588.54,None,0.0,None
C_full_separation,589.041,None,0.0,None
C_full_separation,589.542,None,0.0,None
C_full_separation,590.042,None,0.0,None
C_full_separation,590.563,None,0.0,None
C_full_separation,591.165,None,0.0,None
C_full_separation,591.667,None,0.0,None
C_full_separation,592.178,None,0.0,None
C_full_separation,592.697,None,0.0,None
C_full_separation,593.197,None,0.0,None
C_full_separation,593.698,None,0.0,None
C_full_separation,594.201,None,0.0,None
C_full_separation,594.702,None,0.0,None
C_full_separation,595.203,None,0.0,None
C_full_separation,595.703,None,0.0,None
C_full_separation,596.205,None,0.0,None
C_full_separation,596.706,None,0.0,None
C_full_separation,597.207,None,0.0,None
C_full_separation,597.713,None,0.0,None
C_full_separation,598.214,None,0.0,None
C_full_separation,598.714,None,0.0,None
C_full_separation,599.215,None,0.0,None
C_full_separation,599.716,None,0.0,None
C_full_separation,600.216,None,0.0,None
C_full_separation,600.722,None,0.0,None
C_full_separation,601.236,None,0.0,None
C_full_separation,601.737,None,0.0,None
C_full_separation,602.237,None,0.0,None
C_full_separation,602.738,None,0.0,None
C_full_separation,603.238,None,0.0,None
C_full_separation,603.739,None,0.0,None
C_full_separation,604.241,None,0.0,None
C_full_separation,604.742,None,0.0,None
C_full_separation,605.243,None,0.0,None
C_full_separation,605.743,None,0.0,None
C_full_separation,606.244,None,0.0,None
C_full_separation,606.745,None,0.0,None
C_full_separation,607.247,None,0.0,None
C_full_separation,607.747,None,0.0,None
C_full_separation,608.249,None,0.0,None
C_full_separation,608.751,None,0.0,None
C_full_separation,609.251,None,0.0,None
C_full_separation,609.753,None,0.0,None
C_full_separation,610.253,None,0.0,None
C_full_separation,610.755,None,0.0,None
C_full_separation,611.258,None,0.0,None
C_full_separation,611.758,None,0.0,None
C_full_separation,612.26,None,0.0,None
C_full_separation,612.761,None,0.0,None
C_full_separation,613.262,None,0.0,None
C_full_separation,613.762,None,0.0,None
C_full_separation,614.263,None,0.0,None
C_full_separation,614.764,None,0.0,None
C_full_separation,615.265,None,0.0,None
C_full_separation,615.766,None,0.0,None
C_full_separation,616.267,None,0.0,None
C_full_separation,616.767,None,0.0,None
C_full_separation,617.268,None,0.0,None
C_full_separation,617.769,None,0.0,None
C_full_separation,618.269,None,0.0,None
C_full_separation,618.77,None,0.0,None
C_full_separation,619.271,None,0.0,None
C_full_separation,619.772,None,0.0,None
C_full_separation,620.273,None,0.0,None
C_full_separation,620.773,None,0.0,None
C_full_separation,621.273,None,0.0,None
C_full_separation,621.774,None,0.0,None
C_full_separation,622.276,None,0.0,None
C_full_separation,622.776,None,0.0,None
C_full_separation,623.277,None,0.0,None
C_full_separation,623.777,None,0.0,None
C_full_separation,624.279,None,0.0,None
C_full_separation,624.78,None,0.0,None
C_full_separation,625.284,None,0.0,None
C_full_separation,625.784,None,0.0,None
C_full_separation,626.285,None,0.0,None
C_full_separation,626.787,None,0.0,None
C_full_separation,627.288,None,0.0,None
C_full_separation,627.796,None,0.0,None
C_full_separation,628.302,None,0.0,None
C_full_separation,628.802,None,0.0,None
C_full_separation,629.303,None,0.0,None
C_full_separation,629.803,None,0.0,None
C_full_separation,630.304,None,0.0,None
C_full_separation,630.808,None,0.0,None
C_full_separation,631.313,None,0.0,None
C_full_separation,631.814,None,0.0,None
C_full_separation,632.315,None,0.0,None
C_full_separation,632.815,None,0.0,None
C_full_separation,633.315,None,0.0,None
C_full_separation,633.816,None,0.0,None
C_full_separation,634.317,None,0.0,None
C_full_separation,634.818,None,0.0,None
C_full_separation,635.325,None,0.0,None
C_full_separation,635.849,None,0.0,None
C_full_separation,636.351,None,0.0,None
C_full_separation,636.852,None,0.0,None
C_full_separation,637.353,None,0.0,None
C_full_separation,637.854,None,0.0,None
C_full_separation,638.355,None,0.0,None
C_full_separation,638.855,None,0.0,None
C_full_separation,639.355,None,0.0,None
C_full_separation,639.856,None,0.0,None
C_full_separation,640.357,None,0.0,None
C_full_separation,640.867,None,0.0,None
C_full_separation,641.384,None,0.0,None
C_full_separation,641.884,None,0.0,None
C_full_separation,642.385,None,0.0,None
C_full_separation,642.886,None,0.0,None
C_full_separation,643.387,None,0.0,None
C_full_separation,643.888,None,0.0,None
C_full_separation,644.388,None,0.0,None
C_full_separation,644.889,None,0.0,None
C_full_separation,645.389,None,0.0,None
C_full_separation,645.89,None,0.0,None
C_full_separation,646.391,None,0.0,None
C_full_separation,646.892,None,0.0,None
C_full_separation,647.392,None,0.0,None
C_full_separation,647.893,None,0.0,None
C_full_separation,648.394,None,0.0,None
C_full_separation,648.894,None,0.0,None
C_full_separation,649.395,None,0.0,None
C_full_separation,649.896,None,0.0,None
C_full_separation,650.397,None,0.0,None
C_full_separation,650.898,None,0.0,None
C_full_separation,651.398,None,0.0,None
C_full_separation,651.899,None,0.0,None
C_full_separation,652.401,None,0.0,None
C_full_separation,652.902,None,0.0,None
C_full_separation,653.402,None,0.0,None
C_full_separation,653.903,None,0.0,None
C_full_separation,654.405,None,0.0,None
C_full_separation,654.906,None,0.0,None
C_full_separation,655.407,None,0.0,None
C_full_separation,655.908,None,0.0,None
C_full_separation,656.409,None,0.0,None
C_full_separation,656.91,None,0.0,None
C_full_separation,657.411,None,0.0,None
C_full_separation,657.911,None,0.0,None
C_full_separation,658.412,None,0.0,None
C_full_separation,658.914,None,0.0,None
C_full_separation,659.415,None,0.0,None
C_full_separation,659.916,None,0.0,None
C_full_separation,660.416,None,0.0,None
C_full_separation,660.917,None,0.0,None
C_full_separation,661.418,None,0.0,None
C_full_separation,661.918,None,0.0,None
C_full_separation,662.419,None,0.0,None
C_full_separation,662.919,None,0.0,None
C_full_separation,663.42,None,0.0,None
C_full_separation,663.92,None,0.0,None
C_full_separation,664.421,None,0.0,None
C_full_separation,664.921,None,0.0,None
C_full_separation,665.421,None,0.0,None
C_full_separation,665.922,None,0.0,None
C_full_separation,666.423,None,0.0,None
C_full_separation,666.923,None,0.0,None
C_full_separation,667.424,None,0.0,None
C_full_separation,667.925,None,0.0,None
C_full_separation,668.426,None,0.0,None
C_full_separation,668.927,None,0.0,None
C_full_separation,669.427,None,0.0,None
C_full_separation,669.928,None,0.0,None
C_full_separation,670.433,None,0.0,None
C_full_separation,670.938,None,0.0,None
C_full_separation,671.439,None,0.0,None
C_full_separation,671.939,None,0.0,None
C_full_separation,672.44,None,0.0,None
C_full_separation,672.941,None,0.0,None
C_full_separation,673.445,None,0.0,None
C_full_separation,673.946,None,0.0,None
C_full_separation,674.45,None,0.0,None
C_full_separation,674.951,None,0.0,None
C_full_separation,675.453,None,0.0,None
C_full_separation,675.953,None,0.0,None
C_full_separation,676.466,None,0.0,None
C_full_separation,676.967,None,0.0,None
C_full_separation,677.467,None,0.0,None
C_full_separation,677.968,None,0.0,None
C_full_separation,678.475,None,0.0,None
C_full_separation,678.976,None,0.0,None
C_full_separation,679.477,None,0.0,None
C_full_separation,679.977,None,0.0,None
C_full_separation,680.478,None,0.0,None
C_full_separation,680.979,None,0.0,None
C_full_separation,681.479,None,0.0,None
C_full_separation,681.992,None,0.0,None
C_full_separation,682.494,None,0.0,None
C_full_separation,682.996,None,0.0,None
C_full_separation,683.497,None,0.0,None
C_full_separation,683.999,None,0.0,None
C_full_separation,684.499,None,0.0,None
C_full_separation,685.0,None,0.0,None
C_full_separation,685.5,None,0.0,None
C_full_separation,686.001,None,0.0,None
C_full_separation,686.501,None,0.0,None
C_full_separation,687.002,None,0.0,None
C_full_separation,687.504,None,0.0,None
C_full_separation,688.007,None,0.0,None
C_full_separation,688.516,None,0.0,None
C_full_separation,689.017,None,0.0,None
C_full_separation,689.517,None,0.0,None
C_full_separation,690.018,None,0.0,None
C_full_separation,690.518,None,0.0,None
C_full_separation,691.019,None,0.0,None
C_full_separation,691.52,None,0.0,None
C_full_separation,692.021,None,0.0,None
C_full_separation,692.521,None,0.0,None
C_full_separation,693.022,None,0.0,None
C_full_separation,693.522,None,0.0,None
C_full_separation,694.023,None,0.0,None
C_full_separation,694.523,None,0.0,None
C_full_separation,695.024,None,0.0,None
C_full_separation,695.525,None,0.0,None
C_full_separation,696.027,None,0.0,None
C_full_separation,696.528,None,0.0,None
C_full_separation,697.028,None,0.0,None
C_full_separation,697.531,None,0.0,None
C_full_separation,698.031,None,0.0,None
C_full_separation,698.532,None,0.0,None
C_full_separation,699.034,None,0.0,None
C_full_separation,699.537,None,0.0,None
C_full_separation,700.037,None,0.0,None
C_full_separation,700.538,None,0.0,None
C_full_separation,701.039,None,0.0,None
C_full_separation,701.54,None,0.0,None
C_full_separation,702.04,None,0.0,None
C_full_separation,702.541,None,0.0,None
C_full_separation,703.043,None,0.0,None
C_full_separation,703.544,None,0.0,None
C_full_separation,704.045,None,0.0,None
C_full_separation,704.545,None,0.0,None
C_full_separation,705.046,None,0.0,None
C_full_separation,705.548,None,0.0,None
C_full_separation,706.049,None,0.0,None
C_full_separation,706.55,None,0.0,None
C_full_separation,707.05,None,0.0,None
C_full_separation,707.551,None,0.0,None
C_full_separation,708.051,None,0.0,None
C_full_separation,708.552,None,0.0,None
C_full_separation,709.052,None,0.0,None
C_full_separation,709.553,None,0.0,None
C_full_separation,710.054,None,0.0,None
C_full_separation,710.554,None,0.0,None
C_full_separation,711.055,None,0.0,None
C_full_separation,711.555,None,0.0,None
C_full_separation,712.056,None,0.0,None
C_full_separation,712.556,None,0.0,None
C_full_separation,713.057,None,0.0,None
C_full_separation,713.557,None,0.0,None
C_full_separation,714.058,None,0.0,None
C_full_separation,714.559,None,0.0,None
C_full_separation,715.059,None,0.0,None
C_full_separation,715.56,None,0.0,None
C_full_separation,716.064,None,0.0,None
C_full_separation,716.565,None,0.0,None
C_full_separation,717.066,None,0.0,None
C_full_separation,717.567,None,0.0,None
C_full_separation,718.067,None,0.0,None
C_full_separation,718.568,None,0.0,None
C_full_separation,719.068,None,0.0,None
C_full_separation,719.569,None,0.0,None
C_full_separation,720.069,None,0.0,None
C_full_separation,720.571,None,0.0,None
C_full_separation,721.071,None,0.0,None
C_full_separation,721.572,None,0.0,None
C_full_separation,722.073,None,0.0,None
C_full_separation,722.574,None,0.0,None
C_full_separation,723.075,None,0.0,None
C_full_separation,723.575,None,0.0,None
C_full_separation,724.076,None,0.0,None
C_full_separation,724.576,None,0.0,None
C_full_separation,725.077,None,0.0,None
C_full_separation,725.578,None,0.0,None
C_full_separation,726.085,None,0.0,None
C_full_separation,726.62,None,0.0,None
C_full_separation,727.121,None,0.0,None
C_full_separation,727.622,None,0.0,None
C_full_separation,728.122,None,0.0,None
C_full_separation,728.623,None,0.0,None
C_full_separation,729.124,None,0.0,None
C_full_separation,729.624,None,0.0,None
C_full_separation,730.125,None,0.0,None
C_full_separation,730.628,None,0.0,None
C_full_separation,731.135,None,0.0,None
C_full_separation,731.638,None,0.0,None
C_full_separation,732.142,None,0.0,None
C_full_separation,732.645,None,0.0,None
C_full_separation,733.146,None,0.0,None
C_full_separation,733.646,None,0.0,None
C_full_separation,734.147,None,0.0,None
C_full_separation,734.648,None,0.0,None
C_full_separation,735.148,None,0.0,None
C_full_separation,735.649,None,0.0,None
C_full_separation,736.149,None,0.0,None
C_full_separation,736.65,None,0.0,None
C_full_separation,737.151,None,0.0,None
C_full_separation,737.652,None,0.0,None
C_full_separation,738.154,None,0.0,None
C_full_separation,738.654,None,0.0,None
C_full_separation,739.155,None,0.0,None
C_full_separation,739.655,None,0.0,None
C_full_separation,740.156,None,0.0,None
C_full_separation,740.658,None,0.0,None
C_full_separation,741.159,None,0.0,None
C_full_separation,741.661,None,0.0,None
C_full_separation,742.162,None,0.0,None
C_full_separation,742.663,None,0.0,None
C_full_separation,743.163,None,0.0,None
C_full_separation,743.664,None,0.0,None
C_full_separation,744.164,None,0.0,None
C_full_separation,744.665,None,0.0,None
C_full_separation,745.165,None,0.0,None
C_full_separation,745.667,None,0.0,None
C_full_separation,746.169,None,0.0,None
C_full_separation,746.669,None,0.0,None
C_full_separation,747.17,None,0.0,None
C_full_separation,747.671,None,0.0,None
C_full_separation,748.171,None,0.0,None
C_full_separation,748.672,None,0.0,None
C_full_separation,749.172,None,0.0,None
C_full_separation,749.674,None,0.0,None
C_full_separation,750.175,None,0.0,None
C_full_separation,750.676,None,0.0,None
C_full_separation,751.177,None,0.0,None
C_full_separation,751.677,None,0.0,None
C_full_separation,752.178,None,0.0,None
C_full_separation,752.679,None,0.0,None
C_full_separation,753.18,None,0.0,None
C_full_separation,753.681,None,0.0,None
C_full_separation,754.182,None,0.0,None
C_full_separation,754.683,None,0.0,None
C_full_separation,755.183,None,0.0,None
C_full_separation,755.684,None,0.0,None
C_full_separation,756.184,None,0.0,None
C_full_separation,756.684,None,0.0,None
C_full_separation,757.185,None,0.0,None
C_full_separation,757.687,None,0.0,None
C_full_separation,758.187,None,0.0,None
C_full_separation,758.688,None,0.0,None
C_full_separation,759.188,None,0.0,None
C_full_separation,759.689,None,0.0,None
C_full_separation,760.19,None,0.0,None
C_full_separation,760.691,None,0.0,None
C_full_separation,761.202,None,0.0,None
C_full_separation,761.702,None,0.0,None
C_full_separation,762.203,None,0.0,None
C_full_separation,762.703,None,0.0,None
C_full_separation,763.204,None,0.0,None
C_full_separation,763.704,None,0.0,None
C_full_separation,764.205,None,0.0,None
C_full_separation,764.705,None,0.0,None
C_full_separation,765.206,None,0.0,None
C_full_separation,765.706,None,0.0,None
C_full_separation,766.207,None,0.0,None
C_full_separation,766.707,None,0.0,None
C_full_separation,767.208,None,0.0,None
C_full_separation,767.708,None,0.0,None
C_full_separation,768.209,None,0.0,None
C_full_separation,768.709,None,0.0,None
C_full_separation,769.21,None,0.0,None
C_full_separation,769.71,None,0.0,None
C_full_separation,770.211,None,0.0,None
C_full_separation,770.712,None,0.0,None
C_full_separation,771.212,None,0.0,None
C_full_separation,771.753,None,0.0,None
C_full_separation,772.257,None,0.0,None
C_full_separation,772.758,None,0.0,None
C_full_separation,773.259,None,0.0,None
C_full_separation,773.76,None,0.0,None
C_full_separation,774.261,None,0.0,None
C_full_separation,774.762,None,0.0,None
C_full_separation,775.262,None,0.0,None
C_full_separation,775.762,None,0.0,None
C_full_separation,776.263,None,0.0,None
C_full_separation,776.766,None,0.0,None
C_full_separation,777.267,None,0.0,None
C_full_separation,777.768,None,0.0,None
C_full_separation,778.269,None,0.0,None
C_full_separation,778.77,None,0.0,None
C_full_separation,779.27,None,0.0,None
C_full_separation,779.771,None,0.0,None
C_full_separation,780.271,None,0.0,None
C_full_separation,780.772,None,0.0,None
C_full_separation,781.272,None,0.0,None
C_full_separation,781.773,None,0.0,None
C_full_separation,782.274,None,0.0,None
C_full_separation,782.775,None,0.0,None
C_full_separation,783.277,None,0.0,None
C_full_separation,783.777,None,0.0,None
C_full_separation,784.277,None,0.0,None
C_full_separation,784.778,None,0.0,None
C_full_separation,785.28,None,0.0,None
C_full_separation,785.783,None,0.0,None
C_full_separation,786.289,None,0.0,None
C_full_separation,786.789,None,0.0,None
C_full_separation,787.29,None,0.0,None
C_full_separation,787.79,None,0.0,None
C_full_separation,788.291,None,0.0,None
C_full_separation,788.792,None,0.0,None
C_full_separation,789.292,None,0.0,None
C_full_separation,789.795,None,0.0,None
C_full_separation,790.298,None,0.0,None
C_full_separation,790.798,None,0.0,None
C_full_separation,791.301,None,0.0,None
C_full_separation,791.801,None,0.0,None
C_full_separation,792.302,None,0.0,None
C_full_separation,792.803,None,0.0,None
C_full_separation,793.303,None,0.0,None
C_full_separation,793.804,None,0.0,None
C_full_separation,794.305,None,0.0,None
C_full_separation,794.806,None,0.0,None
C_full_separation,795.306,None,0.0,None
C_full_separation,795.807,None,0.0,None
C_full_separation,796.308,None,0.0,None
C_full_separation,796.81,None,0.0,None
C_full_separation,797.31,None,0.0,None
C_full_separation,797.811,None,0.0,None
C_full_separation,798.311,None,0.0,None
C_full_separation,798.813,None,0.0,None
C_full_separation,799.314,None,0.0,None
C_full_separation,799.815,None,0.0,None
C_full_separation,800.315,None,0.0,None
C_full_separation,800.815,None,0.0,None
C_full_separation,801.316,None,0.0,None
C_full_separation,801.816,None,0.0,None
C_full_separation,802.318,None,0.0,None
C_full_separation,802.82,None,0.0,None
C_full_separation,803.32,None,0.0,None
C_full_separation,803.821,None,0.0,None
C_full_separation,804.321,None,0.0,None
C_full_separation,804.822,None,0.0,None
C_full_separation,805.322,None,0.0,None
C_full_separation,805.823,None,0.0,None
C_full_separation,806.323,None,0.0,None
C_full_separation,806.824,None,0.0,None
C_full_separation,807.325,None,0.0,None
C_full_separation,807.825,None,0.0,None
C_full_separation,808.326,None,0.0,None
C_full_separation,808.828,None,0.0,None
C_full_separation,809.329,None,0.0,None
C_full_separation,809.829,None,0.0,None
C_full_separation,810.33,None,0.0,None
C_full_separation,810.83,None,0.0,None
C_full_separation,811.331,None,0.0,None
C_full_separation,811.831,None,0.0,None
C_full_separation,812.332,None,0.0,None
C_full_separation,812.833,None,0.0,None
C_full_separation,813.333,None,0.0,None
C_full_separation,813.872,None,0.0,None
C_full_separation,814.391,None,0.0,None
C_full_separation,814.894,None,0.0,None
C_full_separation,815.396,None,0.0,None
C_full_separation,815.898,None,0.0,None
C_full_separation,816.399,None,0.0,None
C_full_separation,816.899,None,0.0,None
C_full_separation,817.4,None,0.0,None
C_full_separation,817.9,None,0.0,None
C_full_separation,818.401,None,0.0,None
C_full_separation,818.901,None,0.0,None
C_full_separation,819.403,None,0.0,None
C_full_separation,819.905,None,0.0,None
C_full_separation,820.406,None,0.0,None
C_full_separation,820.907,None,0.0,None
C_full_separation,821.408,None,0.0,None
C_full_separation,821.908,None,0.0,None
C_full_separation,822.409,None,0.0,None
C_full_separation,822.909,None,0.0,None
C_full_separation,823.41,None,0.0,None
C_full_separation,823.91,None,0.0,None
C_full_separation,824.411,None,0.0,None
C_full_separation,824.911,None,0.0,None
C_full_separation,825.412,None,0.0,None
C_full_separation,825.912,None,0.0,None
C_full_separation,826.413,None,0.0,None
C_full_separation,826.913,None,0.0,None
C_full_separation,827.414,None,0.0,None
C_full_separation,827.915,None,0.0,None
C_full_separation,828.416,None,0.0,None
C_full_separation,828.918,None,0.0,None
C_full_separation,829.42,None,0.0,None
C_full_separation,829.92,None,0.0,None
C_full_separation,830.422,None,0.0,None
C_full_separation,830.923,None,0.0,None
C_full_separation,831.424,None,0.0,None
C_full_separation,831.925,None,0.0,None
C_full_separation,832.425,None,0.0,None
C_full_separation,832.927,None,0.0,None
C_full_separation,833.429,None,0.0,None
C_full_separation,833.93,None,0.0,None
C_full_separation,834.431,None,0.0,None
C_full_separation,834.931,None,0.0,None
C_full_separation,835.433,None,0.0,None
C_full_separation,835.934,None,0.0,None
C_full_separation,836.434,None,0.0,None
C_full_separation,836.935,None,0.0,None
C_full_separation,837.435,None,0.0,None
C_full_separation,837.937,None,0.0,None
C_full_separation,838.438,None,0.0,None
C_full_separation,838.938,None,0.0,None
C_full_separation,839.439,None,0.0,None
C_full_separation,839.939,None,0.0,None
C_full_separation,840.44,None,0.0,None
C_full_separation,840.941,None,0.0,None
C_full_separation,841.441,None,0.0,None
C_full_separation,841.941,None,0.0,None
C_full_separation,842.442,None,0.0,None
C_full_separation,842.944,None,0.0,None
C_full_separation,843.445,None,0.0,None
C_full_separation,843.945,None,0.0,None
C_full_separation,844.446,None,0.0,None
C_full_separation,844.946,None,0.0,None
C_full_separation,845.447,None,0.0,None
C_full_separation,845.947,None,0.0,None
C_full_separation,846.448,None,0.0,None
C_full_separation,846.948,None,0.0,None
C_full_separation,847.449,None,0.0,None
C_full_separation,847.95,None,0.0,None
C_full_separation,848.451,None,0.0,None
C_full_separation,848.952,None,0.0,None
C_full_separation,849.452,None,0.0,None
C_full_separation,849.953,None,0.0,None
C_full_separation,850.458,None,0.0,None
C_full_separation,850.959,None,0.0,None
C_full_separation,851.461,None,0.0,None
C_full_separation,851.962,None,0.0,None
C_full_separation,852.463,None,0.0,None
C_full_separation,852.963,None,0.0,None
C_full_separation,853.464,None,0.0,None
C_full_separation,853.964,None,0.0,None
C_full_separation,854.465,None,0.0,None
C_full_separation,854.965,None,0.0,None
C_full_separation,855.466,None,0.0,None
C_full_separation,855.966,None,0.0,None
C_full_separation,856.476,None,0.0,None
C_full_separation,856.999,None,0.0,None
C_full_separation,857.503,None,0.0,None
C_full_separation,858.004,None,0.0,None
C_full_separation,858.505,None,0.0,None
C_full_separation,859.006,None,0.0,None
C_full_separation,859.507,None,0.0,None
C_full_separation,860.008,None,0.0,None
C_full_separation,860.509,None,0.0,None
C_full_separation,861.009,None,0.0,None
C_full_separation,861.51,None,0.0,None
C_full_separation,862.014,None,0.0,None
C_full_separation,862.524,None,0.0,None
C_full_separation,863.025,None,0.0,None
C_full_separation,863.526,None,0.0,None
C_full_separation,864.026,None,0.0,None
C_full_separation,864.527,None,0.0,None
C_full_separation,865.028,None,0.0,None
C_full_separation,865.529,None,0.0,None
C_full_separation,866.03,None,0.0,None
C_full_separation,866.532,None,0.0,None
C_full_separation,867.032,None,0.0,None
C_full_separation,867.533,None,0.0,None
C_full_separation,868.034,None,0.0,None
C_full_separation,868.536,None,0.0,None
C_full_separation,869.036,None,0.0,None
C_full_separation,869.538,None,0.0,None
C_full_separation,870.039,None,0.0,None
C_full_separation,870.539,None,0.0,None
C_full_separation,871.04,None,0.0,None
C_full_separation,871.541,None,0.0,None
C_full_separation,872.041,None,0.0,None
C_full_separation,872.543,None,0.0,None
C_full_separation,873.043,None,0.0,None
C_full_separation,873.544,None,0.0,None
C_full_separation,874.045,None,0.0,None
C_full_separation,874.545,None,0.0,None
C_full_separation,875.046,None,0.0,None
C_full_separation,875.546,None,0.0,None
C_full_separation,876.047,None,0.0,None
C_full_separation,876.547,None,0.0,None
C_full_separation,877.048,None,0.0,None
C_full_separation,877.548,None,0.0,None
C_full_separation,878.049,None,0.0,None
C_full_separation,878.55,None,0.0,None
C_full_separation,879.052,None,0.0,None
C_full_separation,879.552,None,0.0,None
C_full_separation,880.053,None,0.0,None
C_full_separation,880.553,None,0.0,None
C_full_separation,881.054,None,0.0,None
C_full_separation,881.556,None,0.0,None
C_full_separation,882.056,None,0.0,None
C_full_separation,882.557,None,0.0,None
C_full_separation,883.057,None,0.0,None
C_full_separation,883.558,None,0.0,None
C_full_separation,884.058,None,0.0,None
C_full_separation,884.559,None,0.0,None
C_full_separation,885.06,None,0.0,None
C_full_separation,885.561,None,0.0,None
C_full_separation,886.062,None,0.0,None
C_full_separation,886.562,None,0.0,None
C_full_separation,887.063,None,0.0,None
C_full_separation,887.563,None,0.0,None
C_full_separation,888.064,None,0.0,None
C_full_separation,888.564,None,0.0,None
C_full_separation,889.065,None,0.0,None
C_full_separation,889.595,None,0.0,None
C_full_separation,890.105,None,0.0,None
C_full_separation,890.606,None,0.0,None
C_full_separation,891.107,None,0.0,None
C_full_separation,891.607,None,0.0,None
C_full_separation,892.108,None,0.0,None
C_full_separation,892.651,None,0.0,None
C_full_separation,893.151,None,0.0,None
C_full_separation,893.652,None,0.0,None
C_full_separation,894.153,None,0.0,None
C_full_separation,894.654,None,0.0,None
C_full_separation,895.154,None,0.0,None
C_full_separation,895.655,None,0.0,None
C_full_separation,896.155,None,0.0,None
C_full_separation,896.672,None,0.0,None
C_full_separation,897.173,None,0.0,None
C_full_separation,897.673,None,0.0,None
C_full_separation,898.175,None,0.0,None
C_full_separation,898.676,None,0.0,None
C_full_separation,899.176,None,0.0,None
C_full_separation,899.677,None,0.0,None
C_full_separation,900.177,None,0.0,None
C_full_separation,900.678,None,0.0,None
C_full_separation,901.18,None,0.0,None
C_full_separation,901.68,None,0.0,None
C_full_separation,902.181,None,0.0,None
C_full_separation,902.681,None,0.0,None
C_full_separation,903.182,None,0.0,None
C_full_separation,903.684,None,0.0,None
C_full_separation,904.207,None,0.0,None
C_full_separation,904.716,None,0.0,None
C_full_separation,905.216,None,0.0,None
C_full_separation,905.717,None,0.0,None
C_full_separation,906.221,None,0.0,None
C_full_separation,906.721,None,0.0,None
C_full_separation,907.222,None,0.0,None
C_full_separation,907.722,None,0.0,None
C_full_separation,908.223,None,0.0,None
C_full_separation,908.726,None,0.0,None
C_full_separation,909.229,None,0.0,None
C_full_separation,909.73,None,0.0,None
C_full_separation,910.234,None,0.0,None
C_full_separation,910.738,None,0.0,None
C_full_separation,911.242,None,0.0,None
C_full_separation,911.742,None,0.0,None
C_full_separation,912.243,None,0.0,None
C_full_separation,912.744,None,0.0,None
C_full_separation,913.244,None,0.0,None
C_full_separation,913.745,None,0.0,None
C_full_separation,914.245,None,0.0,None
C_full_separation,914.746,None,0.0,None
C_full_separation,915.247,None,0.0,None
C_full_separation,915.748,None,0.0,None
C_full_separation,916.249,None,0.0,None
C_full_separation,916.749,None,0.0,None
C_full_separation,917.25,None,0.0,None
C_full_separation,917.751,None,0.0,None
C_full_separation,918.252,None,0.0,None
C_full_separation,918.752,None,0.0,None
C_full_separation,919.253,None,0.0,None
C_full_separation,919.753,None,0.0,None
C_full_separation,920.254,None,0.0,None
C_full_separation,920.755,None,0.0,None
C_full_separation,921.256,None,0.0,None
C_full_separation,921.756,None,0.0,None
C_full_separation,922.257,None,0.0,None
C_full_separation,922.757,None,0.0,None
C_full_separation,923.258,None,0.0,None
C_full_separation,923.761,None,0.0,None
C_full_separation,924.262,None,0.0,None
C_full_separation,924.762,None,0.0,None
C_full_separation,925.263,None,0.0,None
C_full_separation,925.764,None,0.0,None
C_full_separation,926.264,None,0.0,None
C_full_separation,926.765,None,0.0,None
C_full_separation,927.265,None,0.0,None
C_full_separation,927.766,None,0.0,None
C_full_separation,928.267,None,0.0,None
C_full_separation,928.767,None,0.0,None
C_full_separation,929.268,None,0.0,None
C_full_separation,929.768,None,0.0,None
C_full_separation,930.269,None,0.0,None
C_full_separation,930.77,None,0.0,None
C_full_separation,931.27,None,0.0,None
C_full_separation,931.771,None,0.0,None
C_full_separation,932.272,None,0.0,None
C_full_separation,932.773,None,0.0,None
C_full_separation,933.273,None,0.0,None
C_full_separation,933.774,None,0.0,None
C_full_separation,934.274,None,0.0,None
C_full_separation,934.775,None,0.0,None
C_full_separation,935.276,None,0.0,None
C_full_separation,935.776,None,0.0,None
C_full_separation,936.277,None,0.0,None
C_full_separation,936.777,None,0.0,None
C_full_separation,937.278,None,0.0,None
C_full_separation,937.778,None,0.0,None
C_full_separation,938.279,None,0.0,None
C_full_separation,938.779,None,0.0,None
C_full_separation,939.28,None,0.0,None
C_full_separation,939.78,None,0.0,None
C_full_separation,940.281,None,0.0,None
C_full_separation,940.781,None,0.0,None
C_full_separation,941.283,None,0.0,None
C_full_separation,941.784,None,0.0,None
C_full_separation,942.284,None,0.0,None
C_full_separation,942.785,None,0.0,None
C_full_separation,943.286,None,0.0,None
C_full_separation,943.787,None,0.0,None
C_full_separation,944.287,None,0.0,None
C_full_separation,944.788,None,0.0,None
C_full_separation,945.288,None,0.0,None
C_full_separation,945.789,None,0.0,None
C_full_separation,946.289,None,0.0,None
C_full_separation,946.79,None,0.0,None
C_full_separation,947.29,None,0.0,None
C_full_separation,947.791,None,0.0,None
C_full_separation,948.291,None,0.0,None
C_full_separation,948.793,None,0.0,None
C_full_separation,949.294,None,0.0,None
C_full_separation,949.801,None,0.0,None
C_full_separation,950.302,None,0.0,None
C_full_separation,950.802,None,0.0,None
C_full_separation,951.303,None,0.0,None
C_full_separation,951.803,None,0.0,None
C_full_separation,952.304,None,0.0,None
C_full_separation,952.804,None,0.0,None
C_full_separation,953.305,None,0.0,None
C_full_separation,953.806,None,0.0,None
C_full_separation,954.306,None,0.0,None
C_full_separation,954.813,None,0.0,None
C_full_separation,955.384,None,0.0,None
C_full_separation,955.897,None,0.0,None
C_full_separation,956.399,None,0.0,None
C_full_separation,956.899,None,0.0,None
C_full_separation,957.4,None,0.0,None
C_full_separation,957.9,None,0.0,None
C_full_separation,958.401,None,0.0,None
C_full_separation,958.902,None,0.0,None
C_full_separation,959.402,None,0.0,None
C_full_separation,959.903,None,0.0,None
C_full_separation,960.403,None,0.0,None
C_full_separation,960.904,None,0.0,None
C_full_separation,961.415,None,0.0,None
C_full_separation,961.963,None,0.0,None
C_full_separation,962.464,None,0.0,None
C_full_separation,962.964,None,0.0,None
C_full_separation,963.465,None,0.0,None
C_full_separation,963.966,None,0.0,None
C_full_separation,964.467,None,0.0,None
C_full_separation,964.967,None,0.0,None
C_full_separation,965.468,None,0.0,None
C_full_separation,965.969,None,0.0,None
C_full_separation,966.471,None,0.0,None
C_full_separation,966.971,None,0.0,None
C_full_separation,967.472,None,0.0,None
C_full_separation,967.972,None,0.0,None
C_full_separation,968.475,None,0.0,None
C_full_separation,968.976,None,0.0,None
C_full_separation,969.476,None,0.0,None
C_full_separation,969.982,None,0.0,None
C_full_separation,970.486,None,0.0,None
C_full_separation,970.988,None,0.0,None
C_full_separation,971.493,None,0.0,None
C_full_separation,971.994,None,0.0,None
C_full_separation,972.495,None,0.0,None
C_full_separation,972.998,None,0.0,None
C_full_separation,973.501,None,0.0,None
C_full_separation,974.001,None,0.0,None
C_full_separation,974.502,None,0.0,None
C_full_separation,975.003,None,0.0,None
C_full_separation,975.503,None,0.0,None
C_full_separation,976.004,None,0.0,None
C_full_separation,976.505,None,0.0,None
C_full_separation,977.005,None,0.0,None
C_full_separation,977.506,None,0.0,None
C_full_separation,978.007,None,0.0,None
C_full_separation,978.507,None,0.0,None
C_full_separation,979.008,None,0.0,None
C_full_separation,979.51,None,0.0,None
C_full_separation,980.016,None,0.0,None
C_full_separation,980.517,None,0.0,None
C_full_separation,981.018,None,0.0,None
C_full_separation,981.519,None,0.0,None
C_full_separation,982.019,None,0.0,None
C_full_separation,982.52,None,0.0,None
C_full_separation,983.022,None,0.0,None
C_full_separation,983.523,None,0.0,None
C_full_separation,984.025,None,0.0,None
C_full_separation,984.526,None,0.0,None
C_full_separation,985.031,None,0.0,None
C_full_separation,985.532,None,0.0,None
C_full_separation,986.032,None,0.0,None
C_full_separation,986.533,None,0.0,None
C_full_separation,987.033,None,0.0,None
C_full_separation,987.534,None,0.0,None
C_full_separation,988.035,None,0.0,None
C_full_separation,988.536,None,0.0,None
C_full_separation,989.036,None,0.0,None
C_full_separation,989.537,None,0.0,None
C_full_separation,990.037,None,0.0,None
C_full_separation,990.538,None,0.0,None
C_full_separation,991.039,None,0.0,None
C_full_separation,991.54,None,0.0,None
C_full_separation,992.051,None,0.0,None
C_full_separation,992.557,None,0.0,None
C_full_separation,993.067,None,0.0,None
C_full_separation,993.624,None,0.0,None
C_full_separation,994.124,None,0.0,None
C_full_separation,994.625,None,0.0,None
C_full_separation,995.132,None,0.0,None
C_full_separation,995.633,None,0.0,None
C_full_separation,996.134,None,0.0,None
C_full_separation,996.635,None,0.0,None
C_full_separation,997.135,None,0.0,None
C_full_separation,997.636,None,0.0,None
C_full_separation,998.138,None,0.0,None
C_full_separation,998.639,None,0.0,None
C_full_separation,999.139,None,0.0,None
C_full_separation,999.64,None,0.0,None
C_full_separation,1000.143,None,0.0,None
C_full_separation,1000.694,None,0.0,None
C_full_separation,1001.197,None,0.0,None
C_full_separation,1001.698,None,0.0,None
C_full_separation,1002.199,None,0.0,None
C_full_separation,1002.7,None,0.0,None
C_full_separation,1003.201,None,0.0,None
C_full_separation,1003.701,None,0.0,None
C_full_separation,1004.203,None,0.0,None
C_full_separation,1004.703,None,0.0,None
C_full_separation,1005.204,None,0.0,None
C_full_separation,1005.706,None,0.0,None
C_full_separation,1006.206,None,0.0,None
C_full_separation,1006.707,None,0.0,None
C_full_separation,1007.207,None,0.0,None
C_full_separation,1007.708,None,0.0,None
C_full_separation,1008.209,None,0.0,None
C_full_separation,1008.712,None,0.0,None
C_full_separation,1009.213,None,0.0,None
C_full_separation,1009.713,None,0.0,None
C_full_separation,1010.215,None,0.0,None
C_full_separation,1010.716,None,0.0,None
C_full_separation,1011.216,None,0.0,None
C_full_separation,1011.718,None,0.0,None
C_full_separation,1012.219,None,0.0,None
C_full_separation,1012.724,None,0.0,None
C_full_separation,1013.225,None,0.0,None
C_full_separation,1013.726,None,0.0,None
C_full_separation,1014.227,None,0.0,None
C_full_separation,1014.727,None,0.0,None
C_full_separation,1015.228,None,0.0,None
C_full_separation,1015.728,None,0.0,None
C_full_separation,1016.229,None,0.0,None
C_full_separation,1016.73,None,0.0,None
C_full_separation,1017.232,None,0.0,None
C_full_separation,1017.732,None,0.0,None
C_full_separation,1018.237,None,0.0,None
C_full_separation,1018.738,None,0.0,None
C_full_separation,1019.239,None,0.0,None
C_full_separation,1019.739,None,0.0,None
C_full_separation,1020.24,None,0.0,None
C_full_separation,1020.741,None,0.0,None
C_full_separation,1021.241,None,0.0,None
C_full_separation,1021.742,None,0.0,None
C_full_separation,1022.244,None,0.0,None
C_full_separation,1022.744,None,0.0,None
C_full_separation,1023.246,None,0.0,None
C_full_separation,1023.746,None,0.0,None
C_full_separation,1024.247,None,0.0,None
C_full_separation,1024.747,None,0.0,None
C_full_separation,1025.248,None,0.0,None
C_full_separation,1025.748,None,0.0,None
C_full_separation,1026.249,None,0.0,None
C_full_separation,1026.749,None,0.0,None
C_full_separation,1027.25,None,0.0,None
C_full_separation,1027.751,None,0.0,None
C_full_separation,1028.251,None,0.0,None
C_full_separation,1028.754,None,0.0,None
C_full_separation,1029.255,None,0.0,None
C_full_separation,1029.755,None,0.0,None
C_full_separation,1030.256,None,0.0,None
C_full_separation,1030.757,None,0.0,None
C_full_separation,1031.257,None,0.0,None
C_full_separation,1031.758,None,0.0,None
C_full_separation,1032.258,None,0.0,None
C_full_separation,1032.759,None,0.0,None
C_full_separation,1033.26,None,0.0,None
C_full_separation,1033.761,None,0.0,None
C_full_separation,1034.263,None,0.0,None
C_full_separation,1034.764,None,0.0,None
C_full_separation,1035.264,None,0.0,None
C_full_separation,1035.765,None,0.0,None
C_full_separation,1036.265,None,0.0,None
C_full_separation,1036.766,None,0.0,None
C_full_separation,1037.267,None,0.0,None
C_full_separation,1037.767,None,0.0,None
C_full_separation,1038.268,None,0.0,None
C_full_separation,1038.768,None,0.0,None
C_full_separation,1039.269,None,0.0,None
C_full_separation,1039.77,None,0.0,None
C_full_separation,1040.27,None,0.0,None
C_full_separation,1040.771,None,0.0,None
C_full_separation,1041.271,None,0.0,None
C_full_separation,1041.772,None,0.0,None
C_full_separation,1042.272,None,0.0,None
C_full_separation,1042.773,None,0.0,None
C_full_separation,1043.274,None,0.0,None
C_full_separation,1043.774,None,0.0,None
C_full_separation,1044.275,None,0.0,None
C_full_separation,1044.776,None,0.0,None
C_full_separation,1045.282,None,0.0,None
C_full_separation,1045.894,None,0.0,None
C_full_separation,1046.465,None,0.0,None
C_full_separation,1046.97,None,0.0,None
C_full_separation,1047.471,None,0.0,None
C_full_separation,1047.971,None,0.0,None
C_full_separation,1048.473,None,0.0,None
C_full_separation,1048.974,None,0.0,None
C_full_separation,1049.475,None,0.0,None
C_full_separation,1049.975,None,0.0,None
C_full_separation,1050.476,None,0.0,None
C_full_separation,1050.976,None,0.0,None
C_full_separation,1051.478,None,0.0,None
C_full_separation,1052.006,None,0.0,None
C_full_separation,1052.507,None,0.0,None
C_full_separation,1053.007,None,0.0,None
C_full_separation,1053.508,None,0.0,None
C_full_separation,1054.008,None,0.0,None
C_full_separation,1054.51,None,0.0,None
C_full_separation,1055.01,None,0.0,None
C_full_separation,1055.511,None,0.0,None
C_full_separation,1056.011,None,0.0,None
C_full_separation,1056.512,None,0.0,None
C_full_separation,1057.013,None,0.0,None
C_full_separation,1057.514,None,0.0,None
C_full_separation,1058.015,None,0.0,None
C_full_separation,1058.515,None,0.0,None
C_full_separation,1059.016,None,0.0,None
C_full_separation,1059.518,None,0.0,None
C_full_separation,1060.018,None,0.0,None
C_full_separation,1060.519,None,0.0,None
C_full_separation,1061.02,None,0.0,None
C_full_separation,1061.521,None,0.0,None
C_full_separation,1062.021,None,0.0,None
C_full_separation,1062.522,None,0.0,None
C_full_separation,1063.023,None,0.0,None
C_full_separation,1063.524,None,0.0,None
C_full_separation,1064.026,None,0.0,None
C_full_separation,1064.526,None,0.0,None
C_full_separation,1065.028,None,0.0,None
C_full_separation,1065.529,None,0.0,None
C_full_separation,1066.029,None,0.0,None
C_full_separation,1066.545,None,0.0,None
C_full_separation,1067.046,None,0.0,None
C_full_separation,1067.546,None,0.0,None
C_full_separation,1068.047,None,0.0,None
C_full_separation,1068.548,None,0.0,None
C_full_separation,1069.051,None,0.0,None
C_full_separation,1069.552,None,0.0,None
C_full_separation,1070.053,None,0.0,None
C_full_separation,1070.553,None,0.0,None
C_full_separation,1071.055,None,0.0,None
C_full_separation,1071.555,None,0.0,None
C_full_separation,1072.056,None,0.0,None
C_full_separation,1072.556,None,0.0,None
C_full_separation,1073.057,None,0.0,None
C_full_separation,1073.557,None,0.0,None
C_full_separation,1074.058,None,0.0,None
C_full_separation,1074.56,None,0.0,None
C_full_separation,1075.06,None,0.0,None
C_full_separation,1075.561,None,0.0,None
C_full_separation,1076.061,None,0.0,None
C_full_separation,1076.564,None,0.0,None
C_full_separation,1077.065,None,0.0,None
C_full_separation,1077.565,None,0.0,None
C_full_separation,1078.065,None,0.0,None
C_full_separation,1078.566,None,0.0,None
C_full_separation,1079.067,None,0.0,None
C_full_separation,1079.568,None,0.0,None
C_full_separation,1080.068,None,0.0,None
C_full_separation,1080.569,None,0.0,None
C_full_separation,1081.071,None,0.0,None
C_full_separation,1081.572,None,0.0,None
C_full_separation,1082.073,None,0.0,None
C_full_separation,1082.574,None,0.0,None
C_full_separation,1083.075,None,0.0,None
C_full_separation,1083.576,None,0.0,None
C_full_separation,1084.077,None,0.0,None
C_full_separation,1084.58,None,0.0,None
C_full_separation,1085.081,None,0.0,None
C_full_separation,1085.581,None,0.0,None
C_full_separation,1086.082,None,0.0,None
C_full_separation,1086.591,None,0.0,None
C_full_separation,1087.091,None,0.0,None
C_full_separation,1087.592,None,0.0,None
C_full_separation,1088.093,None,0.0,None
C_full_separation,1088.593,None,0.0,None
C_full_separation,1089.094,None,0.0,None
C_full_separation,1089.595,None,0.0,None
C_full_separation,1090.096,None,0.0,None
C_full_separation,1090.597,None,0.0,None
C_full_separation,1091.097,None,0.0,None
C_full_separation,1091.598,None,0.0,None
C_full_separation,1092.106,None,0.0,None
C_full_separation,1092.621,None,0.0,None
C_full_separation,1093.134,None,0.0,None
C_full_separation,1093.635,None,0.0,None
C_full_separation,1094.136,None,0.0,None
C_full_separation,1094.637,None,0.0,None
C_full_separation,1095.138,None,0.0,None
C_full_separation,1095.639,None,0.0,None
C_full_separation,1096.139,None,0.0,None
C_full_separation,1096.64,None,0.0,None
C_full_separation,1097.141,None,0.0,None
C_full_separation,1097.641,None,0.0,None
C_full_separation,1098.145,None,0.0,None
C_full_separation,1098.646,None,0.0,None
C_full_separation,1099.147,None,0.0,None
C_full_separation,1099.648,None,0.0,None
C_full_separation,1100.149,None,0.0,None
C_full_separation,1100.649,None,0.0,None
C_full_separation,1101.15,None,0.0,None
C_full_separation,1101.651,None,0.0,None
C_full_separation,1102.152,None,0.0,None
C_full_separation,1102.652,None,0.0,None
C_full_separation,1103.153,None,0.0,None
C_full_separation,1103.653,None,0.0,None
C_full_separation,1104.154,None,0.0,None
C_full_separation,1104.655,None,0.0,None
C_full_separation,1105.155,None,0.0,None
C_full_separation,1105.656,None,0.0,None
C_full_separation,1106.156,None,0.0,None
C_full_separation,1106.659,None,0.0,None
C_full_separation,1107.159,None,0.0,None
C_full_separation,1107.661,None,0.0,None
C_full_separation,1108.171,None,0.0,None
C_full_separation,1108.68,None,0.0,None
C_full_separation,1109.18,None,0.0,None
C_full_separation,1109.681,None,0.0,None
C_full_separation,1110.181,None,0.0,None
C_full_separation,1110.682,None,0.0,None
C_full_separation,1111.183,None,0.0,None
C_full_separation,1111.683,None,0.0,None
C_full_separation,1112.185,None,0.0,None
C_full_separation,1112.686,None,0.0,None
C_full_separation,1113.187,None,0.0,None
C_full_separation,1113.688,None,0.0,None
C_full_separation,1114.189,None,0.0,None
C_full_separation,1114.69,None,0.0,None
C_full_separation,1115.19,None,0.0,None
C_full_separation,1115.692,None,0.0,None
C_full_separation,1116.193,None,0.0,None
C_full_separation,1116.693,None,0.0,None
C_full_separation,1117.194,None,0.0,None
C_full_separation,1117.694,None,0.0,None
C_full_separation,1118.195,None,0.0,None
C_full_separation,1118.696,None,0.0,None
C_full_separation,1119.197,None,0.0,None
C_full_separation,1119.699,None,0.0,None
C_full_separation,1120.2,None,0.0,None
C_full_separation,1120.701,None,0.0,None
C_full_separation,1121.201,None,0.0,None
C_full_separation,1121.703,None,0.0,None
C_full_separation,1122.204,None,0.0,None
C_full_separation,1122.704,None,0.0,None
C_full_separation,1123.205,None,0.0,None
C_full_separation,1123.705,None,0.0,None
C_full_separation,1124.206,None,0.0,None
C_full_separation,1124.707,None,0.0,None
C_full_separation,1125.207,None,0.0,None
C_full_separation,1125.74,None,0.0,None
C_full_separation,1126.241,None,0.0,None
C_full_separation,1126.742,None,0.0,None
C_full_separation,1127.242,None,0.0,None
C_full_separation,1127.744,None,0.0,None
C_full_separation,1128.246,None,0.0,None
C_full_separation,1128.746,None,0.0,None
C_full_separation,1129.247,None,0.0,None
C_full_separation,1129.747,None,0.0,None
C_full_separation,1130.248,None,0.0,None
C_full_separation,1130.748,None,0.0,None
C_full_separation,1131.249,None,0.0,None
C_full_separation,1131.749,None,0.0,None
C_full_separation,1132.261,None,0.0,None
C_full_separation,1132.839,None,0.0,None
C_full_separation,1133.35,None,0.0,None
C_full_separation,1133.851,None,0.0,None
C_full_separation,1134.353,None,0.0,None
C_full_separation,1134.854,None,0.0,None
C_full_separation,1135.355,None,0.0,None
C_full_separation,1135.856,None,0.0,None
C_full_separation,1136.356,None,0.0,None
C_full_separation,1136.857,None,0.0,None
C_full_separation,1137.357,None,0.0,None
C_full_separation,1137.859,None,0.0,None
C_full_separation,1138.374,None,0.0,None
C_full_separation,1138.875,None,0.0,None
C_full_separation,1139.376,None,0.0,None
C_full_separation,1139.876,None,0.0,None
C_full_separation,1140.377,None,0.0,None
C_full_separation,1140.878,None,0.0,None
C_full_separation,1141.379,None,0.0,None
C_full_separation,1141.88,None,0.0,None
C_full_separation,1142.38,None,0.0,None
C_full_separation,1142.881,None,0.0,None
C_full_separation,1143.381,None,0.0,None
C_full_separation,1143.882,None,0.0,None
C_full_separation,1144.382,None,0.0,None
C_full_separation,1144.883,None,0.0,None
C_full_separation,1145.383,None,0.0,None
C_full_separation,1145.884,None,0.0,None
C_full_separation,1146.384,None,0.0,None
C_full_separation,1146.885,None,0.0,None
C_full_separation,1147.386,None,0.0,None
C_full_separation,1147.887,None,0.0,None
C_full_separation,1148.393,None,0.0,None
C_full_separation,1148.894,None,0.0,None
C_full_separation,1149.397,None,0.0,None
C_full_separation,1149.898,None,0.0,None
C_full_separation,1150.399,None,0.0,None
C_full_separation,1150.9,None,0.0,None
C_full_separation,1151.401,None,0.0,None
C_full_separation,1151.901,None,0.0,None
C_full_separation,1152.402,None,0.0,None
C_full_separation,1152.903,None,0.0,None
C_full_separation,1153.405,None,0.0,None
C_full_separation,1153.906,None,0.0,None
C_full_separation,1154.406,None,0.0,None
C_full_separation,1154.907,None,0.0,None
C_full_separation,1155.412,None,0.0,None
C_full_separation,1155.915,None,0.0,None
C_full_separation,1156.417,None,0.0,None
C_full_separation,1156.917,None,0.0,None
C_full_separation,1157.418,None,0.0,None
C_full_separation,1157.918,None,0.0,None
C_full_separation,1158.42,None,0.0,None
C_full_separation,1158.921,None,0.0,None
C_full_separation,1159.421,None,0.0,None
C_full_separation,1159.922,None,0.0,None
C_full_separation,1160.423,None,0.0,None
C_full_separation,1160.923,None,0.0,None
C_full_separation,1161.424,None,0.0,None
C_full_separation,1161.924,None,0.0,None
C_full_separation,1162.425,None,0.0,None
C_full_separation,1162.925,None,0.0,None
C_full_separation,1163.426,None,0.0,None
C_full_separation,1163.926,None,0.0,None
C_full_separation,1164.427,None,0.0,None
C_full_separation,1164.928,None,0.0,None
C_full_separation,1165.43,None,0.0,None
C_full_separation,1165.931,None,0.0,None
C_full_separation,1166.431,None,0.0,None
C_full_separation,1166.932,None,0.0,None
C_full_separation,1167.456,None,0.0,None
C_full_separation,1168.016,None,0.0,None
C_full_separation,1168.516,None,0.0,None
C_full_separation,1169.017,None,0.0,None
C_full_separation,1169.564,None,0.0,None
C_full_separation,1170.073,None,0.0,None
C_full_separation,1170.574,None,0.0,None
C_full_separation,1171.074,None,0.0,None
C_full_separation,1171.575,None,0.0,None
C_full_separation,1172.075,None,0.0,None
C_full_separation,1172.576,None,0.0,None
C_full_separation,1173.076,None,0.0,None
C_full_separation,1173.577,None,0.0,None
C_full_separation,1174.077,None,0.0,None
C_full_separation,1174.579,None,0.0,None
C_full_separation,1175.08,None,0.0,None
C_full_separation,1175.58,None,0.0,None
C_full_separation,1176.081,None,0.0,None
C_full_separation,1176.581,None,0.0,None
C_full_separation,1177.082,None,0.0,None
C_full_separation,1177.582,None,0.0,None
C_full_separation,1178.083,None,0.0,None
C_full_separation,1178.584,None,0.0,None
C_full_separation,1179.084,None,0.0,None
C_full_separation,1179.587,None,0.0,None
C_full_separation,1180.111,None,0.0,None
C_full_separation,1180.617,None,0.0,None
C_full_separation,1181.117,None,0.0,None
C_full_separation,1181.619,None,0.0,None
C_full_separation,1182.12,None,0.0,None
C_full_separation,1182.62,None,0.0,None
C_full_separation,1183.121,None,0.0,None
C_full_separation,1183.621,None,0.0,None
C_full_separation,1184.122,None,0.0,None
C_full_separation,1184.624,None,0.0,None
C_full_separation,1185.124,None,0.0,None
C_full_separation,1185.626,None,0.0,None
C_full_separation,1186.138,None,0.0,None
C_full_separation,1186.638,None,0.0,None
C_full_separation,1187.139,None,0.0,None
C_full_separation,1187.64,None,0.0,None
C_full_separation,1188.141,None,0.0,None
C_full_separation,1188.641,None,0.0,None
C_full_separation,1189.142,None,0.0,None
C_full_separation,1189.642,None,0.0,None
C_full_separation,1190.143,None,0.0,None
C_full_separation,1190.654,None,0.0,None
C_full_separation,1191.154,None,0.0,None
C_full_separation,1191.655,None,0.0,None
C_full_separation,1192.155,None,0.0,None
C_full_separation,1192.656,None,0.0,None
C_full_separation,1193.156,None,0.0,None
C_full_separation,1193.657,None,0.0,None
C_full_separation,1194.158,None,0.0,None
C_full_separation,1194.66,None,0.0,None
C_full_separation,1195.161,None,0.0,None
C_full_separation,1195.661,None,0.0,None
C_full_separation,1196.163,None,0.0,None
C_full_separation,1196.663,None,0.0,None
C_full_separation,1197.164,None,0.0,None
C_full_separation,1197.664,None,0.0,None
C_full_separation,1198.165,None,0.0,None
C_full_separation,1198.665,None,0.0,None
C_full_separation,1199.166,None,0.0,None
C_full_separation,1199.667,None,0.0,None
C_full_separation,1200.167,None,0.0,None
C_full_separation,1200.668,None,0.0,None
C_full_separation,1201.168,None,0.0,None
C_full_separation,1201.669,None,0.0,None
C_full_separation,1202.17,None,0.0,None
C_full_separation,1202.67,None,0.0,None
C_full_separation,1203.171,None,0.0,None
C_full_separation,1203.672,None,0.0,None
C_full_separation,1204.172,None,0.0,None
C_full_separation,1204.673,None,0.0,None
C_full_separation,1205.176,None,0.0,None
C_full_separation,1205.677,None,0.0,None
C_full_separation,1206.191,None,0.0,None
C_full_separation,1206.692,None,0.0,None
C_full_separation,1207.192,None,0.0,None
C_full_separation,1207.693,None,0.0,None
C_full_separation,1208.193,None,0.0,None
C_full_separation,1208.696,None,0.0,None
C_full_separation,1209.196,None,0.0,None
C_full_separation,1209.697,None,0.0,None
C_full_separation,1210.197,None,0.0,None
C_full_separation,1210.701,None,0.0,None
C_full_separation,1211.203,None,0.0,None
C_full_separation,1211.703,None,0.0,None
C_full_separation,1212.204,None,0.0,None
C_full_separation,1212.704,None,0.0,None
C_full_separation,1213.205,None,0.0,None
C_full_separation,1213.706,None,0.0,None
C_full_separation,1214.207,None,0.0,None
C_full_separation,1214.709,None,0.0,None
C_full_separation,1215.21,None,0.0,None
C_full_separation,1215.71,None,0.0,None
C_full_separation,1216.211,None,0.0,None
C_full_separation,1216.711,None,0.0,None
C_full_separation,1217.212,None,0.0,None
C_full_separation,1217.713,None,0.0,None
C_full_separation,1218.213,None,0.0,None
C_full_separation,1218.714,None,0.0,None
C_full_separation,1219.216,None,0.0,None
C_full_separation,1219.716,None,0.0,None
C_full_separation,1220.217,None,0.0,None
C_full_separation,1220.717,None,0.0,None
C_full_separation,1221.226,None,0.0,None
C_full_separation,1221.727,None,0.0,None
C_full_separation,1222.228,None,0.0,None
C_full_separation,1222.728,None,0.0,None
C_full_separation,1223.229,None,0.0,None
C_full_separation,1223.73,None,0.0,None
C_full_separation,1224.26,None,0.0,None
C_full_separation,1224.763,None,0.0,None
C_full_separation,1225.265,None,0.0,None
C_full_separation,1225.765,None,0.0,None
C_full_separation,1226.266,None,0.0,None
C_full_separation,1226.766,None,0.0,None
C_full_separation,1227.267,None,0.0,None
C_full_separation,1227.77,None,0.0,None
C_full_separation,1228.272,None,0.0,None
C_full_separation,1228.773,None,0.0,None
C_full_separation,1229.275,None,0.0,None
C_full_separation,1229.775,None,0.0,None
C_full_separation,1230.276,None,0.0,None
C_full_separation,1230.777,None,0.0,None
C_full_separation,1231.277,None,0.0,None
C_full_separation,1231.778,None,0.0,None
C_full_separation,1232.278,None,0.0,None
C_full_separation,1232.779,None,0.0,None
C_full_separation,1233.28,None,0.0,None
C_full_separation,1233.781,None,0.0,None
C_full_separation,1234.281,None,0.0,None
C_full_separation,1234.782,None,0.0,None
C_full_separation,1235.282,None,0.0,None
C_full_separation,1235.783,None,0.0,None
C_full_separation,1236.283,None,0.0,None
C_full_separation,1236.785,None,0.0,None
C_full_separation,1237.285,None,0.0,None
C_full_separation,1237.787,None,0.0,None
C_full_separation,1238.287,None,0.0,None
C_full_separation,1238.788,None,0.0,None
C_full_separation,1239.289,None,0.0,None
C_full_separation,1239.789,None,0.0,None
C_full_separation,1240.291,None,0.0,None
C_full_separation,1240.792,None,0.0,None
C_full_separation,1241.293,None,0.0,None
C_full_separation,1241.793,None,0.0,None
C_full_separation,1242.295,None,0.0,None
C_full_separation,1242.796,None,0.0,None
C_full_separation,1243.296,None,0.0,None
C_full_separation,1243.797,None,0.0,None
C_full_separation,1244.299,None,0.0,None
C_full_separation,1244.8,None,0.0,None
C_full_separation,1245.302,None,0.0,None
C_full_separation,1245.803,None,0.0,None
C_full_separation,1246.304,None,0.0,None
C_full_separation,1246.805,None,0.0,None
C_full_separation,1247.306,None,0.0,None
C_full_separation,1247.807,None,0.0,None
C_full_separation,1248.308,None,0.0,None
C_full_separation,1248.808,None,0.0,None
C_full_separation,1249.309,None,0.0,None
C_full_separation,1249.81,None,0.0,None
C_full_separation,1250.311,None,0.0,None
C_full_separation,1250.811,None,0.0,None
C_full_separation,1251.311,None,0.0,None
C_full_separation,1251.812,None,0.0,None
C_full_separation,1252.312,None,0.0,None
C_full_separation,1252.813,None,0.0,None
C_full_separation,1253.314,None,0.0,None
C_full_separation,1253.814,None,0.0,None
C_full_separation,1254.315,None,0.0,None
C_full_separation,1254.815,None,0.0,None
C_full_separation,1255.319,None,0.0,None
C_full_separation,1255.821,None,0.0,None
C_full_separation,1256.326,None,0.0,None
C_full_separation,1256.826,None,0.0,None
C_full_separation,1257.327,None,0.0,None
C_full_separation,1257.827,None,0.0,None
C_full_separation,1258.328,None,0.0,None
C_full_separation,1258.828,None,0.0,None
C_full_separation,1259.329,None,0.0,None
C_full_separation,1259.833,None,0.0,None
C_full_separation,1260.334,None,0.0,None
C_full_separation,1260.835,None,0.0,None
C_full_separation,1261.335,None,0.0,None
C_full_separation,1261.836,None,0.0,None
C_full_separation,1262.337,None,0.0,None
C_full_separation,1262.872,None,0.0,None
C_full_separation,1263.613,None,0.0,None
C_full_separation,1264.114,None,0.0,None
C_full_separation,1264.614,None,0.0,None
C_full_separation,1265.115,None,0.0,None
C_full_separation,1265.623,None,0.0,None
C_full_separation,1266.181,None,0.0,None
C_full_separation,1266.692,None,0.0,None
C_full_separation,1267.195,None,0.0,None
C_full_separation,1267.695,None,0.0,None
C_full_separation,1268.202,None,0.0,None
C_full_separation,1268.703,None,0.0,None
C_full_separation,1269.204,None,0.0,None
C_full_separation,1269.706,None,0.0,None
C_full_separation,1270.208,None,0.0,None
C_full_separation,1270.709,None,0.0,None
C_full_separation,1271.21,None,0.0,None
C_full_separation,1271.71,None,0.0,None
C_full_separation,1272.211,None,0.0,None
C_full_separation,1272.714,None,0.0,None
C_full_separation,1273.224,None,0.0,None
C_full_separation,1273.813,None,0.0,None
C_full_separation,1274.314,None,0.0,None
C_full_separation,1274.814,None,0.0,None
C_full_separation,1275.315,None,0.0,None
C_full_separation,1275.816,None,0.0,None
C_full_separation,1276.316,None,0.0,None
C_full_separation,1276.817,None,0.0,None
C_full_separation,1277.319,None,0.0,None
C_full_separation,1277.819,None,0.0,None
C_full_separation,1278.32,None,0.0,None
C_full_separation,1278.821,None,0.0,None
C_full_separation,1279.321,None,0.0,None
C_full_separation,1279.822,None,0.0,None
C_full_separation,1280.324,None,0.0,None
C_full_separation,1280.825,None,0.0,None
C_full_separation,1281.326,None,0.0,None
C_full_separation,1281.827,None,0.0,None
C_full_separation,1282.328,None,0.0,None
C_full_separation,1282.829,None,0.0,None
C_full_separation,1283.33,None,0.0,None
C_full_separation,1283.83,None,0.0,None
C_full_separation,1284.331,None,0.0,None
C_full_separation,1284.831,None,0.0,None
C_full_separation,1285.332,None,0.0,None
C_full_separation,1285.833,None,0.0,None
C_full_separation,1286.335,None,0.0,None
C_full_separation,1286.836,None,0.0,None
C_full_separation,1287.337,None,0.0,None
C_full_separation,1287.837,None,0.0,None
C_full_separation,1288.338,None,0.0,None
C_full_separation,1288.839,None,0.0,None
C_full_separation,1289.339,None,0.0,None
C_full_separation,1289.84,None,0.0,None
C_full_separation,1290.34,None,0.0,None
C_full_separation,1290.841,None,0.0,None
C_full_separation,1291.342,None,0.0,None
C_full_separation,1291.842,None,0.0,None
C_full_separation,1292.343,None,0.0,None
C_full_separation,1292.844,None,0.0,None
C_full_separation,1293.351,None,0.0,None
C_full_separation,1293.851,None,0.0,None
C_full_separation,1294.352,None,0.0,None
C_full_separation,1294.853,None,0.0,None
C_full_separation,1295.354,None,0.0,None
C_full_separation,1295.854,None,0.0,None
C_full_separation,1296.355,None,0.0,None
C_full_separation,1296.855,None,0.0,None
C_full_separation,1297.356,None,0.0,None
C_full_separation,1297.857,None,0.0,None
C_full_separation,1298.359,None,0.0,None
C_full_separation,1298.861,None,0.0,None
C_full_separation,1299.361,None,0.0,None
C_full_separation,1299.862,None,0.0,None
C_full_separation,1300.362,None,0.0,None
C_full_separation,1300.863,None,0.0,None
C_full_separation,1301.364,None,0.0,None
C_full_separation,1301.867,None,0.0,None
C_full_separation,1302.374,None,0.0,None
C_full_separation,1302.875,None,0.0,None
C_full_separation,1303.375,None,0.0,None
C_full_separation,1303.876,None,0.0,None
C_full_separation,1304.377,None,0.0,None
C_full_separation,1304.877,None,0.0,None
C_full_separation,1305.377,None,0.0,None
C_full_separation,1305.878,None,0.0,None
C_full_separation,1306.379,None,0.0,None
C_full_separation,1306.88,None,0.0,None
C_full_separation,1307.38,None,0.0,None
C_full_separation,1307.881,None,0.0,None
C_full_separation,1308.381,None,0.0,None
C_full_separation,1308.882,None,0.0,None
C_full_separation,1309.382,None,0.0,None
C_full_separation,1309.883,None,0.0,None
C_full_separation,1310.383,None,0.0,None
C_full_separation,1310.884,None,0.0,None
C_full_separation,1311.384,None,0.0,None
C_full_separation,1311.885,None,0.0,None
C_full_separation,1312.385,None,0.0,None
C_full_separation,1312.886,None,0.0,None
C_full_separation,1313.387,None,0.0,None
C_full_separation,1313.904,None,0.0,None
C_full_separation,1314.414,None,0.0,None
C_full_separation,1314.914,None,0.0,None
C_full_separation,1315.416,None,0.0,None
C_full_separation,1315.917,None,0.0,None
C_full_separation,1316.417,None,0.0,None
C_full_separation,1316.918,None,0.0,None
C_full_separation,1317.419,None,0.0,None
C_full_separation,1317.919,None,0.0,None
C_full_separation,1318.42,None,0.0,None
C_full_separation,1318.924,None,0.0,None
C_full_separation,1319.429,None,0.0,None
C_full_separation,1319.929,None,0.0,None
C_full_separation,1320.43,None,0.0,None
C_full_separation,1320.931,None,0.0,None
C_full_separation,1321.433,None,0.0,None
C_full_separation,1321.933,None,0.0,None
C_full_separation,1322.434,None,0.0,None
C_full_separation,1322.934,None,0.0,None
C_full_separation,1323.435,None,0.0,None
C_full_separation,1323.935,None,0.0,None
C_full_separation,1324.436,None,0.0,None
C_full_separation,1324.937,None,0.0,None
C_full_separation,1325.437,None,0.0,None
C_full_separation,1325.938,None,0.0,None
C_full_separation,1326.438,None,0.0,None
C_full_separation,1326.939,None,0.0,None
C_full_separation,1327.439,None,0.0,None
C_full_separation,1327.94,None,0.0,None
C_full_separation,1328.441,None,0.0,None
C_full_separation,1328.962,None,0.0,None
C_full_separation,1329.493,None,0.0,None
C_full_separation,1330.001,None,0.0,None
C_full_separation,1330.502,None,0.0,None
C_full_separation,1331.003,None,0.0,None
C_full_separation,1331.506,None,0.0,None
C_full_separation,1332.011,None,0.0,None
C_full_separation,1332.512,None,0.0,None
C_full_separation,1333.013,None,0.0,None
C_full_separation,1333.514,None,0.0,None
C_full_separation,1334.014,None,0.0,None
C_full_separation,1334.515,None,0.0,None
C_full_separation,1335.016,None,0.0,None
C_full_separation,1335.518,None,0.0,None
C_full_separation,1336.019,None,0.0,None
C_full_separation,1336.52,None,0.0,None
C_full_separation,1337.022,None,0.0,None
C_full_separation,1337.524,None,0.0,None
C_full_separation,1338.025,None,0.0,None
C_full_separation,1338.528,None,0.0,None
C_full_separation,1339.028,None,0.0,None
C_full_separation,1339.529,None,0.0,None
C_full_separation,1340.029,None,0.0,None
C_full_separation,1340.531,None,0.0,None
C_full_separation,1341.032,None,0.0,None
C_full_separation,1341.533,None,0.0,None
C_full_separation,1342.034,None,0.0,None
C_full_separation,1342.534,None,0.0,None
C_full_separation,1343.035,None,0.0,None
C_full_separation,1343.535,None,0.0,None
C_full_separation,1344.036,None,0.0,None
C_full_separation,1344.536,None,0.0,None
C_full_separation,1345.037,None,0.0,None
C_full_separation,1345.537,None,0.0,None
C_full_separation,1346.038,None,0.0,None
C_full_separation,1346.539,None,0.0,None
C_full_separation,1347.039,None,0.0,None
C_full_separation,1347.54,None,0.0,None
C_full_separation,1348.041,None,0.0,None
C_full_separation,1348.541,None,0.0,None
C_full_separation,1349.042,None,0.0,None
C_full_separation,1349.543,None,0.0,None
C_full_separation,1350.043,None,0.0,None
C_full_separation,1350.544,None,0.0,None
C_full_separation,1351.046,None,0.0,None
C_full_separation,1351.548,None,0.0,None
C_full_separation,1352.048,None,0.0,None
C_full_separation,1352.549,None,0.0,None
C_full_separation,1353.049,None,0.0,None
C_full_separation,1353.555,None,0.0,None
C_full_separation,1354.056,None,0.0,None
C_full_separation,1354.556,None,0.0,None
C_full_separation,1355.057,None,0.0,None
C_full_separation,1355.56,None,0.0,None
C_full_separation,1356.061,None,0.0,None
C_full_separation,1356.562,None,0.0,None
C_full_separation,1357.062,None,0.0,None
C_full_separation,1357.563,None,0.0,None
C_full_separation,1358.063,None,0.0,None
C_full_separation,1358.564,None,0.0,None
C_full_separation,1359.065,None,0.0,None
C_full_separation,1359.566,None,0.0,None
C_full_separation,1360.079,None,0.0,None
C_full_separation,1360.58,None,0.0,None
C_full_separation,1361.081,None,0.0,None
C_full_separation,1361.583,None,0.0,None
C_full_separation,1362.084,None,0.0,None
C_full_separation,1362.585,None,0.0,None
C_full_separation,1363.085,None,0.0,None
C_full_separation,1363.586,None,0.0,None
C_full_separation,1364.088,None,0.0,None
C_full_separation,1364.593,None,0.0,None
C_full_separation,1365.095,None,0.0,None
C_full_separation,1365.606,None,0.0,None
C_full_separation,1366.106,None,0.0,None
C_full_separation,1366.607,None,0.0,None
C_full_separation,1367.108,None,0.0,None
C_full_separation,1367.608,None,0.0,None
C_full_separation,1368.109,None,0.0,None
C_full_separation,1368.609,None,0.0,None
C_full_separation,1369.11,None,0.0,None
C_full_separation,1369.61,None,0.0,None
C_full_separation,1370.111,None,0.0,None
C_full_separation,1370.611,None,0.0,None
C_full_separation,1371.112,None,0.0,None
C_full_separation,1371.612,None,0.0,None
C_full_separation,1372.113,None,0.0,None
C_full_separation,1372.614,None,0.0,None
C_full_separation,1373.114,None,0.0,None
C_full_separation,1373.615,None,0.0,None
C_full_separation,1374.115,None,0.0,None
C_full_separation,1374.616,None,0.0,None
C_full_separation,1375.116,None,0.0,None
C_full_separation,1375.617,None,0.0,None
C_full_separation,1376.117,None,0.0,None
C_full_separation,1376.618,None,0.0,None
C_full_separation,1377.119,None,0.0,None
C_full_separation,1377.619,None,0.0,None
C_full_separation,1378.12,None,0.0,None
C_full_separation,1378.621,None,0.0,None
C_full_separation,1379.122,None,0.0,None
C_full_separation,1379.623,None,0.0,None
C_full_separation,1380.124,None,0.0,None
C_full_separation,1380.625,None,0.0,None
C_full_separation,1381.126,None,0.0,None
C_full_separation,1381.626,None,0.0,None
C_full_separation,1382.127,None,0.0,None
C_full_separation,1382.628,None,0.0,None
C_full_separation,1383.129,None,0.0,None
C_full_separation,1383.63,None,0.0,None
C_full_separation,1384.131,None,0.0,None
C_full_separation,1384.631,None,0.0,None
C_full_separation,1385.134,None,0.0,None
C_full_separation,1385.634,None,0.0,None
C_full_separation,1386.136,None,0.0,None
C_full_separation,1386.638,None,0.0,None
C_full_separation,1387.139,None,0.0,None
C_full_separation,1387.64,None,0.0,None
C_full_separation,1388.141,None,0.0,None
C_full_separation,1388.642,None,0.0,None
C_full_separation,1389.142,None,0.0,None
C_full_separation,1389.646,None,0.0,None
C_full_separation,1390.151,None,0.0,None
C_full_separation,1390.653,None,0.0,None
C_full_separation,1391.154,None,0.0,None
C_full_separation,1391.654,None,0.0,None
C_full_separation,1392.155,None,0.0,None
C_full_separation,1392.655,None,0.0,None
C_full_separation,1393.157,None,0.0,None
C_full_separation,1393.657,None,0.0,None
C_full_separation,1394.158,None,0.0,None
C_full_separation,1394.658,None,0.0,None
C_full_separation,1395.16,None,0.0,None
C_full_separation,1395.661,None,0.0,None
C_full_separation,1396.161,None,0.0,None
C_full_separation,1396.662,None,0.0,None
C_full_separation,1397.162,None,0.0,None
C_full_separation,1397.663,None,0.0,None
C_full_separation,1398.163,None,0.0,None
C_full_separation,1398.664,None,0.0,None
C_full_separation,1399.165,None,0.0,None
C_full_separation,1399.665,None,0.0,None
C_full_separation,1400.166,None,0.0,None
C_full_separation,1400.666,None,0.0,None
C_full_separation,1401.167,None,0.0,None
C_full_separation,1401.668,None,0.0,None
C_full_separation,1402.168,None,0.0,None
C_full_separation,1402.669,None,0.0,None
C_full_separation,1403.169,None,0.0,None
C_full_separation,1403.67,None,0.0,None
C_full_separation,1404.171,None,0.0,None
C_full_separation,1404.672,None,0.0,None
C_full_separation,1405.172,None,0.0,None
C_full_separation,1405.673,None,0.0,None
C_full_separation,1406.173,None,0.0,None
C_full_separation,1406.674,None,0.0,None
C_full_separation,1407.176,None,0.0,None
C_full_separation,1407.677,None,0.0,None
C_full_separation,1408.177,None,0.0,None
C_full_separation,1408.678,None,0.0,None
C_full_separation,1409.179,None,0.0,None
C_full_separation,1409.679,None,0.0,None
C_full_separation,1410.18,None,0.0,None
C_full_separation,1410.68,None,0.0,None
C_full_separation,1411.181,None,0.0,None
C_full_separation,1411.681,None,0.0,None
C_full_separation,1412.185,None,0.0,None
C_full_separation,1412.696,None,0.0,None
C_full_separation,1413.197,None,0.0,None
C_full_separation,1413.698,None,0.0,None
C_full_separation,1414.199,None,0.0,None
C_full_separation,1414.7,None,0.0,None
C_full_separation,1415.2,None,0.0,None
C_full_separation,1415.701,None,0.0,None
C_full_separation,1416.201,None,0.0,None
C_full_separation,1416.702,None,0.0,None
C_full_separation,1417.202,None,0.0,None
C_full_separation,1417.703,None,0.0,None
C_full_separation,1418.204,None,0.0,None
C_full_separation,1418.724,None,0.0,None
C_full_separation,1419.225,None,0.0,None
C_full_separation,1419.725,None,0.0,None
C_full_separation,1420.226,None,0.0,None
C_full_separation,1420.726,None,0.0,None
C_full_separation,1421.228,None,0.0,None
C_full_separation,1421.728,None,0.0,None
C_full_separation,1422.229,None,0.0,None
C_full_separation,1422.73,None,0.0,None
C_full_separation,1423.23,None,0.0,None
C_full_separation,1423.73,None,0.0,None
C_full_separation,1424.231,None,0.0,None
C_full_separation,1424.731,None,0.0,None
C_full_separation,1425.232,None,0.0,None
C_full_separation,1425.732,None,0.0,None
C_full_separation,1426.233,None,0.0,None
C_full_separation,1426.736,None,0.0,None
C_full_separation,1427.237,None,0.0,None
C_full_separation,1427.738,None,0.0,None
C_full_separation,1428.239,None,0.0,None
C_full_separation,1428.74,None,0.0,None
C_full_separation,1429.24,None,0.0,None
C_full_separation,1429.741,None,0.0,None
C_full_separation,1430.242,None,0.0,None
C_full_separation,1430.742,None,0.0,None
C_full_separation,1431.243,None,0.0,None
C_full_separation,1431.744,None,0.0,None
C_full_separation,1432.244,None,0.0,None
C_full_separation,1432.744,None,0.0,None
C_full_separation,1433.246,None,0.0,None
C_full_separation,1433.746,None,0.0,None
C_full_separation,1434.247,None,0.0,None
C_full_separation,1434.747,None,0.0,None
C_full_separation,1435.248,None,0.0,None
C_full_separation,1435.749,None,0.0,None
C_full_separation,1436.25,None,0.0,None
C_full_separation,1436.75,None,0.0,None
C_full_separation,1437.251,None,0.0,None
C_full_separation,1437.752,None,0.0,None
C_full_separation,1438.253,None,0.0,None
C_full_separation,1438.753,None,0.0,None
C_full_separation,1439.262,None,0.0,None
C_full_separation,1439.762,None,0.0,None
C_full_separation,1440.263,None,0.0,None
C_full_separation,1440.764,None,0.0,None
C_full_separation,1441.264,None,0.0,None
C_full_separation,1441.765,None,0.0,None
C_full_separation,1442.266,None,0.0,None
C_full_separation,1442.767,None,0.0,None
C_full_separation,1443.267,None,0.0,None
C_full_separation,1443.768,None,0.0,None
C_full_separation,1444.268,None,0.0,None
C_full_separation,1444.768,None,0.0,None
C_full_separation,1445.27,None,0.0,None
C_full_separation,1445.771,None,0.0,None
C_full_separation,1446.271,None,0.0,None
C_full_separation,1446.773,None,0.0,None
C_full_separation,1447.274,None,0.0,None
C_full_separation,1447.774,None,0.0,None
C_full_separation,1448.282,None,0.0,None
C_full_separation,1448.783,None,0.0,None
C_full_separation,1449.284,None,0.0,None
C_full_separation,1449.788,None,0.0,None
C_full_separation,1450.289,None,0.0,None
C_full_separation,1450.792,None,0.0,None
C_full_separation,1451.293,None,0.0,None
C_full_separation,1451.794,None,0.0,None
C_full_separation,1452.295,None,0.0,None
C_full_separation,1452.802,None,0.0,None
C_full_separation,1453.315,None,0.0,None
C_full_separation,1453.816,None,0.0,None
C_full_separation,1454.32,None,0.0,None
C_full_separation,1454.824,None,0.0,None
C_full_separation,1455.351,None,0.0,None
C_full_separation,1455.851,None,0.0,None
C_full_separation,1456.353,None,0.0,None
C_full_separation,1456.854,None,0.0,None
C_full_separation,1457.356,None,0.0,None
C_full_separation,1457.857,None,0.0,None
C_full_separation,1458.357,None,0.0,None
C_full_separation,1458.858,None,0.0,None
C_full_separation,1459.359,None,0.0,None
C_full_separation,1459.859,None,0.0,None
C_full_separation,1460.363,None,0.0,None
C_full_separation,1460.863,None,0.0,None
C_full_separation,1461.364,None,0.0,None
C_full_separation,1461.864,None,0.0,None
C_full_separation,1462.365,None,0.0,None
C_full_separation,1462.865,None,0.0,None
C_full_separation,1463.366,None,0.0,None
C_full_separation,1463.866,None,0.0,None
C_full_separation,1464.367,None,0.0,None
C_full_separation,1464.867,None,0.0,None
C_full_separation,1465.368,None,0.0,None
C_full_separation,1465.869,None,0.0,None
C_full_separation,1466.369,None,0.0,None
C_full_separation,1466.87,None,0.0,None
C_full_separation,1467.371,None,0.0,None
C_full_separation,1467.872,None,0.0,None
C_full_separation,1468.373,None,0.0,None
C_full_separation,1468.875,None,0.0,None
C_full_separation,1469.377,None,0.0,None
C_full_separation,1469.878,None,0.0,None
C_full_separation,1470.38,None,0.0,None
C_full_separation,1470.88,None,0.0,None
C_full_separation,1471.381,None,0.0,None
C_full_separation,1471.881,None,0.0,None
C_full_separation,1472.382,None,0.0,None
C_full_separation,1472.883,None,0.0,None
C_full_separation,1473.383,None,0.0,None
C_full_separation,1473.884,None,0.0,None
C_full_separation,1474.386,None,0.0,None
C_full_separation,1474.896,None,0.0,None
C_full_separation,1475.396,None,0.0,None
C_full_separation,1475.897,None,0.0,None
C_full_separation,1476.398,None,0.0,None
C_full_separation,1476.898,None,0.0,None
C_full_separation,1477.399,None,0.0,None
C_full_separation,1477.899,None,0.0,None
C_full_separation,1478.4,None,0.0,None
C_full_separation,1478.901,None,0.0,None
C_full_separation,1479.401,None,0.0,None
C_full_separation,1479.902,None,0.0,None
C_full_separation,1480.402,None,0.0,None
C_full_separation,1480.903,None,0.0,None
C_full_separation,1481.403,None,0.0,None
C_full_separation,1481.904,None,0.0,None
C_full_separation,1482.405,None,0.0,None
C_full_separation,1482.906,None,0.0,None
C_full_separation,1483.406,None,0.0,None
C_full_separation,1483.907,None,0.0,None
C_full_separation,1484.409,None,0.0,None
C_full_separation,1484.91,None,0.0,None
C_full_separation,1485.41,None,0.0,None
C_full_separation,1485.911,None,0.0,None
C_full_separation,1486.412,None,0.0,None
C_full_separation,1486.913,None,0.0,None
C_full_separation,1487.413,None,0.0,None
C_full_separation,1487.914,None,0.0,None
C_full_separation,1488.414,None,0.0,None
C_full_separation,1488.915,None,0.0,None
C_full_separation,1489.416,None,0.0,None
C_full_separation,1489.917,None,0.0,None
C_full_separation,1490.418,None,0.0,None
C_full_separation,1490.919,None,0.0,None
C_full_separation,1491.42,None,0.0,None
C_full_separation,1491.92,None,0.0,None
C_full_separation,1492.421,None,0.0,None
C_full_separation,1492.921,None,0.0,None
C_full_separation,1493.438,None,0.0,None
C_full_separation,1494.012,None,0.0,None
C_full_separation,1494.517,None,0.0,None
C_full_separation,1495.018,None,0.0,None
C_full_separation,1495.518,None,0.0,None
C_full_separation,1496.019,None,0.0,None
C_full_separation,1496.519,None,0.0,None
C_full_separation,1497.02,None,0.0,None
C_full_separation,1497.52,None,0.0,None
C_full_separation,1498.021,None,0.0,None
C_full_separation,1498.521,None,0.0,None
C_full_separation,1499.022,None,0.0,None
C_full_separation,1499.522,None,0.0,None
C_full_separation,1500.03,None,0.0,None
C_full_separation,1500.54,None,0.0,None
C_full_separation,1501.088,None,0.0,None
C_full_separation,1501.598,None,0.0,None
C_full_separation,1502.099,None,0.0,None
C_full_separation,1502.601,None,0.0,None
C_full_separation,1503.102,None,0.0,None
C_full_separation,1503.602,None,0.0,None
C_full_separation,1504.104,None,0.0,None
C_full_separation,1504.604,None,0.0,None
C_full_separation,1505.105,None,0.0,None
C_full_separation,1505.608,None,0.0,None
C_full_separation,1506.118,None,0.0,None
C_full_separation,1506.619,None,0.0,None
C_full_separation,1507.119,None,0.0,None
C_full_separation,1507.62,None,0.0,None
C_full_separation,1508.121,None,0.0,None
C_full_separation,1508.621,None,0.0,None
C_full_separation,1509.122,None,0.0,None
C_full_separation,1509.623,None,0.0,None
C_full_separation,1510.125,None,0.0,None
C_full_separation,1510.626,None,0.0,None
C_full_separation,1511.127,None,0.0,None
C_full_separation,1511.628,None,0.0,None
C_full_separation,1512.13,None,0.0,None
C_full_separation,1512.631,None,0.0,None
C_full_separation,1513.132,None,0.0,None
C_full_separation,1513.632,None,0.0,None
C_full_separation,1514.133,None,0.0,None
C_full_separation,1514.634,None,0.0,None
C_full_separation,1515.135,None,0.0,None
C_full_separation,1515.636,None,0.0,None
C_full_separation,1516.137,None,0.0,None
C_full_separation,1516.638,None,0.0,None
C_full_separation,1517.138,None,0.0,None
C_full_separation,1517.639,None,0.0,None
C_full_separation,1518.143,None,0.0,None
C_full_separation,1518.643,None,0.0,None
C_full_separation,1519.144,None,0.0,None
C_full_separation,1519.645,None,0.0,None
C_full_separation,1520.145,None,0.0,None
C_full_separation,1520.646,None,0.0,None
C_full_separation,1521.146,None,0.0,None
C_full_separation,1521.647,None,0.0,None
C_full_separation,1522.148,None,0.0,None
C_full_separation,1522.651,None,0.0,None
C_full_separation,1523.151,None,0.0,None
C_full_separation,1523.652,None,0.0,None
C_full_separation,1524.152,None,0.0,None
C_full_separation,1524.653,None,0.0,None
C_full_separation,1525.153,None,0.0,None
C_full_separation,1525.654,None,0.0,None
C_full_separation,1526.155,None,0.0,None
C_full_separation,1526.656,None,0.0,None
C_full_separation,1527.157,None,0.0,None
C_full_separation,1527.657,None,0.0,None
C_full_separation,1528.158,None,0.0,None
C_full_separation,1528.67,None,0.0,None
C_full_separation,1529.171,None,0.0,None
C_full_separation,1529.671,None,0.0,None
C_full_separation,1530.172,None,0.0,None
C_full_separation,1530.672,None,0.0,None
C_full_separation,1531.173,None,0.0,None
C_full_separation,1531.673,None,0.0,None
C_full_separation,1532.174,None,0.0,None
C_full_separation,1532.674,None,0.0,None
C_full_separation,1533.175,None,0.0,None
C_full_separation,1533.675,None,0.0,None
C_full_separation,1534.176,None,0.0,None
C_full_separation,1534.677,None,0.0,None
C_full_separation,1535.178,None,0.0,None
C_full_separation,1535.678,None,0.0,None
C_full_separation,1536.179,None,0.0,None
C_full_separation,1536.68,None,0.0,None
C_full_separation,1537.18,None,0.0,None
C_full_separation,1537.681,None,0.0,None
C_full_separation,1538.181,None,0.0,None
C_full_separation,1538.682,None,0.0,None
C_full_separation,1539.182,None,0.0,None
C_full_separation,1539.683,None,0.0,None
C_full_separation,1540.189,None,0.0,None
C_full_separation,1540.692,None,0.0,None
C_full_separation,1541.192,None,0.0,None
C_full_separation,1541.692,None,0.0,None
C_full_separation,1542.193,None,0.0,None
C_full_separation,1542.693,None,0.0,None
C_full_separation,1543.194,None,0.0,None
C_full_separation,1543.694,None,0.0,None
C_full_separation,1544.195,None,0.0,None
C_full_separation,1544.695,None,0.0,None
C_full_separation,1545.196,None,0.0,None
C_full_separation,1545.696,None,0.0,None
C_full_separation,1546.197,None,0.0,None
C_full_separation,1546.717,None,0.0,None
C_full_separation,1547.218,None,0.0,None
C_full_separation,1547.721,None,0.0,None
C_full_separation,1548.221,None,0.0,None
C_full_separation,1548.722,None,0.0,None
C_full_separation,1549.223,None,0.0,None
C_full_separation,1549.723,None,0.0,None
C_full_separation,1550.224,None,0.0,None
C_full_separation,1550.725,None,0.0,None
C_full_separation,1551.228,None,0.0,None
C_full_separation,1551.729,None,0.0,None
C_full_separation,1552.23,None,0.0,None
C_full_separation,1552.741,None,0.0,None
C_full_separation,1553.242,None,0.0,None
C_full_separation,1553.743,None,0.0,None
C_full_separation,1554.244,None,0.0,None
C_full_separation,1554.744,None,0.0,None
C_full_separation,1555.245,None,0.0,None
C_full_separation,1555.746,None,0.0,None
C_full_separation,1556.246,None,0.0,None
C_full_separation,1556.747,None,0.0,None
C_full_separation,1557.248,None,0.0,None
C_full_separation,1557.748,None,0.0,None
C_full_separation,1558.249,None,0.0,None
C_full_separation,1558.749,None,0.0,None
C_full_separation,1559.25,None,0.0,None
C_full_separation,1559.751,None,0.0,None
C_full_separation,1560.251,None,0.0,None
C_full_separation,1560.752,None,0.0,None
C_full_separation,1561.252,None,0.0,None
C_full_separation,1561.753,None,0.0,None
C_full_separation,1562.253,None,0.0,None
C_full_separation,1562.754,None,0.0,None
C_full_separation,1563.255,None,0.0,None
C_full_separation,1563.755,None,0.0,None
C_full_separation,1564.256,None,0.0,None
C_full_separation,1564.757,None,0.0,None
C_full_separation,1565.258,None,0.0,None
C_full_separation,1565.758,None,0.0,None
C_full_separation,1566.259,None,0.0,None
C_full_separation,1566.76,None,0.0,None
C_full_separation,1567.26,None,0.0,None
C_full_separation,1567.761,None,0.0,None
C_full_separation,1568.262,None,0.0,None
C_full_separation,1568.763,None,0.0,None
C_full_separation,1569.264,None,0.0,None
C_full_separation,1569.772,None,0.0,None
C_full_separation,1570.273,None,0.0,None
C_full_separation,1570.776,None,0.0,None
C_full_separation,1571.29,None,0.0,None
C_full_separation,1571.792,None,0.0,None
C_full_separation,1572.295,None,0.0,None
C_full_separation,1572.796,None,0.0,None
C_full_separation,1573.297,None,0.0,None
C_full_separation,1573.798,None,0.0,None
C_full_separation,1574.298,None,0.0,None
C_full_separation,1574.799,None,0.0,None
C_full_separation,1575.3,None,0.0,None
C_full_separation,1575.8,None,0.0,None
C_full_separation,1576.301,None,0.0,None
C_full_separation,1576.802,None,0.0,None
C_full_separation,1577.303,None,0.0,None
C_full_separation,1577.803,None,0.0,None
C_full_separation,1578.304,None,0.0,None
C_full_separation,1578.807,None,0.0,None
C_full_separation,1579.308,None,0.0,None
C_full_separation,1579.808,None,0.0,None
C_full_separation,1580.309,None,0.0,None
C_full_separation,1580.809,None,0.0,None
C_full_separation,1581.31,None,0.0,None
C_full_separation,1581.81,None,0.0,None
C_full_separation,1582.311,None,0.0,None
C_full_separation,1582.811,None,0.0,None
C_full_separation,1583.312,None,0.0,None
C_full_separation,1583.813,None,0.0,None
C_full_separation,1584.313,None,0.0,None
C_full_separation,1584.814,None,0.0,None
C_full_separation,1585.315,None,0.0,None
C_full_separation,1585.815,None,0.0,None
C_full_separation,1586.317,None,0.0,None
C_full_separation,1586.817,None,0.0,None
C_full_separation,1587.32,None,0.0,None
C_full_separation,1587.822,None,0.0,None
C_full_separation,1588.323,None,0.0,None
C_full_separation,1588.824,None,0.0,None
C_full_separation,1589.324,None,0.0,None
C_full_separation,1589.825,None,0.0,None
C_full_separation,1590.325,None,0.0,None
C_full_separation,1590.826,None,0.0,None
C_full_separation,1591.326,None,0.0,None
C_full_separation,1591.827,None,0.0,None
C_full_separation,1592.327,None,0.0,None
C_full_separation,1592.828,None,0.0,None
C_full_separation,1593.328,None,0.0,None
C_full_separation,1593.832,None,0.0,None
C_full_separation,1594.333,None,0.0,None
C_full_separation,1594.842,None,0.0,None
C_full_separation,1595.377,None,0.0,None
C_full_separation,1595.893,None,0.0,None
C_full_separation,1596.396,None,0.0,None
C_full_separation,1596.896,None,0.0,None
C_full_separation,1597.397,None,0.0,None
C_full_separation,1597.898,None,0.0,None
C_full_separation,1598.399,None,0.0,None
C_full_separation,1598.9,None,0.0,None
C_full_separation,1599.401,None,0.0,None
C_full_separation,1599.902,None,0.0,None
C_full_separation,1600.403,None,0.0,None
C_full_separation,1600.904,None,0.0,None
C_full_separation,1601.405,None,0.0,None
C_full_separation,1601.906,None,0.0,None
C_full_separation,1602.406,None,0.0,None
C_full_separation,1602.907,None,0.0,None
C_full_separation,1603.407,None,0.0,None
C_full_separation,1603.908,None,0.0,None
C_full_separation,1604.409,None,0.0,None
C_full_separation,1604.91,None,0.0,None
C_full_separation,1605.412,None,0.0,None
C_full_separation,1605.912,None,0.0,None
C_full_separation,1606.413,None,0.0,None
C_full_separation,1606.913,None,0.0,None
C_full_separation,1607.414,None,0.0,None
C_full_separation,1607.92,None,0.0,None
C_full_separation,1608.422,None,0.0,None
C_full_separation,1608.922,None,0.0,None
C_full_separation,1609.423,None,0.0,None
C_full_separation,1609.923,None,0.0,None
C_full_separation,1610.425,None,0.0,None
C_full_separation,1610.926,None,0.0,None
C_full_separation,1611.426,None,0.0,None
C_full_separation,1611.927,None,0.0,None
C_full_separation,1612.427,None,0.0,None
C_full_separation,1612.928,None,0.0,None
C_full_separation,1613.429,None,0.0,None
C_full_separation,1613.93,None,0.0,None
C_full_separation,1614.432,None,0.0,None
C_full_separation,1614.932,None,0.0,None
C_full_separation,1615.434,None,0.0,None
C_full_separation,1615.935,None,0.0,None
C_full_separation,1616.436,None,0.0,None
C_full_separation,1616.936,None,0.0,None
C_full_separation,1617.437,None,0.0,None
C_full_separation,1617.938,None,0.0,None
C_full_separation,1618.438,None,0.0,None
C_full_separation,1618.939,None,0.0,None
C_full_separation,1619.439,None,0.0,None
C_full_separation,1619.94,None,0.0,None
C_full_separation,1620.441,None,0.0,None
C_full_separation,1620.941,None,0.0,None
C_full_separation,1621.442,None,0.0,None
C_full_separation,1621.942,None,0.0,None
C_full_separation,1622.443,None,0.0,None
C_full_separation,1622.944,None,0.0,None
C_full_separation,1623.444,None,0.0,None
C_full_separation,1623.946,None,0.0,None
C_full_separation,1624.447,None,0.0,None
C_full_separation,1624.947,None,0.0,None
C_full_separation,1625.448,None,0.0,None
C_full_separation,1625.948,None,0.0,None
C_full_separation,1626.449,None,0.0,None
C_full_separation,1626.949,None,0.0,None
C_full_separation,1627.451,None,0.0,None
C_full_separation,1627.952,None,0.0,None
C_full_separation,1628.453,None,0.0,None
C_full_separation,1628.953,None,0.0,None
C_full_separation,1629.455,None,0.0,None
C_full_separation,1629.956,None,0.0,None
C_full_separation,1630.457,None,0.0,None
C_full_separation,1630.958,None,0.0,None
C_full_separation,1631.459,None,0.0,None
C_full_separation,1631.963,None,0.0,None
C_full_separation,1632.464,None,0.0,None
C_full_separation,1632.965,None,0.0,None
C_full_separation,1633.466,None,0.0,None
C_full_separation,1633.966,None,0.0,None
C_full_separation,1634.467,None,0.0,None
C_full_separation,1634.967,None,0.0,None
C_full_separation,1635.468,None,0.0,None
C_full_separation,1635.968,None,0.0,None
C_full_separation,1636.469,None,0.0,None
C_full_separation,1636.969,None,0.0,None
C_full_separation,1637.47,None,0.0,None
C_full_separation,1637.97,None,0.0,None
C_full_separation,1638.471,None,0.0,None
C_full_separation,1638.977,None,0.0,None
C_full_separation,1639.478,None,0.0,None
C_full_separation,1639.979,None,0.0,None
C_full_separation,1640.48,None,0.0,None
C_full_separation,1640.981,None,0.0,None
C_full_separation,1641.481,None,0.0,None
C_full_separation,1641.983,None,0.0,None
C_full_separation,1642.487,None,0.0,None
C_full_separation,1642.987,None,0.0,None
C_full_separation,1643.488,None,0.0,None
C_full_separation,1643.988,None,0.0,None
C_full_separation,1644.492,None,0.0,None
C_full_separation,1644.993,None,0.0,None
C_full_separation,1645.493,None,0.0,None
C_full_separation,1645.994,None,0.0,None
C_full_separation,1646.494,None,0.0,None
C_full_separation,1646.995,None,0.0,None
C_full_separation,1647.495,None,0.0,None
C_full_separation,1647.996,None,0.0,None
C_full_separation,1648.497,None,0.0,None
C_full_separation,1648.997,None,0.0,None
C_full_separation,1649.498,None,0.0,None
C_full_separation,1649.998,None,0.0,None
C_full_separation,1650.499,None,0.0,None
C_full_separation,1650.999,None,0.0,None
C_full_separation,1651.504,None,0.0,None
C_full_separation,1652.005,None,0.0,None
C_full_separation,1652.506,None,0.0,None
C_full_separation,1653.006,None,0.0,None
C_full_separation,1653.507,None,0.0,None
C_full_separation,1654.007,None,0.0,None
C_full_separation,1654.508,None,0.0,None
C_full_separation,1655.008,None,0.0,None
C_full_separation,1655.512,None,0.0,None
C_full_separation,1656.012,None,0.0,None
C_full_separation,1656.516,None,0.0,None
C_full_separation,1657.036,None,0.0,None
C_full_separation,1657.54,None,0.0,None
C_full_separation,1658.043,None,0.0,None
C_full_separation,1658.551,None,0.0,None
C_full_separation,1659.06,None,0.0,None
C_full_separation,1659.565,None,0.0,None
