audio,concern_a,concern_b,focus_a,focus_b,protocol_a,protocol_b,similarity,classification,same_focus,same_protocol,same_question_type,same_category,same_evidence_signature,same_action,same_success,same_family,family_a,family_b
00ae450b11f1,HIGH_NOTE_CANNOT_REACH,HIGH_NOTE_FLIPS,REGISTER_CONNECTION,REGISTER_CONNECTION,REGISTER_CONNECTION,REGISTER_CONNECTION,0.9561,EXPECTED_SHARED_PROTOCOL,True,True,True,True,True,False,True,True,SOVT_GLIDE,SOVT_GLIDE
00ae450b11f1,HIGH_NOTE_CANNOT_REACH,REGISTER_CONNECTION_DIFFICULT,REGISTER_CONNECTION,REGISTER_CONNECTION,REGISTER_CONNECTION,REGISTER_CONNECTION,0.9407,EXPECTED_SHARED_PROTOCOL,True,True,False,False,True,False,True,True,SOVT_GLIDE,SOVT_GLIDE
00ae450b11f1,HIGH_NOTE_TOO_EFFORTFUL,HIGH_NOTE_UNSTABLE,EFFORT,EFFORT,EFFORT,EFFORT,0.92,EXPECTED_SHARED_PROTOCOL,True,True,True,True,True,False,True,True,SAFETY_REST,SAFETY_REST
00ae450b11f1,HIGH_NOTE_TOO_EFFORTFUL,THROAT_EFFORT,EFFORT,EFFORT,EFFORT,EFFORT,0.8993,EXPECTED_SHARED_PROTOCOL,True,True,True,False,True,False,True,True,SAFETY_REST,SAFETY_REST
00ae450b11f1,HIGH_NOTE_TOO_EFFORTFUL,LOUD_VOICE_DIFFICULT,EFFORT,EFFORT,EFFORT,EFFORT,0.8933,EXPECTED_SHARED_PROTOCOL,True,True,True,False,True,False,True,True,SAFETY_REST,SAFETY_REST
00ae450b11f1,HIGH_NOTE_TOO_EFFORTFUL,VOCAL_FATIGUE,EFFORT,EFFORT,EFFORT,EFFORT,0.9128,EXPECTED_SHARED_PROTOCOL,True,True,True,False,True,False,True,True,SAFETY_REST,SAFETY_REST
00ae450b11f1,HIGH_NOTE_TOO_EFFORTFUL,AFTER_SINGING_FATIGUE,EFFORT,EFFORT,EFFORT,EFFORT,0.8874,EXPECTED_SHARED_PROTOCOL,True,True,True,False,True,False,True,True,SAFETY_REST,SAFETY_REST
00ae450b11f1,HIGH_NOTE_TOO_EFFORTFUL,PITCH_UNSTABLE,EFFORT,EFFORT,EFFORT,EFFORT,0.92,EXPECTED_SHARED_PROTOCOL,True,True,False,False,True,False,True,True,SAFETY_REST,SAFETY_REST
00ae450b11f1,HIGH_NOTE_FLIPS,REGISTER_CONNECTION_DIFFICULT,REGISTER_CONNECTION,REGISTER_CONNECTION,REGISTER_CONNECTION,REGISTER_CONNECTION,0.9231,EXPECTED_SHARED_PROTOCOL,True,True,False,False,True,False,True,True,SOVT_GLIDE,SOVT_GLIDE
00ae450b11f1,HIGH_NOTE_THINS,TIMBRE_CHANGES_HIGH,REGISTER_CONNECTION,REGISTER_CONNECTION,REGISTER_CONNECTION,REGISTER_CONNECTION,0.9246,EXPECTED_SHARED_PROTOCOL,True,True,True,False,True,False,True,True,SOVT_GLIDE,SOVT_GLIDE
00ae450b11f1,HIGH_NOTE_UNSTABLE,THROAT_EFFORT,EFFORT,EFFORT,EFFORT,EFFORT,0.898,EXPECTED_SHARED_PROTOCOL,True,True,True,False,True,False,True,True,SAFETY_REST,SAFETY_REST
00ae450b11f1,HIGH_NOTE_UNSTABLE,LOUD_VOICE_DIFFICULT,EFFORT,EFFORT,EFFORT,EFFORT,0.9054,EXPECTED_SHARED_PROTOCOL,True,True,True,False,True,False,True,True,SAFETY_REST,SAFETY_REST
00ae450b11f1,HIGH_NOTE_UNSTABLE,VOCAL_FATIGUE,EFFORT,EFFORT,EFFORT,EFFORT,0.898,EXPECTED_SHARED_PROTOCOL,True,True,True,False,True,False,True,True,SAFETY_REST,SAFETY_REST
00ae450b11f1,HIGH_NOTE_UNSTABLE,AFTER_SINGING_FATIGUE,EFFORT,EFFORT,EFFORT,EFFORT,0.9128,EXPECTED_SHARED_PROTOCOL,True,True,True,False,True,False,True,True,SAFETY_REST,SAFETY_REST
00ae450b11f1,HIGH_NOTE_UNSTABLE,PITCH_UNSTABLE,EFFORT,EFFORT,EFFORT,EFFORT,0.9189,EXPECTED_SHARED_PROTOCOL,True,True,False,False,True,False,True,True,SAFETY_REST,SAFETY_REST
00ae450b11f1,THROAT_EFFORT,LOUD_VOICE_DIFFICULT,EFFORT,EFFORT,EFFORT,EFFORT,0.898,EXPECTED_SHARED_PROTOCOL,True,True,True,False,True,False,True,True,SAFETY_REST,SAFETY_REST
00ae450b11f1,THROAT_EFFORT,VOCAL_FATIGUE,EFFORT,EFFORT,EFFORT,EFFORT,0.9315,EXPECTED_SHARED_PROTOCOL,True,True,True,False,True,False,True,True,SAFETY_REST,SAFETY_REST
00ae450b11f1,THROAT_EFFORT,AFTER_SINGING_FATIGUE,EFFORT,EFFORT,EFFORT,EFFORT,0.8919,EXPECTED_SHARED_PROTOCOL,True,True,True,False,True,False,True,True,SAFETY_REST,SAFETY_REST
00ae450b11f1,THROAT_EFFORT,PITCH_UNSTABLE,EFFORT,EFFORT,EFFORT,EFFORT,0.9116,EXPECTED_SHARED_PROTOCOL,True,True,False,False,True,False,True,True,SAFETY_REST,SAFETY_REST
00ae450b11f1,LOUD_VOICE_DIFFICULT,VOCAL_FATIGUE,EFFORT,EFFORT,EFFORT,EFFORT,0.898,EXPECTED_SHARED_PROTOCOL,True,True,True,False,True,False,True,True,SAFETY_REST,SAFETY_REST
00ae450b11f1,LOUD_VOICE_DIFFICULT,AFTER_SINGING_FATIGUE,EFFORT,EFFORT,EFFORT,EFFORT,0.8993,EXPECTED_SHARED_PROTOCOL,True,True,True,False,True,False,True,True,SAFETY_REST,SAFETY_REST
00ae450b11f1,LOUD_VOICE_DIFFICULT,PITCH_UNSTABLE,EFFORT,EFFORT,EFFORT,EFFORT,0.8919,EXPECTED_SHARED_PROTOCOL,True,True,False,False,True,False,True,True,SAFETY_REST,SAFETY_REST
00ae450b11f1,VOCAL_FATIGUE,AFTER_SINGING_FATIGUE,EFFORT,EFFORT,EFFORT,EFFORT,0.9324,EXPECTED_SHARED_PROTOCOL,True,True,True,False,True,False,True,True,SAFETY_REST,SAFETY_REST
00ae450b11f1,VOCAL_FATIGUE,PITCH_UNSTABLE,EFFORT,EFFORT,EFFORT,EFFORT,0.9252,EXPECTED_SHARED_PROTOCOL,True,True,False,False,True,False,True,True,SAFETY_REST,SAFETY_REST
00ae450b11f1,AFTER_SINGING_FATIGUE,PITCH_UNSTABLE,EFFORT,EFFORT,EFFORT,EFFORT,0.8859,EXPECTED_SHARED_PROTOCOL,True,True,False,False,True,False,True,True,SAFETY_REST,SAFETY_REST
07564b6df5b9,HIGH_NOTE_CANNOT_REACH,HIGH_NOTE_TOO_EFFORTFUL,REGISTER_CONNECTION,REGISTER_CONNECTION,REGISTER_CONNECTION,REGISTER_CONNECTION,0.9442,EXPECTED_SHARED_PROTOCOL,True,True,True,True,True,False,True,True,SOVT_GLIDE,SOVT_GLIDE
07564b6df5b9,HIGH_NOTE_CANNOT_REACH,HIGH_NOTE_FLIPS,REGISTER_CONNECTION,REGISTER_CONNECTION,REGISTER_CONNECTION,REGISTER_CONNECTION,0.9561,EXPECTED_SHARED_PROTOCOL,True,True,True,True,True,False,True,True,SOVT_GLIDE,SOVT_GLIDE
07564b6df5b9,HIGH_NOTE_CANNOT_REACH,HIGH_NOTE_UNSTABLE,REGISTER_CONNECTION,REGISTER_CONNECTION,REGISTER_CONNECTION,REGISTER_CONNECTION,0.9697,EXPECTED_SHARED_PROTOCOL,True,True,True,True,True,False,True,True,SOVT_GLIDE,SOVT_GLIDE
07564b6df5b9,HIGH_NOTE_CANNOT_REACH,THROAT_EFFORT,REGISTER_CONNECTION,REGISTER_CONNECTION,REGISTER_CONNECTION,REGISTER_CONNECTION,0.9391,EXPECTED_SHARED_PROTOCOL,True,True,True,False,True,False,True,True,SOVT_GLIDE,SOVT_GLIDE
07564b6df5b9,HIGH_NOTE_CANNOT_REACH,LOUD_VOICE_DIFFICULT,REGISTER_CONNECTION,REGISTER_CONNECTION,REGISTER_CONNECTION,REGISTER_CONNECTION,0.9524,EXPECTED_SHARED_PROTOCOL,True,True,True,False,True,False,True,True,SOVT_GLIDE,SOVT_GLIDE
07564b6df5b9,HIGH_NOTE_CANNOT_REACH,VOCAL_FATIGUE,REGISTER_CONNECTION,REGISTER_CONNECTION,REGISTER_CONNECTION,REGISTER_CONNECTION,0.9391,EXPECTED_SHARED_PROTOCOL,True,True,True,False,True,False,True,True,SOVT_GLIDE,SOVT_GLIDE
07564b6df5b9,HIGH_NOTE_CANNOT_REACH,AFTER_SINGING_FATIGUE,REGISTER_CONNECTION,REGISTER_CONNECTION,REGISTER_CONNECTION,REGISTER_CONNECTION,0.9397,EXPECTED_SHARED_PROTOCOL,True,True,True,False,True,False,True,True,SOVT_GLIDE,SOVT_GLIDE
07564b6df5b9,HIGH_NOTE_CANNOT_REACH,PITCH_UNSTABLE,REGISTER_CONNECTION,REGISTER_CONNECTION,REGISTER_CONNECTION,REGISTER_CONNECTION,0.9437,EXPECTED_SHARED_PROTOCOL,True,True,False,False,True,False,True,True,SOVT_GLIDE,SOVT_GLIDE
07564b6df5b9,HIGH_NOTE_CANNOT_REACH,REGISTER_CONNECTION_DIFFICULT,REGISTER_CONNECTION,REGISTER_CONNECTION,REGISTER_CONNECTION,REGISTER_CONNECTION,0.9407,EXPECTED_SHARED_PROTOCOL,True,True,False,False,True,False,True,True,SOVT_GLIDE,SOVT_GLIDE
07564b6df5b9,HIGH_NOTE_TOO_EFFORTFUL,HIGH_NOTE_FLIPS,REGISTER_CONNECTION,REGISTER_CONNECTION,REGISTER_CONNECTION,REGISTER_CONNECTION,0.9437,EXPECTED_SHARED_PROTOCOL,True,True,True,True,True,False,True,True,SOVT_GLIDE,SOVT_GLIDE
07564b6df5b9,HIGH_NOTE_TOO_EFFORTFUL,HIGH_NOTE_UNSTABLE,REGISTER_CONNECTION,REGISTER_CONNECTION,REGISTER_CONNECTION,REGISTER_CONNECTION,0.9487,EXPECTED_SHARED_PROTOCOL,True,True,True,True,True,False,True,True,SOVT_GLIDE,SOVT_GLIDE
07564b6df5b9,HIGH_NOTE_TOO_EFFORTFUL,THROAT_EFFORT,REGISTER_CONNECTION,REGISTER_CONNECTION,REGISTER_CONNECTION,REGISTER_CONNECTION,0.9356,EXPECTED_SHARED_PROTOCOL,True,True,True,False,True,False,True,True,SOVT_GLIDE,SOVT_GLIDE
07564b6df5b9,HIGH_NOTE_TOO_EFFORTFUL,LOUD_VOICE_DIFFICULT,REGISTER_CONNECTION,REGISTER_CONNECTION,REGISTER_CONNECTION,REGISTER_CONNECTION,0.9316,EXPECTED_SHARED_PROTOCOL,True,True,True,False,True,False,True,True,SOVT_GLIDE,SOVT_GLIDE
07564b6df5b9,HIGH_NOTE_TOO_EFFORTFUL,VOCAL_FATIGUE,REGISTER_CONNECTION,REGISTER_CONNECTION,REGISTER_CONNECTION,REGISTER_CONNECTION,0.9442,EXPECTED_SHARED_PROTOCOL,True,True,True,False,True,False,True,True,SOVT_GLIDE,SOVT_GLIDE
07564b6df5b9,HIGH_NOTE_TOO_EFFORTFUL,AFTER_SINGING_FATIGUE,REGISTER_CONNECTION,REGISTER_CONNECTION,REGISTER_CONNECTION,REGISTER_CONNECTION,0.9277,EXPECTED_SHARED_PROTOCOL,True,True,True,False,True,False,True,True,SOVT_GLIDE,SOVT_GLIDE
07564b6df5b9,HIGH_NOTE_TOO_EFFORTFUL,PITCH_UNSTABLE,REGISTER_CONNECTION,REGISTER_CONNECTION,REGISTER_CONNECTION,REGISTER_CONNECTION,0.9487,EXPECTED_SHARED_PROTOCOL,True,True,False,False,True,False,True,True,SOVT_GLIDE,SOVT_GLIDE
07564b6df5b9,HIGH_NOTE_TOO_EFFORTFUL,REGISTER_CONNECTION_DIFFICULT,REGISTER_CONNECTION,REGISTER_CONNECTION,REGISTER_CONNECTION,REGISTER_CONNECTION,0.9372,EXPECTED_SHARED_PROTOCOL,True,True,False,False,True,False,True,True,SOVT_GLIDE,SOVT_GLIDE
07564b6df5b9,HIGH_NOTE_FLIPS,HIGH_NOTE_UNSTABLE,REGISTER_CONNECTION,REGISTER_CONNECTION,REGISTER_CONNECTION,REGISTER_CONNECTION,0.9607,EXPECTED_SHARED_PROTOCOL,True,True,True,True,True,False,True,True,SOVT_GLIDE,SOVT_GLIDE
07564b6df5b9,HIGH_NOTE_FLIPS,THROAT_EFFORT,REGISTER_CONNECTION,REGISTER_CONNECTION,REGISTER_CONNECTION,REGISTER_CONNECTION,0.9386,EXPECTED_SHARED_PROTOCOL,True,True,True,False,True,False,True,True,SOVT_GLIDE,SOVT_GLIDE
07564b6df5b9,HIGH_NOTE_FLIPS,LOUD_VOICE_DIFFICULT,REGISTER_CONNECTION,REGISTER_CONNECTION,REGISTER_CONNECTION,REGISTER_CONNECTION,0.9432,EXPECTED_SHARED_PROTOCOL,True,True,True,False,True,False,True,True,SOVT_GLIDE,SOVT_GLIDE
07564b6df5b9,HIGH_NOTE_FLIPS,VOCAL_FATIGUE,REGISTER_CONNECTION,REGISTER_CONNECTION,REGISTER_CONNECTION,REGISTER_CONNECTION,0.9474,EXPECTED_SHARED_PROTOCOL,True,True,True,False,True,False,True,True,SOVT_GLIDE,SOVT_GLIDE
07564b6df5b9,HIGH_NOTE_FLIPS,AFTER_SINGING_FATIGUE,REGISTER_CONNECTION,REGISTER_CONNECTION,REGISTER_CONNECTION,REGISTER_CONNECTION,0.9565,EXPECTED_SHARED_PROTOCOL,True,True,True,False,True,False,True,True,SOVT_GLIDE,SOVT_GLIDE
07564b6df5b9,HIGH_NOTE_FLIPS,PITCH_UNSTABLE,REGISTER_CONNECTION,REGISTER_CONNECTION,REGISTER_CONNECTION,REGISTER_CONNECTION,0.952,EXPECTED_SHARED_PROTOCOL,True,True,False,False,True,False,True,True,SOVT_GLIDE,SOVT_GLIDE
07564b6df5b9,HIGH_NOTE_FLIPS,REGISTER_CONNECTION_DIFFICULT,REGISTER_CONNECTION,REGISTER_CONNECTION,REGISTER_CONNECTION,REGISTER_CONNECTION,0.9231,EXPECTED_SHARED_PROTOCOL,True,True,False,False,True,False,True,True,SOVT_GLIDE,SOVT_GLIDE
07564b6df5b9,HIGH_NOTE_THINS,TIMBRE_CHANGES_HIGH,REGISTER_CONNECTION,REGISTER_CONNECTION,REGISTER_CONNECTION,REGISTER_CONNECTION,0.9246,EXPECTED_SHARED_PROTOCOL,True,True,True,False,True,False,False,True,SOVT_GLIDE,SOVT_GLIDE
07564b6df5b9,HIGH_NOTE_UNSTABLE,THROAT_EFFORT,REGISTER_CONNECTION,REGISTER_CONNECTION,REGISTER_CONNECTION,REGISTER_CONNECTION,0.9351,EXPECTED_SHARED_PROTOCOL,True,True,True,False,True,False,True,True,SOVT_GLIDE,SOVT_GLIDE
07564b6df5b9,HIGH_NOTE_UNSTABLE,LOUD_VOICE_DIFFICULT,REGISTER_CONNECTION,REGISTER_CONNECTION,REGISTER_CONNECTION,REGISTER_CONNECTION,0.9397,EXPECTED_SHARED_PROTOCOL,True,True,True,False,True,False,True,True,SOVT_GLIDE,SOVT_GLIDE
07564b6df5b9,HIGH_NOTE_UNSTABLE,VOCAL_FATIGUE,REGISTER_CONNECTION,REGISTER_CONNECTION,REGISTER_CONNECTION,REGISTER_CONNECTION,0.9351,EXPECTED_SHARED_PROTOCOL,True,True,True,False,True,False,True,True,SOVT_GLIDE,SOVT_GLIDE
07564b6df5b9,HIGH_NOTE_UNSTABLE,AFTER_SINGING_FATIGUE,REGISTER_CONNECTION,REGISTER_CONNECTION,REGISTER_CONNECTION,REGISTER_CONNECTION,0.9442,EXPECTED_SHARED_PROTOCOL,True,True,True,False,True,False,True,True,SOVT_GLIDE,SOVT_GLIDE
07564b6df5b9,HIGH_NOTE_UNSTABLE,PITCH_UNSTABLE,REGISTER_CONNECTION,REGISTER_CONNECTION,REGISTER_CONNECTION,REGISTER_CONNECTION,0.9483,EXPECTED_SHARED_PROTOCOL,True,True,False,False,True,False,True,True,SOVT_GLIDE,SOVT_GLIDE
07564b6df5b9,HIGH_NOTE_UNSTABLE,REGISTER_CONNECTION_DIFFICULT,REGISTER_CONNECTION,REGISTER_CONNECTION,REGISTER_CONNECTION,REGISTER_CONNECTION,0.9367,EXPECTED_SHARED_PROTOCOL,True,True,False,False,True,False,True,True,SOVT_GLIDE,SOVT_GLIDE
07564b6df5b9,THROAT_EFFORT,LOUD_VOICE_DIFFICULT,REGISTER_CONNECTION,REGISTER_CONNECTION,REGISTER_CONNECTION,REGISTER_CONNECTION,0.9351,EXPECTED_SHARED_PROTOCOL,True,True,True,False,True,False,True,True,SOVT_GLIDE,SOVT_GLIDE
07564b6df5b9,THROAT_EFFORT,VOCAL_FATIGUE,REGISTER_CONNECTION,REGISTER_CONNECTION,REGISTER_CONNECTION,REGISTER_CONNECTION,0.9565,EXPECTED_SHARED_PROTOCOL,True,True,True,False,True,False,True,True,SOVT_GLIDE,SOVT_GLIDE
07564b6df5b9,THROAT_EFFORT,AFTER_SINGING_FATIGUE,REGISTER_CONNECTION,REGISTER_CONNECTION,REGISTER_CONNECTION,REGISTER_CONNECTION,0.931,EXPECTED_SHARED_PROTOCOL,True,True,True,False,True,False,True,True,SOVT_GLIDE,SOVT_GLIDE
07564b6df5b9,THROAT_EFFORT,PITCH_UNSTABLE,REGISTER_CONNECTION,REGISTER_CONNECTION,REGISTER_CONNECTION,REGISTER_CONNECTION,0.9437,EXPECTED_SHARED_PROTOCOL,True,True,False,False,True,False,True,True,SOVT_GLIDE,SOVT_GLIDE
07564b6df5b9,THROAT_EFFORT,REGISTER_CONNECTION_DIFFICULT,REGISTER_CONNECTION,REGISTER_CONNECTION,REGISTER_CONNECTION,REGISTER_CONNECTION,0.9407,EXPECTED_SHARED_PROTOCOL,True,True,False,False,True,False,True,True,SOVT_GLIDE,SOVT_GLIDE
07564b6df5b9,LOUD_VOICE_DIFFICULT,VOCAL_FATIGUE,REGISTER_CONNECTION,REGISTER_CONNECTION,REGISTER_CONNECTION,REGISTER_CONNECTION,0.9351,EXPECTED_SHARED_PROTOCOL,True,True,True,False,True,False,True,True,SOVT_GLIDE,SOVT_GLIDE
07564b6df5b9,LOUD_VOICE_DIFFICULT,AFTER_SINGING_FATIGUE,REGISTER_CONNECTION,REGISTER_CONNECTION,REGISTER_CONNECTION,REGISTER_CONNECTION,0.9356,EXPECTED_SHARED_PROTOCOL,True,True,True,False,True,False,True,True,SOVT_GLIDE,SOVT_GLIDE
07564b6df5b9,LOUD_VOICE_DIFFICULT,PITCH_UNSTABLE,REGISTER_CONNECTION,REGISTER_CONNECTION,REGISTER_CONNECTION,REGISTER_CONNECTION,0.931,EXPECTED_SHARED_PROTOCOL,True,True,False,False,True,False,True,True,SOVT_GLIDE,SOVT_GLIDE
07564b6df5b9,LOUD_VOICE_DIFFICULT,REGISTER_CONNECTION_DIFFICULT,REGISTER_CONNECTION,REGISTER_CONNECTION,REGISTER_CONNECTION,REGISTER_CONNECTION,0.9114,EXPECTED_SHARED_PROTOCOL,True,True,False,False,True,False,True,True,SOVT_GLIDE,SOVT_GLIDE
07564b6df5b9,VOCAL_FATIGUE,AFTER_SINGING_FATIGUE,REGISTER_CONNECTION,REGISTER_CONNECTION,REGISTER_CONNECTION,REGISTER_CONNECTION,0.9569,EXPECTED_SHARED_PROTOCOL,True,True,True,False,True,False,True,True,SOVT_GLIDE,SOVT_GLIDE
07564b6df5b9,VOCAL_FATIGUE,PITCH_UNSTABLE,REGISTER_CONNECTION,REGISTER_CONNECTION,REGISTER_CONNECTION,REGISTER_CONNECTION,0.9524,EXPECTED_SHARED_PROTOCOL,True,True,False,False,True,False,True,True,SOVT_GLIDE,SOVT_GLIDE
07564b6df5b9,VOCAL_FATIGUE,REGISTER_CONNECTION_DIFFICULT,REGISTER_CONNECTION,REGISTER_CONNECTION,REGISTER_CONNECTION,REGISTER_CONNECTION,0.9237,EXPECTED_SHARED_PROTOCOL,True,True,False,False,True,False,True,True,SOVT_GLIDE,SOVT_GLIDE
07564b6df5b9,AFTER_SINGING_FATIGUE,PITCH_UNSTABLE,REGISTER_CONNECTION,REGISTER_CONNECTION,REGISTER_CONNECTION,REGISTER_CONNECTION,0.927,EXPECTED_SHARED_PROTOCOL,True,True,False,False,True,False,True,True,SOVT_GLIDE,SOVT_GLIDE
07564b6df5b9,AFTER_SINGING_FATIGUE,REGISTER_CONNECTION_DIFFICULT,REGISTER_CONNECTION,REGISTER_CONNECTION,REGISTER_CONNECTION,REGISTER_CONNECTION,0.916,EXPECTED_SHARED_PROTOCOL,True,True,False,False,True,False,True,True,SOVT_GLIDE,SOVT_GLIDE
07564b6df5b9,VOICE_TOO_SHARP,VOICE_ROUGH,REGISTER_CONNECTION,REGISTER_CONNECTION,REGISTER_CONNECTION,REGISTER_CONNECTION,0.9529,EXPECTED_SHARED_PROTOCOL,True,True,True,True,True,False,True,True,REGISTER_CONNECTION,REGISTER_CONNECTION
07564b6df5b9,PITCH_UNSTABLE,REGISTER_CONNECTION_DIFFICULT,REGISTER_CONNECTION,REGISTER_CONNECTION,REGISTER_CONNECTION,REGISTER_CONNECTION,0.9367,EXPECTED_SHARED_PROTOCOL,True,True,True,False,True,False,True,True,SOVT_GLIDE,SOVT_GLIDE
0ada85fffc84,HIGH_NOTE_TOO_EFFORTFUL,HIGH_NOTE_FLIPS,REGISTER_CONNECTION,REGISTER_CONNECTION,REGISTER_CONNECTION,REGISTER_CONNECTION,0.9437,EXPECTED_SHARED_PROTOCOL,True,True,True,True,True,False,True,True,SOVT_GLIDE,SOVT_GLIDE
0ada85fffc84,HIGH_NOTE_UNSTABLE,PITCH_UNSTABLE,STABILITY,STABILITY,STABILITY,STABILITY,0.9048,EXPECTED_SHARED_PROTOCOL,True,True,False,False,True,False,True,True,SUSTAIN_HOLD,SUSTAIN_HOLD
0ada85fffc84,HIGH_NOTE_UNSTABLE,REGISTER_CONNECTION_DIFFICULT,STABILITY,STABILITY,STABILITY,STABILITY,0.8855,EXPECTED_SHARED_PROTOCOL,True,True,False,False,True,False,True,True,SUSTAIN_HOLD,SUSTAIN_HOLD
0ada85fffc84,THROAT_EFFORT,LOUD_VOICE_DIFFICULT,EFFORT,EFFORT,MAINTAIN,MAINTAIN,0.8819,EXPECTED_SHARED_PROTOCOL,True,True,True,False,True,False,True,True,SUSTAIN_HOLD,SUSTAIN_HOLD
0ada85fffc84,THROAT_EFFORT,VOCAL_FATIGUE,EFFORT,EFFORT,MAINTAIN,MAINTAIN,0.9206,EXPECTED_SHARED_PROTOCOL,True,True,True,False,True,False,True,True,SUSTAIN_HOLD,SUSTAIN_HOLD
0ada85fffc84,LOUD_VOICE_DIFFICULT,VOCAL_FATIGUE,EFFORT,EFFORT,MAINTAIN,MAINTAIN,0.8819,EXPECTED_SHARED_PROTOCOL,True,True,True,False,True,False,True,True,SUSTAIN_HOLD,SUSTAIN_HOLD
0ada85fffc84,LOUD_VOICE_DIFFICULT,AFTER_SINGING_FATIGUE,EFFORT,EFFORT,MAINTAIN,MAINTAIN,0.8837,EXPECTED_SHARED_PROTOCOL,True,True,True,False,True,False,True,True,SUSTAIN_HOLD,SUSTAIN_HOLD
0ada85fffc84,VOCAL_FATIGUE,AFTER_SINGING_FATIGUE,EFFORT,EFFORT,MAINTAIN,MAINTAIN,0.9219,EXPECTED_SHARED_PROTOCOL,True,True,True,False,True,False,True,True,SUSTAIN_HOLD,SUSTAIN_HOLD
0ada85fffc84,PITCH_UNSTABLE,REGISTER_CONNECTION_DIFFICULT,STABILITY,STABILITY,STABILITY,STABILITY,0.8855,EXPECTED_SHARED_PROTOCOL,True,True,True,False,True,False,True,True,SUSTAIN_HOLD,SUSTAIN_HOLD
0ea5487c229a,HIGH_NOTE_CANNOT_REACH,HIGH_NOTE_TOO_EFFORTFUL,REGISTER_CONNECTION,REGISTER_CONNECTION,REGISTER_CONNECTION,REGISTER_CONNECTION,0.9442,EXPECTED_SHARED_PROTOCOL,True,True,True,True,True,False,True,True,SOVT_GLIDE,SOVT_GLIDE
0ea5487c229a,HIGH_NOTE_CANNOT_REACH,HIGH_NOTE_FLIPS,REGISTER_CONNECTION,REGISTER_CONNECTION,REGISTER_CONNECTION,REGISTER_CONNECTION,0.9561,EXPECTED_SHARED_PROTOCOL,True,True,True,True,True,False,True,True,SOVT_GLIDE,SOVT_GLIDE
0ea5487c229a,HIGH_NOTE_CANNOT_REACH,HIGH_NOTE_UNSTABLE,REGISTER_CONNECTION,REGISTER_CONNECTION,REGISTER_CONNECTION,REGISTER_CONNECTION,0.9697,EXPECTED_SHARED_PROTOCOL,True,True,True,True,True,False,True,True,SOVT_GLIDE,SOVT_GLIDE
0ea5487c229a,HIGH_NOTE_CANNOT_REACH,THROAT_EFFORT,REGISTER_CONNECTION,REGISTER_CONNECTION,REGISTER_CONNECTION,REGISTER_CONNECTION,0.9391,EXPECTED_SHARED_PROTOCOL,True,True,True,False,True,False,True,True,SOVT_GLIDE,SOVT_GLIDE
0ea5487c229a,HIGH_NOTE_CANNOT_REACH,LOUD_VOICE_DIFFICULT,REGISTER_CONNECTION,REGISTER_CONNECTION,REGISTER_CONNECTION,REGISTER_CONNECTION,0.9524,EXPECTED_SHARED_PROTOCOL,True,True,True,False,True,False,True,True,SOVT_GLIDE,SOVT_GLIDE
0ea5487c229a,HIGH_NOTE_CANNOT_REACH,VOCAL_FATIGUE,REGISTER_CONNECTION,REGISTER_CONNECTION,REGISTER_CONNECTION,REGISTER_CONNECTION,0.9391,EXPECTED_SHARED_PROTOCOL,True,True,True,False,True,False,True,True,SOVT_GLIDE,SOVT_GLIDE
0ea5487c229a,HIGH_NOTE_CANNOT_REACH,AFTER_SINGING_FATIGUE,REGISTER_CONNECTION,REGISTER_CONNECTION,REGISTER_CONNECTION,REGISTER_CONNECTION,0.9397,EXPECTED_SHARED_PROTOCOL,True,True,True,False,True,False,True,True,SOVT_GLIDE,SOVT_GLIDE
0ea5487c229a,HIGH_NOTE_CANNOT_REACH,PITCH_UNSTABLE,REGISTER_CONNECTION,REGISTER_CONNECTION,REGISTER_CONNECTION,REGISTER_CONNECTION,0.9437,EXPECTED_SHARED_PROTOCOL,True,True,False,False,True,False,True,True,SOVT_GLIDE,SOVT_GLIDE
0ea5487c229a,HIGH_NOTE_CANNOT_REACH,REGISTER_CONNECTION_DIFFICULT,REGISTER_CONNECTION,REGISTER_CONNECTION,REGISTER_CONNECTION,REGISTER_CONNECTION,0.9407,EXPECTED_SHARED_PROTOCOL,True,True,False,False,True,False,True,True,SOVT_GLIDE,SOVT_GLIDE
0ea5487c229a,HIGH_NOTE_TOO_EFFORTFUL,HIGH_NOTE_FLIPS,REGISTER_CONNECTION,REGISTER_CONNECTION,REGISTER_CONNECTION,REGISTER_CONNECTION,0.9437,EXPECTED_SHARED_PROTOCOL,True,True,True,True,True,False,True,True,SOVT_GLIDE,SOVT_GLIDE
0ea5487c229a,HIGH_NOTE_TOO_EFFORTFUL,HIGH_NOTE_UNSTABLE,REGISTER_CONNECTION,REGISTER_CONNECTION,REGISTER_CONNECTION,REGISTER_CONNECTION,0.9487,EXPECTED_SHARED_PROTOCOL,True,True,True,True,True,False,True,True,SOVT_GLIDE,SOVT_GLIDE
0ea5487c229a,HIGH_NOTE_TOO_EFFORTFUL,THROAT_EFFORT,REGISTER_CONNECTION,REGISTER_CONNECTION,REGISTER_CONNECTION,REGISTER_CONNECTION,0.9356,EXPECTED_SHARED_PROTOCOL,True,True,True,False,True,False,True,True,SOVT_GLIDE,SOVT_GLIDE
0ea5487c229a,HIGH_NOTE_TOO_EFFORTFUL,LOUD_VOICE_DIFFICULT,REGISTER_CONNECTION,REGISTER_CONNECTION,REGISTER_CONNECTION,REGISTER_CONNECTION,0.9316,EXPECTED_SHARED_PROTOCOL,True,True,True,False,True,False,True,True,SOVT_GLIDE,SOVT_GLIDE
0ea5487c229a,HIGH_NOTE_TOO_EFFORTFUL,VOCAL_FATIGUE,REGISTER_CONNECTION,REGISTER_CONNECTION,REGISTER_CONNECTION,REGISTER_CONNECTION,0.9442,EXPECTED_SHARED_PROTOCOL,True,True,True,False,True,False,True,True,SOVT_GLIDE,SOVT_GLIDE
0ea5487c229a,HIGH_NOTE_TOO_EFFORTFUL,AFTER_SINGING_FATIGUE,REGISTER_CONNECTION,REGISTER_CONNECTION,REGISTER_CONNECTION,REGISTER_CONNECTION,0.9277,EXPECTED_SHARED_PROTOCOL,True,True,True,False,True,False,True,True,SOVT_GLIDE,SOVT_GLIDE
0ea5487c229a,HIGH_NOTE_TOO_EFFORTFUL,PITCH_UNSTABLE,REGISTER_CONNECTION,REGISTER_CONNECTION,REGISTER_CONNECTION,REGISTER_CONNECTION,0.9487,EXPECTED_SHARED_PROTOCOL,True,True,False,False,True,False,True,True,SOVT_GLIDE,SOVT_GLIDE
0ea5487c229a,HIGH_NOTE_TOO_EFFORTFUL,REGISTER_CONNECTION_DIFFICULT,REGISTER_CONNECTION,REGISTER_CONNECTION,REGISTER_CONNECTION,REGISTER_CONNECTION,0.9372,EXPECTED_SHARED_PROTOCOL,True,True,False,False,True,False,True,True,SOVT_GLIDE,SOVT_GLIDE
0ea5487c229a,HIGH_NOTE_FLIPS,HIGH_NOTE_UNSTABLE,REGISTER_CONNECTION,REGISTER_CONNECTION,REGISTER_CONNECTION,REGISTER_CONNECTION,0.9607,EXPECTED_SHARED_PROTOCOL,True,True,True,True,True,False,True,True,SOVT_GLIDE,SOVT_GLIDE
0ea5487c229a,HIGH_NOTE_FLIPS,THROAT_EFFORT,REGISTER_CONNECTION,REGISTER_CONNECTION,REGISTER_CONNECTION,REGISTER_CONNECTION,0.9386,EXPECTED_SHARED_PROTOCOL,True,True,True,False,True,False,True,True,SOVT_GLIDE,SOVT_GLIDE
0ea5487c229a,HIGH_NOTE_FLIPS,LOUD_VOICE_DIFFICULT,REGISTER_CONNECTION,REGISTER_CONNECTION,REGISTER_CONNECTION,REGISTER_CONNECTION,0.9432,EXPECTED_SHARED_PROTOCOL,True,True,True,False,True,False,True,True,SOVT_GLIDE,SOVT_GLIDE
0ea5487c229a,HIGH_NOTE_FLIPS,VOCAL_FATIGUE,REGISTER_CONNECTION,REGISTER_CONNECTION,REGISTER_CONNECTION,REGISTER_CONNECTION,0.9474,EXPECTED_SHARED_PROTOCOL,True,True,True,False,True,False,True,True,SOVT_GLIDE,SOVT_GLIDE
0ea5487c229a,HIGH_NOTE_FLIPS,AFTER_SINGING_FATIGUE,REGISTER_CONNECTION,REGISTER_CONNECTION,REGISTER_CONNECTION,REGISTER_CONNECTION,0.9565,EXPECTED_SHARED_PROTOCOL,True,True,True,False,True,False,True,True,SOVT_GLIDE,SOVT_GLIDE
0ea5487c229a,HIGH_NOTE_FLIPS,PITCH_UNSTABLE,REGISTER_CONNECTION,REGISTER_CONNECTION,REGISTER_CONNECTION,REGISTER_CONNECTION,0.952,EXPECTED_SHARED_PROTOCOL,True,True,False,False,True,False,True,True,SOVT_GLIDE,SOVT_GLIDE
0ea5487c229a,HIGH_NOTE_FLIPS,REGISTER_CONNECTION_DIFFICULT,REGISTER_CONNECTION,REGISTER_CONNECTION,REGISTER_CONNECTION,REGISTER_CONNECTION,0.9231,EXPECTED_SHARED_PROTOCOL,True,True,False,False,True,False,True,True,SOVT_GLIDE,SOVT_GLIDE
0ea5487c229a,HIGH_NOTE_UNSTABLE,THROAT_EFFORT,REGISTER_CONNECTION,REGISTER_CONNECTION,REGISTER_CONNECTION,REGISTER_CONNECTION,0.9351,EXPECTED_SHARED_PROTOCOL,True,True,True,False,True,False,True,True,SOVT_GLIDE,SOVT_GLIDE
0ea5487c229a,HIGH_NOTE_UNSTABLE,LOUD_VOICE_DIFFICULT,REGISTER_CONNECTION,REGISTER_CONNECTION,REGISTER_CONNECTION,REGISTER_CONNECTION,0.9397,EXPECTED_SHARED_PROTOCOL,True,True,True,False,True,False,True,True,SOVT_GLIDE,SOVT_GLIDE
0ea5487c229a,HIGH_NOTE_UNSTABLE,VOCAL_FATIGUE,REGISTER_CONNECTION,REGISTER_CONNECTION,REGISTER_CONNECTION,REGISTER_CONNECTION,0.9351,EXPECTED_SHARED_PROTOCOL,True,True,True,False,True,False,True,True,SOVT_GLIDE,SOVT_GLIDE
0ea5487c229a,HIGH_NOTE_UNSTABLE,AFTER_SINGING_FATIGUE,REGISTER_CONNECTION,REGISTER_CONNECTION,REGISTER_CONNECTION,REGISTER_CONNECTION,0.9442,EXPECTED_SHARED_PROTOCOL,True,True,True,False,True,False,True,True,SOVT_GLIDE,SOVT_GLIDE
0ea5487c229a,HIGH_NOTE_UNSTABLE,PITCH_UNSTABLE,REGISTER_CONNECTION,REGISTER_CONNECTION,REGISTER_CONNECTION,REGISTER_CONNECTION,0.9483,EXPECTED_SHARED_PROTOCOL,True,True,False,False,True,False,True,True,SOVT_GLIDE,SOVT_GLIDE
0ea5487c229a,HIGH_NOTE_UNSTABLE,REGISTER_CONNECTION_DIFFICULT,REGISTER_CONNECTION,REGISTER_CONNECTION,REGISTER_CONNECTION,REGISTER_CONNECTION,0.9367,EXPECTED_SHARED_PROTOCOL,True,True,False,False,True,False,True,True,SOVT_GLIDE,SOVT_GLIDE
0ea5487c229a,THROAT_EFFORT,LOUD_VOICE_DIFFICULT,REGISTER_CONNECTION,REGISTER_CONNECTION,REGISTER_CONNECTION,REGISTER_CONNECTION,0.9351,EXPECTED_SHARED_PROTOCOL,True,True,True,False,True,False,True,True,SOVT_GLIDE,SOVT_GLIDE
0ea5487c229a,THROAT_EFFORT,VOCAL_FATIGUE,REGISTER_CONNECTION,REGISTER_CONNECTION,REGISTER_CONNECTION,REGISTER_CONNECTION,0.9565,EXPECTED_SHARED_PROTOCOL,True,True,True,False,True,False,True,True,SOVT_GLIDE,SOVT_GLIDE
0ea5487c229a,THROAT_EFFORT,AFTER_SINGING_FATIGUE,REGISTER_CONNECTION,REGISTER_CONNECTION,REGISTER_CONNECTION,REGISTER_CONNECTION,0.931,EXPECTED_SHARED_PROTOCOL,True,True,True,False,True,False,True,True,SOVT_GLIDE,SOVT_GLIDE
0ea5487c229a,THROAT_EFFORT,PITCH_UNSTABLE,REGISTER_CONNECTION,REGISTER_CONNECTION,REGISTER_CONNECTION,REGISTER_CONNECTION,0.9437,EXPECTED_SHARED_PROTOCOL,True,True,False,False,True,False,True,True,SOVT_GLIDE,SOVT_GLIDE
0ea5487c229a,THROAT_EFFORT,REGISTER_CONNECTION_DIFFICULT,REGISTER_CONNECTION,REGISTER_CONNECTION,REGISTER_CONNECTION,REGISTER_CONNECTION,0.9407,EXPECTED_SHARED_PROTOCOL,True,True,False,False,True,False,True,True,SOVT_GLIDE,SOVT_GLIDE
0ea5487c229a,LOUD_VOICE_DIFFICULT,VOCAL_FATIGUE,REGISTER_CONNECTION,REGISTER_CONNECTION,REGISTER_CONNECTION,REGISTER_CONNECTION,0.9351,EXPECTED_SHARED_PROTOCOL,True,True,True,False,True,False,True,True,SOVT_GLIDE,SOVT_GLIDE
0ea5487c229a,LOUD_VOICE_DIFFICULT,AFTER_SINGING_FATIGUE,REGISTER_CONNECTION,REGISTER_CONNECTION,REGISTER_CONNECTION,REGISTER_CONNECTION,0.9356,EXPECTED_SHARED_PROTOCOL,True,True,True,False,True,False,True,True,SOVT_GLIDE,SOVT_GLIDE
0ea5487c229a,LOUD_VOICE_DIFFICULT,PITCH_UNSTABLE,REGISTER_CONNECTION,REGISTER_CONNECTION,REGISTER_CONNECTION,REGISTER_CONNECTION,0.931,EXPECTED_SHARED_PROTOCOL,True,True,False,False,True,False,True,True,SOVT_GLIDE,SOVT_GLIDE
0ea5487c229a,LOUD_VOICE_DIFFICULT,REGISTER_CONNECTION_DIFFICULT,REGISTER_CONNECTION,REGISTER_CONNECTION,REGISTER_CONNECTION,REGISTER_CONNECTION,0.9114,EXPECTED_SHARED_PROTOCOL,True,True,False,False,True,False,True,True,SOVT_GLIDE,SOVT_GLIDE
0ea5487c229a,VOCAL_FATIGUE,AFTER_SINGING_FATIGUE,REGISTER_CONNECTION,REGISTER_CONNECTION,REGISTER_CONNECTION,REGISTER_CONNECTION,0.9569,EXPECTED_SHARED_PROTOCOL,True,True,True,False,True,False,True,True,SOVT_GLIDE,SOVT_GLIDE
0ea5487c229a,VOCAL_FATIGUE,PITCH_UNSTABLE,REGISTER_CONNECTION,REGISTER_CONNECTION,REGISTER_CONNECTION,REGISTER_CONNECTION,0.9524,EXPECTED_SHARED_PROTOCOL,True,True,False,False,True,False,True,True,SOVT_GLIDE,SOVT_GLIDE
0ea5487c229a,VOCAL_FATIGUE,REGISTER_CONNECTION_DIFFICULT,REGISTER_CONNECTION,REGISTER_CONNECTION,REGISTER_CONNECTION,REGISTER_CONNECTION,0.9237,EXPECTED_SHARED_PROTOCOL,True,True,False,False,True,False,True,True,SOVT_GLIDE,SOVT_GLIDE
0ea5487c229a,AFTER_SINGING_FATIGUE,PITCH_UNSTABLE,REGISTER_CONNECTION,REGISTER_CONNECTION,REGISTER_CONNECTION,REGISTER_CONNECTION,0.927,EXPECTED_SHARED_PROTOCOL,True,True,False,False,True,False,True,True,SOVT_GLIDE,SOVT_GLIDE
0ea5487c229a,AFTER_SINGING_FATIGUE,REGISTER_CONNECTION_DIFFICULT,REGISTER_CONNECTION,REGISTER_CONNECTION,REGISTER_CONNECTION,REGISTER_CONNECTION,0.916,EXPECTED_SHARED_PROTOCOL,True,True,False,False,True,False,True,True,SOVT_GLIDE,SOVT_GLIDE
0ea5487c229a,PITCH_UNSTABLE,REGISTER_CONNECTION_DIFFICULT,REGISTER_CONNECTION,REGISTER_CONNECTION,REGISTER_CONNECTION,REGISTER_CONNECTION,0.9367,EXPECTED_SHARED_PROTOCOL,True,True,True,False,True,False,True,True,SOVT_GLIDE,SOVT_GLIDE
0f26db696e8e,HIGH_NOTE_CANNOT_REACH,HIGH_NOTE_TOO_EFFORTFUL,REGISTER_CONNECTION,REGISTER_CONNECTION,REGISTER_CONNECTION,REGISTER_CONNECTION,0.9442,EXPECTED_SHARED_PROTOCOL,True,True,True,True,True,False,True,True,SOVT_GLIDE,SOVT_GLIDE
0f26db696e8e,HIGH_NOTE_CANNOT_REACH,HIGH_NOTE_FLIPS,REGISTER_CONNECTION,REGISTER_CONNECTION,REGISTER_CONNECTION,REGISTER_CONNECTION,0.9561,EXPECTED_SHARED_PROTOCOL,True,True,True,True,True,False,True,True,SOVT_GLIDE,SOVT_GLIDE
0f26db696e8e,HIGH_NOTE_CANNOT_REACH,HIGH_NOTE_UNSTABLE,REGISTER_CONNECTION,REGISTER_CONNECTION,REGISTER_CONNECTION,REGISTER_CONNECTION,0.9697,EXPECTED_SHARED_PROTOCOL,True,True,True,True,True,False,True,True,SOVT_GLIDE,SOVT_GLIDE
0f26db696e8e,HIGH_NOTE_CANNOT_REACH,THROAT_EFFORT,REGISTER_CONNECTION,REGISTER_CONNECTION,REGISTER_CONNECTION,REGISTER_CONNECTION,0.9391,EXPECTED_SHARED_PROTOCOL,True,True,True,False,True,False,True,True,SOVT_GLIDE,SOVT_GLIDE
0f26db696e8e,HIGH_NOTE_CANNOT_REACH,LOUD_VOICE_DIFFICULT,REGISTER_CONNECTION,REGISTER_CONNECTION,REGISTER_CONNECTION,REGISTER_CONNECTION,0.9524,EXPECTED_SHARED_PROTOCOL,True,True,True,False,True,False,True,True,SOVT_GLIDE,SOVT_GLIDE
0f26db696e8e,HIGH_NOTE_CANNOT_REACH,VOCAL_FATIGUE,REGISTER_CONNECTION,REGISTER_CONNECTION,REGISTER_CONNECTION,REGISTER_CONNECTION,0.9391,EXPECTED_SHARED_PROTOCOL,True,True,True,False,True,False,True,True,SOVT_GLIDE,SOVT_GLIDE
0f26db696e8e,HIGH_NOTE_CANNOT_REACH,AFTER_SINGING_FATIGUE,REGISTER_CONNECTION,REGISTER_CONNECTION,REGISTER_CONNECTION,REGISTER_CONNECTION,0.9397,EXPECTED_SHARED_PROTOCOL,True,True,True,False,True,False,True,True,SOVT_GLIDE,SOVT_GLIDE
0f26db696e8e,HIGH_NOTE_CANNOT_REACH,PITCH_UNSTABLE,REGISTER_CONNECTION,REGISTER_CONNECTION,REGISTER_CONNECTION,REGISTER_CONNECTION,0.9437,EXPECTED_SHARED_PROTOCOL,True,True,False,False,True,False,True,True,SOVT_GLIDE,SOVT_GLIDE
0f26db696e8e,HIGH_NOTE_CANNOT_REACH,REGISTER_CONNECTION_DIFFICULT,REGISTER_CONNECTION,REGISTER_CONNECTION,REGISTER_CONNECTION,REGISTER_CONNECTION,0.9407,EXPECTED_SHARED_PROTOCOL,True,True,False,False,True,False,True,True,SOVT_GLIDE,SOVT_GLIDE
0f26db696e8e,HIGH_NOTE_TOO_EFFORTFUL,HIGH_NOTE_FLIPS,REGISTER_CONNECTION,REGISTER_CONNECTION,REGISTER_CONNECTION,REGISTER_CONNECTION,0.9437,EXPECTED_SHARED_PROTOCOL,True,True,True,True,True,False,True,True,SOVT_GLIDE,SOVT_GLIDE
0f26db696e8e,HIGH_NOTE_TOO_EFFORTFUL,HIGH_NOTE_UNSTABLE,REGISTER_CONNECTION,REGISTER_CONNECTION,REGISTER_CONNECTION,REGISTER_CONNECTION,0.9487,EXPECTED_SHARED_PROTOCOL,True,True,True,True,True,False,True,True,SOVT_GLIDE,SOVT_GLIDE
0f26db696e8e,HIGH_NOTE_TOO_EFFORTFUL,THROAT_EFFORT,REGISTER_CONNECTION,REGISTER_CONNECTION,REGISTER_CONNECTION,REGISTER_CONNECTION,0.9356,EXPECTED_SHARED_PROTOCOL,True,True,True,False,True,False,True,True,SOVT_GLIDE,SOVT_GLIDE
0f26db696e8e,HIGH_NOTE_TOO_EFFORTFUL,LOUD_VOICE_DIFFICULT,REGISTER_CONNECTION,REGISTER_CONNECTION,REGISTER_CONNECTION,REGISTER_CONNECTION,0.9316,EXPECTED_SHARED_PROTOCOL,True,True,True,False,True,False,True,True,SOVT_GLIDE,SOVT_GLIDE
0f26db696e8e,HIGH_NOTE_TOO_EFFORTFUL,VOCAL_FATIGUE,REGISTER_CONNECTION,REGISTER_CONNECTION,REGISTER_CONNECTION,REGISTER_CONNECTION,0.9442,EXPECTED_SHARED_PROTOCOL,True,True,True,False,True,False,True,True,SOVT_GLIDE,SOVT_GLIDE
0f26db696e8e,HIGH_NOTE_TOO_EFFORTFUL,AFTER_SINGING_FATIGUE,REGISTER_CONNECTION,REGISTER_CONNECTION,REGISTER_CONNECTION,REGISTER_CONNECTION,0.9277,EXPECTED_SHARED_PROTOCOL,True,True,True,False,True,False,True,True,SOVT_GLIDE,SOVT_GLIDE
0f26db696e8e,HIGH_NOTE_TOO_EFFORTFUL,PITCH_UNSTABLE,REGISTER_CONNECTION,REGISTER_CONNECTION,REGISTER_CONNECTION,REGISTER_CONNECTION,0.9487,EXPECTED_SHARED_PROTOCOL,True,True,False,False,True,False,True,True,SOVT_GLIDE,SOVT_GLIDE
0f26db696e8e,HIGH_NOTE_TOO_EFFORTFUL,REGISTER_CONNECTION_DIFFICULT,REGISTER_CONNECTION,REGISTER_CONNECTION,REGISTER_CONNECTION,REGISTER_CONNECTION,0.9372,EXPECTED_SHARED_PROTOCOL,True,True,False,False,True,False,True,True,SOVT_GLIDE,SOVT_GLIDE
0f26db696e8e,HIGH_NOTE_FLIPS,HIGH_NOTE_UNSTABLE,REGISTER_CONNECTION,REGISTER_CONNECTION,REGISTER_CONNECTION,REGISTER_CONNECTION,0.9607,EXPECTED_SHARED_PROTOCOL,True,True,True,True,True,False,True,True,SOVT_GLIDE,SOVT_GLIDE
0f26db696e8e,HIGH_NOTE_FLIPS,THROAT_EFFORT,REGISTER_CONNECTION,REGISTER_CONNECTION,REGISTER_CONNECTION,REGISTER_CONNECTION,0.9386,EXPECTED_SHARED_PROTOCOL,True,True,True,False,True,False,True,True,SOVT_GLIDE,SOVT_GLIDE
0f26db696e8e,HIGH_NOTE_FLIPS,LOUD_VOICE_DIFFICULT,REGISTER_CONNECTION,REGISTER_CONNECTION,REGISTER_CONNECTION,REGISTER_CONNECTION,0.9432,EXPECTED_SHARED_PROTOCOL,True,True,True,False,True,False,True,True,SOVT_GLIDE,SOVT_GLIDE
0f26db696e8e,HIGH_NOTE_FLIPS,VOCAL_FATIGUE,REGISTER_CONNECTION,REGISTER_CONNECTION,REGISTER_CONNECTION,REGISTER_CONNECTION,0.9474,EXPECTED_SHARED_PROTOCOL,True,True,True,False,True,False,True,True,SOVT_GLIDE,SOVT_GLIDE
0f26db696e8e,HIGH_NOTE_FLIPS,AFTER_SINGING_FATIGUE,REGISTER_CONNECTION,REGISTER_CONNECTION,REGISTER_CONNECTION,REGISTER_CONNECTION,0.9565,EXPECTED_SHARED_PROTOCOL,True,True,True,False,True,False,True,True,SOVT_GLIDE,SOVT_GLIDE
0f26db696e8e,HIGH_NOTE_FLIPS,PITCH_UNSTABLE,REGISTER_CONNECTION,REGISTER_CONNECTION,REGISTER_CONNECTION,REGISTER_CONNECTION,0.952,EXPECTED_SHARED_PROTOCOL,True,True,False,False,True,False,True,True,SOVT_GLIDE,SOVT_GLIDE
0f26db696e8e,HIGH_NOTE_FLIPS,REGISTER_CONNECTION_DIFFICULT,REGISTER_CONNECTION,REGISTER_CONNECTION,REGISTER_CONNECTION,REGISTER_CONNECTION,0.9231,EXPECTED_SHARED_PROTOCOL,True,True,False,False,True,False,True,True,SOVT_GLIDE,SOVT_GLIDE
0f26db696e8e,HIGH_NOTE_THINS,TIMBRE_CHANGES_HIGH,REGISTER_CONNECTION,REGISTER_CONNECTION,REGISTER_CONNECTION,REGISTER_CONNECTION,0.9246,EXPECTED_SHARED_PROTOCOL,True,True,True,False,True,False,True,True,SOVT_GLIDE,SOVT_GLIDE
0f26db696e8e,HIGH_NOTE_UNSTABLE,THROAT_EFFORT,REGISTER_CONNECTION,REGISTER_CONNECTION,REGISTER_CONNECTION,REGISTER_CONNECTION,0.9351,EXPECTED_SHARED_PROTOCOL,True,True,True,False,True,False,True,True,SOVT_GLIDE,SOVT_GLIDE
0f26db696e8e,HIGH_NOTE_UNSTABLE,LOUD_VOICE_DIFFICULT,REGISTER_CONNECTION,REGISTER_CONNECTION,REGISTER_CONNECTION,REGISTER_CONNECTION,0.9397,EXPECTED_SHARED_PROTOCOL,True,True,True,False,True,False,True,True,SOVT_GLIDE,SOVT_GLIDE
0f26db696e8e,HIGH_NOTE_UNSTABLE,VOCAL_FATIGUE,REGISTER_CONNECTION,REGISTER_CONNECTION,REGISTER_CONNECTION,REGISTER_CONNECTION,0.9351,EXPECTED_SHARED_PROTOCOL,True,True,True,False,True,False,True,True,SOVT_GLIDE,SOVT_GLIDE
0f26db696e8e,HIGH_NOTE_UNSTABLE,AFTER_SINGING_FATIGUE,REGISTER_CONNECTION,REGISTER_CONNECTION,REGISTER_CONNECTION,REGISTER_CONNECTION,0.9442,EXPECTED_SHARED_PROTOCOL,True,True,True,False,True,False,True,True,SOVT_GLIDE,SOVT_GLIDE
0f26db696e8e,HIGH_NOTE_UNSTABLE,PITCH_UNSTABLE,REGISTER_CONNECTION,REGISTER_CONNECTION,REGISTER_CONNECTION,REGISTER_CONNECTION,0.9483,EXPECTED_SHARED_PROTOCOL,True,True,False,False,True,False,True,True,SOVT_GLIDE,SOVT_GLIDE
0f26db696e8e,HIGH_NOTE_UNSTABLE,REGISTER_CONNECTION_DIFFICULT,REGISTER_CONNECTION,REGISTER_CONNECTION,REGISTER_CONNECTION,REGISTER_CONNECTION,0.9367,EXPECTED_SHARED_PROTOCOL,True,True,False,False,True,False,True,True,SOVT_GLIDE,SOVT_GLIDE
0f26db696e8e,THROAT_EFFORT,LOUD_VOICE_DIFFICULT,REGISTER_CONNECTION,REGISTER_CONNECTION,REGISTER_CONNECTION,REGISTER_CONNECTION,0.9351,EXPECTED_SHARED_PROTOCOL,True,True,True,False,True,False,True,True,SOVT_GLIDE,SOVT_GLIDE
0f26db696e8e,THROAT_EFFORT,VOCAL_FATIGUE,REGISTER_CONNECTION,REGISTER_CONNECTION,REGISTER_CONNECTION,REGISTER_CONNECTION,0.9565,EXPECTED_SHARED_PROTOCOL,True,True,True,False,True,False,True,True,SOVT_GLIDE,SOVT_GLIDE
0f26db696e8e,THROAT_EFFORT,AFTER_SINGING_FATIGUE,REGISTER_CONNECTION,REGISTER_CONNECTION,REGISTER_CONNECTION,REGISTER_CONNECTION,0.931,EXPECTED_SHARED_PROTOCOL,True,True,True,False,True,False,True,True,SOVT_GLIDE,SOVT_GLIDE
0f26db696e8e,THROAT_EFFORT,PITCH_UNSTABLE,REGISTER_CONNECTION,REGISTER_CONNECTION,REGISTER_CONNECTION,REGISTER_CONNECTION,0.9437,EXPECTED_SHARED_PROTOCOL,True,True,False,False,True,False,True,True,SOVT_GLIDE,SOVT_GLIDE
0f26db696e8e,THROAT_EFFORT,REGISTER_CONNECTION_DIFFICULT,REGISTER_CONNECTION,REGISTER_CONNECTION,REGISTER_CONNECTION,REGISTER_CONNECTION,0.9407,EXPECTED_SHARED_PROTOCOL,True,True,False,False,True,False,True,True,SOVT_GLIDE,SOVT_GLIDE
0f26db696e8e,LOUD_VOICE_DIFFICULT,VOCAL_FATIGUE,REGISTER_CONNECTION,REGISTER_CONNECTION,REGISTER_CONNECTION,REGISTER_CONNECTION,0.9351,EXPECTED_SHARED_PROTOCOL,True,True,True,False,True,False,True,True,SOVT_GLIDE,SOVT_GLIDE
0f26db696e8e,LOUD_VOICE_DIFFICULT,AFTER_SINGING_FATIGUE,REGISTER_CONNECTION,REGISTER_CONNECTION,REGISTER_CONNECTION,REGISTER_CONNECTION,0.9356,EXPECTED_SHARED_PROTOCOL,True,True,True,False,True,False,True,True,SOVT_GLIDE,SOVT_GLIDE
0f26db696e8e,LOUD_VOICE_DIFFICULT,PITCH_UNSTABLE,REGISTER_CONNECTION,REGISTER_CONNECTION,REGISTER_CONNECTION,REGISTER_CONNECTION,0.931,EXPECTED_SHARED_PROTOCOL,True,True,False,False,True,False,True,True,SOVT_GLIDE,SOVT_GLIDE
0f26db696e8e,LOUD_VOICE_DIFFICULT,REGISTER_CONNECTION_DIFFICULT,REGISTER_CONNECTION,REGISTER_CONNECTION,REGISTER_CONNECTION,REGISTER_CONNECTION,0.9114,EXPECTED_SHARED_PROTOCOL,True,True,False,False,True,False,True,True,SOVT_GLIDE,SOVT_GLIDE
0f26db696e8e,VOCAL_FATIGUE,AFTER_SINGING_FATIGUE,REGISTER_CONNECTION,REGISTER_CONNECTION,REGISTER_CONNECTION,REGISTER_CONNECTION,0.9569,EXPECTED_SHARED_PROTOCOL,True,True,True,False,True,False,True,True,SOVT_GLIDE,SOVT_GLIDE
0f26db696e8e,VOCAL_FATIGUE,PITCH_UNSTABLE,REGISTER_CONNECTION,REGISTER_CONNECTION,REGISTER_CONNECTION,REGISTER_CONNECTION,0.9524,EXPECTED_SHARED_PROTOCOL,True,True,False,False,True,False,True,True,SOVT_GLIDE,SOVT_GLIDE
0f26db696e8e,VOCAL_FATIGUE,REGISTER_CONNECTION_DIFFICULT,REGISTER_CONNECTION,REGISTER_CONNECTION,REGISTER_CONNECTION,REGISTER_CONNECTION,0.9237,EXPECTED_SHARED_PROTOCOL,True,True,False,False,True,False,True,True,SOVT_GLIDE,SOVT_GLIDE
0f26db696e8e,AFTER_SINGING_FATIGUE,PITCH_UNSTABLE,REGISTER_CONNECTION,REGISTER_CONNECTION,REGISTER_CONNECTION,REGISTER_CONNECTION,0.927,EXPECTED_SHARED_PROTOCOL,True,True,False,False,True,False,True,True,SOVT_GLIDE,SOVT_GLIDE
0f26db696e8e,AFTER_SINGING_FATIGUE,REGISTER_CONNECTION_DIFFICULT,REGISTER_CONNECTION,REGISTER_CONNECTION,REGISTER_CONNECTION,REGISTER_CONNECTION,0.916,EXPECTED_SHARED_PROTOCOL,True,True,False,False,True,False,True,True,SOVT_GLIDE,SOVT_GLIDE
0f26db696e8e,PITCH_UNSTABLE,REGISTER_CONNECTION_DIFFICULT,REGISTER_CONNECTION,REGISTER_CONNECTION,REGISTER_CONNECTION,REGISTER_CONNECTION,0.9367,EXPECTED_SHARED_PROTOCOL,True,True,True,False,True,False,True,True,SOVT_GLIDE,SOVT_GLIDE
10d07cc48c55,HIGH_NOTE_CANNOT_REACH,HIGH_NOTE_TOO_EFFORTFUL,REGISTER_CONNECTION,REGISTER_CONNECTION,REGISTER_CONNECTION,REGISTER_CONNECTION,0.9442,EXPECTED_SHARED_PROTOCOL,True,True,True,True,True,False,True,True,SOVT_GLIDE,SOVT_GLIDE
10d07cc48c55,HIGH_NOTE_CANNOT_REACH,HIGH_NOTE_FLIPS,REGISTER_CONNECTION,REGISTER_CONNECTION,REGISTER_CONNECTION,REGISTER_CONNECTION,0.9561,EXPECTED_SHARED_PROTOCOL,True,True,True,True,True,False,True,True,SOVT_GLIDE,SOVT_GLIDE
10d07cc48c55,HIGH_NOTE_CANNOT_REACH,HIGH_NOTE_UNSTABLE,REGISTER_CONNECTION,REGISTER_CONNECTION,REGISTER_CONNECTION,REGISTER_CONNECTION,0.9697,EXPECTED_SHARED_PROTOCOL,True,True,True,True,True,False,True,True,SOVT_GLIDE,SOVT_GLIDE
10d07cc48c55,HIGH_NOTE_CANNOT_REACH,THROAT_EFFORT,REGISTER_CONNECTION,REGISTER_CONNECTION,REGISTER_CONNECTION,REGISTER_CONNECTION,0.9391,EXPECTED_SHARED_PROTOCOL,True,True,True,False,True,False,True,True,SOVT_GLIDE,SOVT_GLIDE
10d07cc48c55,HIGH_NOTE_CANNOT_REACH,LOUD_VOICE_DIFFICULT,REGISTER_CONNECTION,REGISTER_CONNECTION,REGISTER_CONNECTION,REGISTER_CONNECTION,0.9524,EXPECTED_SHARED_PROTOCOL,True,True,True,False,True,False,True,True,SOVT_GLIDE,SOVT_GLIDE
10d07cc48c55,HIGH_NOTE_CANNOT_REACH,VOCAL_FATIGUE,REGISTER_CONNECTION,REGISTER_CONNECTION,REGISTER_CONNECTION,REGISTER_CONNECTION,0.9391,EXPECTED_SHARED_PROTOCOL,True,True,True,False,True,False,True,True,SOVT_GLIDE,SOVT_GLIDE
10d07cc48c55,HIGH_NOTE_CANNOT_REACH,AFTER_SINGING_FATIGUE,REGISTER_CONNECTION,REGISTER_CONNECTION,REGISTER_CONNECTION,REGISTER_CONNECTION,0.9397,EXPECTED_SHARED_PROTOCOL,True,True,True,False,True,False,True,True,SOVT_GLIDE,SOVT_GLIDE
10d07cc48c55,HIGH_NOTE_CANNOT_REACH,PITCH_UNSTABLE,REGISTER_CONNECTION,REGISTER_CONNECTION,REGISTER_CONNECTION,REGISTER_CONNECTION,0.9437,EXPECTED_SHARED_PROTOCOL,True,True,False,False,True,False,True,True,SOVT_GLIDE,SOVT_GLIDE
10d07cc48c55,HIGH_NOTE_CANNOT_REACH,REGISTER_CONNECTION_DIFFICULT,REGISTER_CONNECTION,REGISTER_CONNECTION,REGISTER_CONNECTION,REGISTER_CONNECTION,0.9407,EXPECTED_SHARED_PROTOCOL,True,True,False,False,True,False,True,True,SOVT_GLIDE,SOVT_GLIDE
10d07cc48c55,HIGH_NOTE_TOO_EFFORTFUL,HIGH_NOTE_FLIPS,REGISTER_CONNECTION,REGISTER_CONNECTION,REGISTER_CONNECTION,REGISTER_CONNECTION,0.9437,EXPECTED_SHARED_PROTOCOL,True,True,True,True,True,False,True,True,SOVT_GLIDE,SOVT_GLIDE
10d07cc48c55,HIGH_NOTE_TOO_EFFORTFUL,HIGH_NOTE_UNSTABLE,REGISTER_CONNECTION,REGISTER_CONNECTION,REGISTER_CONNECTION,REGISTER_CONNECTION,0.9487,EXPECTED_SHARED_PROTOCOL,True,True,True,True,True,False,True,True,SOVT_GLIDE,SOVT_GLIDE
10d07cc48c55,HIGH_NOTE_TOO_EFFORTFUL,THROAT_EFFORT,REGISTER_CONNECTION,REGISTER_CONNECTION,REGISTER_CONNECTION,REGISTER_CONNECTION,0.9356,EXPECTED_SHARED_PROTOCOL,True,True,True,False,True,False,True,True,SOVT_GLIDE,SOVT_GLIDE
10d07cc48c55,HIGH_NOTE_TOO_EFFORTFUL,LOUD_VOICE_DIFFICULT,REGISTER_CONNECTION,REGISTER_CONNECTION,REGISTER_CONNECTION,REGISTER_CONNECTION,0.9316,EXPECTED_SHARED_PROTOCOL,True,True,True,False,True,False,True,True,SOVT_GLIDE,SOVT_GLIDE
10d07cc48c55,HIGH_NOTE_TOO_EFFORTFUL,VOCAL_FATIGUE,REGISTER_CONNECTION,REGISTER_CONNECTION,REGISTER_CONNECTION,REGISTER_CONNECTION,0.9442,EXPECTED_SHARED_PROTOCOL,True,True,True,False,True,False,True,True,SOVT_GLIDE,SOVT_GLIDE
10d07cc48c55,HIGH_NOTE_TOO_EFFORTFUL,AFTER_SINGING_FATIGUE,REGISTER_CONNECTION,REGISTER_CONNECTION,REGISTER_CONNECTION,REGISTER_CONNECTION,0.9277,EXPECTED_SHARED_PROTOCOL,True,True,True,False,True,False,True,True,SOVT_GLIDE,SOVT_GLIDE
10d07cc48c55,HIGH_NOTE_TOO_EFFORTFUL,PITCH_UNSTABLE,REGISTER_CONNECTION,REGISTER_CONNECTION,REGISTER_CONNECTION,REGISTER_CONNECTION,0.9487,EXPECTED_SHARED_PROTOCOL,True,True,False,False,True,False,True,True,SOVT_GLIDE,SOVT_GLIDE
10d07cc48c55,HIGH_NOTE_TOO_EFFORTFUL,REGISTER_CONNECTION_DIFFICULT,REGISTER_CONNECTION,REGISTER_CONNECTION,REGISTER_CONNECTION,REGISTER_CONNECTION,0.9372,EXPECTED_SHARED_PROTOCOL,True,True,False,False,True,False,True,True,SOVT_GLIDE,SOVT_GLIDE
10d07cc48c55,HIGH_NOTE_FLIPS,HIGH_NOTE_UNSTABLE,REGISTER_CONNECTION,REGISTER_CONNECTION,REGISTER_CONNECTION,REGISTER_CONNECTION,0.9607,EXPECTED_SHARED_PROTOCOL,True,True,True,True,True,False,True,True,SOVT_GLIDE,SOVT_GLIDE
10d07cc48c55,HIGH_NOTE_FLIPS,THROAT_EFFORT,REGISTER_CONNECTION,REGISTER_CONNECTION,REGISTER_CONNECTION,REGISTER_CONNECTION,0.9386,EXPECTED_SHARED_PROTOCOL,True,True,True,False,True,False,True,True,SOVT_GLIDE,SOVT_GLIDE
10d07cc48c55,HIGH_NOTE_FLIPS,LOUD_VOICE_DIFFICULT,REGISTER_CONNECTION,REGISTER_CONNECTION,REGISTER_CONNECTION,REGISTER_CONNECTION,0.9432,EXPECTED_SHARED_PROTOCOL,True,True,True,False,True,False,True,True,SOVT_GLIDE,SOVT_GLIDE
10d07cc48c55,HIGH_NOTE_FLIPS,VOCAL_FATIGUE,REGISTER_CONNECTION,REGISTER_CONNECTION,REGISTER_CONNECTION,REGISTER_CONNECTION,0.9474,EXPECTED_SHARED_PROTOCOL,True,True,True,False,True,False,True,True,SOVT_GLIDE,SOVT_GLIDE
10d07cc48c55,HIGH_NOTE_FLIPS,AFTER_SINGING_FATIGUE,REGISTER_CONNECTION,REGISTER_CONNECTION,REGISTER_CONNECTION,REGISTER_CONNECTION,0.9565,EXPECTED_SHARED_PROTOCOL,True,True,True,False,True,False,True,True,SOVT_GLIDE,SOVT_GLIDE
10d07cc48c55,HIGH_NOTE_FLIPS,PITCH_UNSTABLE,REGISTER_CONNECTION,REGISTER_CONNECTION,REGISTER_CONNECTION,REGISTER_CONNECTION,0.952,EXPECTED_SHARED_PROTOCOL,True,True,False,False,True,False,True,True,SOVT_GLIDE,SOVT_GLIDE
10d07cc48c55,HIGH_NOTE_FLIPS,REGISTER_CONNECTION_DIFFICULT,REGISTER_CONNECTION,REGISTER_CONNECTION,REGISTER_CONNECTION,REGISTER_CONNECTION,0.9231,EXPECTED_SHARED_PROTOCOL,True,True,False,False,True,False,True,True,SOVT_GLIDE,SOVT_GLIDE
10d07cc48c55,HIGH_NOTE_UNSTABLE,THROAT_EFFORT,REGISTER_CONNECTION,REGISTER_CONNECTION,REGISTER_CONNECTION,REGISTER_CONNECTION,0.9351,EXPECTED_SHARED_PROTOCOL,True,True,True,False,True,False,True,True,SOVT_GLIDE,SOVT_GLIDE
10d07cc48c55,HIGH_NOTE_UNSTABLE,LOUD_VOICE_DIFFICULT,REGISTER_CONNECTION,REGISTER_CONNECTION,REGISTER_CONNECTION,REGISTER_CONNECTION,0.9397,EXPECTED_SHARED_PROTOCOL,True,True,True,False,True,False,True,True,SOVT_GLIDE,SOVT_GLIDE
10d07cc48c55,HIGH_NOTE_UNSTABLE,VOCAL_FATIGUE,REGISTER_CONNECTION,REGISTER_CONNECTION,REGISTER_CONNECTION,REGISTER_CONNECTION,0.9351,EXPECTED_SHARED_PROTOCOL,True,True,True,False,True,False,True,True,SOVT_GLIDE,SOVT_GLIDE
10d07cc48c55,HIGH_NOTE_UNSTABLE,AFTER_SINGING_FATIGUE,REGISTER_CONNECTION,REGISTER_CONNECTION,REGISTER_CONNECTION,REGISTER_CONNECTION,0.9442,EXPECTED_SHARED_PROTOCOL,True,True,True,False,True,False,True,True,SOVT_GLIDE,SOVT_GLIDE
10d07cc48c55,HIGH_NOTE_UNSTABLE,PITCH_UNSTABLE,REGISTER_CONNECTION,REGISTER_CONNECTION,REGISTER_CONNECTION,REGISTER_CONNECTION,0.9483,EXPECTED_SHARED_PROTOCOL,True,True,False,False,True,False,True,True,SOVT_GLIDE,SOVT_GLIDE
10d07cc48c55,HIGH_NOTE_UNSTABLE,REGISTER_CONNECTION_DIFFICULT,REGISTER_CONNECTION,REGISTER_CONNECTION,REGISTER_CONNECTION,REGISTER_CONNECTION,0.9367,EXPECTED_SHARED_PROTOCOL,True,True,False,False,True,False,True,True,SOVT_GLIDE,SOVT_GLIDE
10d07cc48c55,THROAT_EFFORT,LOUD_VOICE_DIFFICULT,REGISTER_CONNECTION,REGISTER_CONNECTION,REGISTER_CONNECTION,REGISTER_CONNECTION,0.9351,EXPECTED_SHARED_PROTOCOL,True,True,True,False,True,False,True,True,SOVT_GLIDE,SOVT_GLIDE
10d07cc48c55,THROAT_EFFORT,VOCAL_FATIGUE,REGISTER_CONNECTION,REGISTER_CONNECTION,REGISTER_CONNECTION,REGISTER_CONNECTION,0.9565,EXPECTED_SHARED_PROTOCOL,True,True,True,False,True,False,True,True,SOVT_GLIDE,SOVT_GLIDE
10d07cc48c55,THROAT_EFFORT,AFTER_SINGING_FATIGUE,REGISTER_CONNECTION,REGISTER_CONNECTION,REGISTER_CONNECTION,REGISTER_CONNECTION,0.931,EXPECTED_SHARED_PROTOCOL,True,True,True,False,True,False,True,True,SOVT_GLIDE,SOVT_GLIDE
10d07cc48c55,THROAT_EFFORT,PITCH_UNSTABLE,REGISTER_CONNECTION,REGISTER_CONNECTION,REGISTER_CONNECTION,REGISTER_CONNECTION,0.9437,EXPECTED_SHARED_PROTOCOL,True,True,False,False,True,False,True,True,SOVT_GLIDE,SOVT_GLIDE
10d07cc48c55,THROAT_EFFORT,REGISTER_CONNECTION_DIFFICULT,REGISTER_CONNECTION,REGISTER_CONNECTION,REGISTER_CONNECTION,REGISTER_CONNECTION,0.9407,EXPECTED_SHARED_PROTOCOL,True,True,False,False,True,False,True,True,SOVT_GLIDE,SOVT_GLIDE
10d07cc48c55,LOUD_VOICE_DIFFICULT,VOCAL_FATIGUE,REGISTER_CONNECTION,REGISTER_CONNECTION,REGISTER_CONNECTION,REGISTER_CONNECTION,0.9351,EXPECTED_SHARED_PROTOCOL,True,True,True,False,True,False,True,True,SOVT_GLIDE,SOVT_GLIDE
10d07cc48c55,LOUD_VOICE_DIFFICULT,AFTER_SINGING_FATIGUE,REGISTER_CONNECTION,REGISTER_CONNECTION,REGISTER_CONNECTION,REGISTER_CONNECTION,0.9356,EXPECTED_SHARED_PROTOCOL,True,True,True,False,True,False,True,True,SOVT_GLIDE,SOVT_GLIDE
10d07cc48c55,LOUD_VOICE_DIFFICULT,PITCH_UNSTABLE,REGISTER_CONNECTION,REGISTER_CONNECTION,REGISTER_CONNECTION,REGISTER_CONNECTION,0.931,EXPECTED_SHARED_PROTOCOL,True,True,False,False,True,False,True,True,SOVT_GLIDE,SOVT_GLIDE
10d07cc48c55,LOUD_VOICE_DIFFICULT,REGISTER_CONNECTION_DIFFICULT,REGISTER_CONNECTION,REGISTER_CONNECTION,REGISTER_CONNECTION,REGISTER_CONNECTION,0.9114,EXPECTED_SHARED_PROTOCOL,True,True,False,False,True,False,True,True,SOVT_GLIDE,SOVT_GLIDE
10d07cc48c55,VOCAL_FATIGUE,AFTER_SINGING_FATIGUE,REGISTER_CONNECTION,REGISTER_CONNECTION,REGISTER_CONNECTION,REGISTER_CONNECTION,0.9569,EXPECTED_SHARED_PROTOCOL,True,True,True,False,True,False,True,True,SOVT_GLIDE,SOVT_GLIDE
10d07cc48c55,VOCAL_FATIGUE,PITCH_UNSTABLE,REGISTER_CONNECTION,REGISTER_CONNECTION,REGISTER_CONNECTION,REGISTER_CONNECTION,0.9524,EXPECTED_SHARED_PROTOCOL,True,True,False,False,True,False,True,True,SOVT_GLIDE,SOVT_GLIDE
10d07cc48c55,VOCAL_FATIGUE,REGISTER_CONNECTION_DIFFICULT,REGISTER_CONNECTION,REGISTER_CONNECTION,REGISTER_CONNECTION,REGISTER_CONNECTION,0.9237,EXPECTED_SHARED_PROTOCOL,True,True,False,False,True,False,True,True,SOVT_GLIDE,SOVT_GLIDE
10d07cc48c55,AFTER_SINGING_FATIGUE,PITCH_UNSTABLE,REGISTER_CONNECTION,REGISTER_CONNECTION,REGISTER_CONNECTION,REGISTER_CONNECTION,0.927,EXPECTED_SHARED_PROTOCOL,True,True,False,False,True,False,True,True,SOVT_GLIDE,SOVT_GLIDE
10d07cc48c55,AFTER_SINGING_FATIGUE,REGISTER_CONNECTION_DIFFICULT,REGISTER_CONNECTION,REGISTER_CONNECTION,REGISTER_CONNECTION,REGISTER_CONNECTION,0.916,EXPECTED_SHARED_PROTOCOL,True,True,False,False,True,False,True,True,SOVT_GLIDE,SOVT_GLIDE
10d07cc48c55,PITCH_UNSTABLE,REGISTER_CONNECTION_DIFFICULT,REGISTER_CONNECTION,REGISTER_CONNECTION,REGISTER_CONNECTION,REGISTER_CONNECTION,0.9367,EXPECTED_SHARED_PROTOCOL,True,True,True,False,True,False,True,True,SOVT_GLIDE,SOVT_GLIDE
1387ae324719,HIGH_NOTE_CANNOT_REACH,HIGH_NOTE_FLIPS,REGISTER_CONNECTION,REGISTER_CONNECTION,REGISTER_CONNECTION,REGISTER_CONNECTION,0.9561,EXPECTED_SHARED_PROTOCOL,True,True,True,True,True,False,True,True,SOVT_GLIDE,SOVT_GLIDE
1387ae324719,HIGH_NOTE_CANNOT_REACH,REGISTER_CONNECTION_DIFFICULT,REGISTER_CONNECTION,REGISTER_CONNECTION,REGISTER_CONNECTION,REGISTER_CONNECTION,0.9407,EXPECTED_SHARED_PROTOCOL,True,True,False,False,True,False,True,True,SOVT_GLIDE,SOVT_GLIDE
1387ae324719,HIGH_NOTE_TOO_EFFORTFUL,HIGH_NOTE_UNSTABLE,EFFORT,EFFORT,EFFORT,EFFORT,0.92,EXPECTED_SHARED_PROTOCOL,True,True,True,True,True,False,True,True,SAFETY_REST,SAFETY_REST
1387ae324719,HIGH_NOTE_TOO_EFFORTFUL,THROAT_EFFORT,EFFORT,EFFORT,EFFORT,EFFORT,0.8993,EXPECTED_SHARED_PROTOCOL,True,True,True,False,True,False,True,True,SAFETY_REST,SAFETY_REST
1387ae324719,HIGH_NOTE_TOO_EFFORTFUL,LOUD_VOICE_DIFFICULT,EFFORT,EFFORT,EFFORT,EFFORT,0.8933,EXPECTED_SHARED_PROTOCOL,True,True,True,False,True,False,True,True,SAFETY_REST,SAFETY_REST
1387ae324719,HIGH_NOTE_TOO_EFFORTFUL,VOCAL_FATIGUE,EFFORT,EFFORT,EFFORT,EFFORT,0.9128,EXPECTED_SHARED_PROTOCOL,True,True,True,False,True,False,True,True,SAFETY_REST,SAFETY_REST
1387ae324719,HIGH_NOTE_TOO_EFFORTFUL,AFTER_SINGING_FATIGUE,EFFORT,EFFORT,EFFORT,EFFORT,0.8874,EXPECTED_SHARED_PROTOCOL,True,True,True,False,True,False,True,True,SAFETY_REST,SAFETY_REST
1387ae324719,HIGH_NOTE_TOO_EFFORTFUL,PITCH_UNSTABLE,EFFORT,EFFORT,EFFORT,EFFORT,0.92,EXPECTED_SHARED_PROTOCOL,True,True,False,False,True,False,True,True,SAFETY_REST,SAFETY_REST
1387ae324719,HIGH_NOTE_FLIPS,REGISTER_CONNECTION_DIFFICULT,REGISTER_CONNECTION,REGISTER_CONNECTION,REGISTER_CONNECTION,REGISTER_CONNECTION,0.9231,EXPECTED_SHARED_PROTOCOL,True,True,False,False,True,False,True,True,SOVT_GLIDE,SOVT_GLIDE
1387ae324719,HIGH_NOTE_UNSTABLE,THROAT_EFFORT,EFFORT,EFFORT,EFFORT,EFFORT,0.898,EXPECTED_SHARED_PROTOCOL,True,True,True,False,True,False,True,True,SAFETY_REST,SAFETY_REST
1387ae324719,HIGH_NOTE_UNSTABLE,LOUD_VOICE_DIFFICULT,EFFORT,EFFORT,EFFORT,EFFORT,0.9054,EXPECTED_SHARED_PROTOCOL,True,True,True,False,True,False,True,True,SAFETY_REST,SAFETY_REST
1387ae324719,HIGH_NOTE_UNSTABLE,VOCAL_FATIGUE,EFFORT,EFFORT,EFFORT,EFFORT,0.898,EXPECTED_SHARED_PROTOCOL,True,True,True,False,True,False,True,True,SAFETY_REST,SAFETY_REST
1387ae324719,HIGH_NOTE_UNSTABLE,AFTER_SINGING_FATIGUE,EFFORT,EFFORT,EFFORT,EFFORT,0.9128,EXPECTED_SHARED_PROTOCOL,True,True,True,False,True,False,True,True,SAFETY_REST,SAFETY_REST
1387ae324719,HIGH_NOTE_UNSTABLE,PITCH_UNSTABLE,EFFORT,EFFORT,EFFORT,EFFORT,0.9189,EXPECTED_SHARED_PROTOCOL,True,True,False,False,True,False,True,True,SAFETY_REST,SAFETY_REST
1387ae324719,THROAT_EFFORT,LOUD_VOICE_DIFFICULT,EFFORT,EFFORT,EFFORT,EFFORT,0.898,EXPECTED_SHARED_PROTOCOL,True,True,True,False,True,False,True,True,SAFETY_REST,SAFETY_REST
1387ae324719,THROAT_EFFORT,VOCAL_FATIGUE,EFFORT,EFFORT,EFFORT,EFFORT,0.9315,EXPECTED_SHARED_PROTOCOL,True,True,True,False,True,False,True,True,SAFETY_REST,SAFETY_REST
1387ae324719,THROAT_EFFORT,AFTER_SINGING_FATIGUE,EFFORT,EFFORT,EFFORT,EFFORT,0.8919,EXPECTED_SHARED_PROTOCOL,True,True,True,False,True,False,True,True,SAFETY_REST,SAFETY_REST
1387ae324719,THROAT_EFFORT,PITCH_UNSTABLE,EFFORT,EFFORT,EFFORT,EFFORT,0.9116,EXPECTED_SHARED_PROTOCOL,True,True,False,False,True,False,True,True,SAFETY_REST,SAFETY_REST
1387ae324719,LOUD_VOICE_DIFFICULT,VOCAL_FATIGUE,EFFORT,EFFORT,EFFORT,EFFORT,0.898,EXPECTED_SHARED_PROTOCOL,True,True,True,False,True,False,True,True,SAFETY_REST,SAFETY_REST
1387ae324719,LOUD_VOICE_DIFFICULT,AFTER_SINGING_FATIGUE,EFFORT,EFFORT,EFFORT,EFFORT,0.8993,EXPECTED_SHARED_PROTOCOL,True,True,True,False,True,False,True,True,SAFETY_REST,SAFETY_REST
1387ae324719,LOUD_VOICE_DIFFICULT,PITCH_UNSTABLE,EFFORT,EFFORT,EFFORT,EFFORT,0.8919,EXPECTED_SHARED_PROTOCOL,True,True,False,False,True,False,True,True,SAFETY_REST,SAFETY_REST
1387ae324719,VOCAL_FATIGUE,AFTER_SINGING_FATIGUE,EFFORT,EFFORT,EFFORT,EFFORT,0.9324,EXPECTED_SHARED_PROTOCOL,True,True,True,False,True,False,True,True,SAFETY_REST,SAFETY_REST
1387ae324719,VOCAL_FATIGUE,PITCH_UNSTABLE,EFFORT,EFFORT,EFFORT,EFFORT,0.9252,EXPECTED_SHARED_PROTOCOL,True,True,False,False,True,False,True,True,SAFETY_REST,SAFETY_REST
1387ae324719,AFTER_SINGING_FATIGUE,PITCH_UNSTABLE,EFFORT,EFFORT,EFFORT,EFFORT,0.8859,EXPECTED_SHARED_PROTOCOL,True,True,False,False,True,False,True,True,SAFETY_REST,SAFETY_REST
1387ae324719,VOICE_TOO_THIN,VOICE_TOO_DARK_MUFFLED,PRESENCE,PRESENCE,PRESENCE,PRESENCE,0.9005,EXPECTED_SHARED_PROTOCOL,True,True,True,True,True,False,True,True,VOWEL_CONNECT,VOWEL_CONNECT
15f8e161f598,HIGH_NOTE_CANNOT_REACH,HIGH_NOTE_TOO_EFFORTFUL,REGISTER_CONNECTION,REGISTER_CONNECTION,REGISTER_CONNECTION,REGISTER_CONNECTION,0.9442,EXPECTED_SHARED_PROTOCOL,True,True,True,True,True,False,True,True,SOVT_GLIDE,SOVT_GLIDE
15f8e161f598,HIGH_NOTE_CANNOT_REACH,HIGH_NOTE_FLIPS,REGISTER_CONNECTION,REGISTER_CONNECTION,REGISTER_CONNECTION,REGISTER_CONNECTION,0.9561,EXPECTED_SHARED_PROTOCOL,True,True,True,True,True,False,True,True,SOVT_GLIDE,SOVT_GLIDE
15f8e161f598,HIGH_NOTE_CANNOT_REACH,HIGH_NOTE_UNSTABLE,REGISTER_CONNECTION,REGISTER_CONNECTION,REGISTER_CONNECTION,REGISTER_CONNECTION,0.9697,EXPECTED_SHARED_PROTOCOL,True,True,True,True,True,False,True,True,SOVT_GLIDE,SOVT_GLIDE
15f8e161f598,HIGH_NOTE_CANNOT_REACH,THROAT_EFFORT,REGISTER_CONNECTION,REGISTER_CONNECTION,REGISTER_CONNECTION,REGISTER_CONNECTION,0.9391,EXPECTED_SHARED_PROTOCOL,True,True,True,False,True,False,True,True,SOVT_GLIDE,SOVT_GLIDE
15f8e161f598,HIGH_NOTE_CANNOT_REACH,LOUD_VOICE_DIFFICULT,REGISTER_CONNECTION,REGISTER_CONNECTION,REGISTER_CONNECTION,REGISTER_CONNECTION,0.9524,EXPECTED_SHARED_PROTOCOL,True,True,True,False,True,False,True,True,SOVT_GLIDE,SOVT_GLIDE
15f8e161f598,HIGH_NOTE_CANNOT_REACH,VOCAL_FATIGUE,REGISTER_CONNECTION,REGISTER_CONNECTION,REGISTER_CONNECTION,REGISTER_CONNECTION,0.9391,EXPECTED_SHARED_PROTOCOL,True,True,True,False,True,False,True,True,SOVT_GLIDE,SOVT_GLIDE
15f8e161f598,HIGH_NOTE_CANNOT_REACH,AFTER_SINGING_FATIGUE,REGISTER_CONNECTION,REGISTER_CONNECTION,REGISTER_CONNECTION,REGISTER_CONNECTION,0.9397,EXPECTED_SHARED_PROTOCOL,True,True,True,False,True,False,True,True,SOVT_GLIDE,SOVT_GLIDE
15f8e161f598,HIGH_NOTE_CANNOT_REACH,PITCH_UNSTABLE,REGISTER_CONNECTION,REGISTER_CONNECTION,REGISTER_CONNECTION,REGISTER_CONNECTION,0.9437,EXPECTED_SHARED_PROTOCOL,True,True,False,False,True,False,True,True,SOVT_GLIDE,SOVT_GLIDE
15f8e161f598,HIGH_NOTE_CANNOT_REACH,REGISTER_CONNECTION_DIFFICULT,REGISTER_CONNECTION,REGISTER_CONNECTION,REGISTER_CONNECTION,REGISTER_CONNECTION,0.9407,EXPECTED_SHARED_PROTOCOL,True,True,False,False,True,False,True,True,SOVT_GLIDE,SOVT_GLIDE
15f8e161f598,HIGH_NOTE_TOO_EFFORTFUL,HIGH_NOTE_FLIPS,REGISTER_CONNECTION,REGISTER_CONNECTION,REGISTER_CONNECTION,REGISTER_CONNECTION,0.9437,EXPECTED_SHARED_PROTOCOL,True,True,True,True,True,False,True,True,SOVT_GLIDE,SOVT_GLIDE
15f8e161f598,HIGH_NOTE_TOO_EFFORTFUL,HIGH_NOTE_UNSTABLE,REGISTER_CONNECTION,REGISTER_CONNECTION,REGISTER_CONNECTION,REGISTER_CONNECTION,0.9487,EXPECTED_SHARED_PROTOCOL,True,True,True,True,True,False,True,True,SOVT_GLIDE,SOVT_GLIDE
15f8e161f598,HIGH_NOTE_TOO_EFFORTFUL,THROAT_EFFORT,REGISTER_CONNECTION,REGISTER_CONNECTION,REGISTER_CONNECTION,REGISTER_CONNECTION,0.9356,EXPECTED_SHARED_PROTOCOL,True,True,True,False,True,False,True,True,SOVT_GLIDE,SOVT_GLIDE
15f8e161f598,HIGH_NOTE_TOO_EFFORTFUL,LOUD_VOICE_DIFFICULT,REGISTER_CONNECTION,REGISTER_CONNECTION,REGISTER_CONNECTION,REGISTER_CONNECTION,0.9316,EXPECTED_SHARED_PROTOCOL,True,True,True,False,True,False,True,True,SOVT_GLIDE,SOVT_GLIDE
15f8e161f598,HIGH_NOTE_TOO_EFFORTFUL,VOCAL_FATIGUE,REGISTER_CONNECTION,REGISTER_CONNECTION,REGISTER_CONNECTION,REGISTER_CONNECTION,0.9442,EXPECTED_SHARED_PROTOCOL,True,True,True,False,True,False,True,True,SOVT_GLIDE,SOVT_GLIDE
15f8e161f598,HIGH_NOTE_TOO_EFFORTFUL,AFTER_SINGING_FATIGUE,REGISTER_CONNECTION,REGISTER_CONNECTION,REGISTER_CONNECTION,REGISTER_CONNECTION,0.9277,EXPECTED_SHARED_PROTOCOL,True,True,True,False,True,False,True,True,SOVT_GLIDE,SOVT_GLIDE
15f8e161f598,HIGH_NOTE_TOO_EFFORTFUL,PITCH_UNSTABLE,REGISTER_CONNECTION,REGISTER_CONNECTION,REGISTER_CONNECTION,REGISTER_CONNECTION,0.9487,EXPECTED_SHARED_PROTOCOL,True,True,False,False,True,False,True,True,SOVT_GLIDE,SOVT_GLIDE
15f8e161f598,HIGH_NOTE_TOO_EFFORTFUL,REGISTER_CONNECTION_DIFFICULT,REGISTER_CONNECTION,REGISTER_CONNECTION,REGISTER_CONNECTION,REGISTER_CONNECTION,0.9372,EXPECTED_SHARED_PROTOCOL,True,True,False,False,True,False,True,True,SOVT_GLIDE,SOVT_GLIDE
15f8e161f598,HIGH_NOTE_FLIPS,HIGH_NOTE_UNSTABLE,REGISTER_CONNECTION,REGISTER_CONNECTION,REGISTER_CONNECTION,REGISTER_CONNECTION,0.9607,EXPECTED_SHARED_PROTOCOL,True,True,True,True,True,False,True,True,SOVT_GLIDE,SOVT_GLIDE
15f8e161f598,HIGH_NOTE_FLIPS,THROAT_EFFORT,REGISTER_CONNECTION,REGISTER_CONNECTION,REGISTER_CONNECTION,REGISTER_CONNECTION,0.9386,EXPECTED_SHARED_PROTOCOL,True,True,True,False,True,False,True,True,SOVT_GLIDE,SOVT_GLIDE
15f8e161f598,HIGH_NOTE_FLIPS,LOUD_VOICE_DIFFICULT,REGISTER_CONNECTION,REGISTER_CONNECTION,REGISTER_CONNECTION,REGISTER_CONNECTION,0.9432,EXPECTED_SHARED_PROTOCOL,True,True,True,False,True,False,True,True,SOVT_GLIDE,SOVT_GLIDE
15f8e161f598,HIGH_NOTE_FLIPS,VOCAL_FATIGUE,REGISTER_CONNECTION,REGISTER_CONNECTION,REGISTER_CONNECTION,REGISTER_CONNECTION,0.9474,EXPECTED_SHARED_PROTOCOL,True,True,True,False,True,False,True,True,SOVT_GLIDE,SOVT_GLIDE
15f8e161f598,HIGH_NOTE_FLIPS,AFTER_SINGING_FATIGUE,REGISTER_CONNECTION,REGISTER_CONNECTION,REGISTER_CONNECTION,REGISTER_CONNECTION,0.9565,EXPECTED_SHARED_PROTOCOL,True,True,True,False,True,False,True,True,SOVT_GLIDE,SOVT_GLIDE
15f8e161f598,HIGH_NOTE_FLIPS,PITCH_UNSTABLE,REGISTER_CONNECTION,REGISTER_CONNECTION,REGISTER_CONNECTION,REGISTER_CONNECTION,0.952,EXPECTED_SHARED_PROTOCOL,True,True,False,False,True,False,True,True,SOVT_GLIDE,SOVT_GLIDE
15f8e161f598,HIGH_NOTE_FLIPS,REGISTER_CONNECTION_DIFFICULT,REGISTER_CONNECTION,REGISTER_CONNECTION,REGISTER_CONNECTION,REGISTER_CONNECTION,0.9231,EXPECTED_SHARED_PROTOCOL,True,True,False,False,True,False,True,True,SOVT_GLIDE,SOVT_GLIDE
15f8e161f598,HIGH_NOTE_THINS,VOICE_TOO_THIN,REGISTER_CONNECTION,REGISTER_CONNECTION,REGISTER_CONNECTION,REGISTER_CONNECTION,0.9479,EXPECTED_SHARED_PROTOCOL,True,True,True,False,True,False,True,True,SOVT_GLIDE,SOVT_GLIDE
15f8e161f598,HIGH_NOTE_THINS,TIMBRE_CHANGES_HIGH,REGISTER_CONNECTION,REGISTER_CONNECTION,REGISTER_CONNECTION,REGISTER_CONNECTION,0.9246,EXPECTED_SHARED_PROTOCOL,True,True,True,False,True,False,True,True,SOVT_GLIDE,SOVT_GLIDE
15f8e161f598,HIGH_NOTE_UNSTABLE,THROAT_EFFORT,REGISTER_CONNECTION,REGISTER_CONNECTION,REGISTER_CONNECTION,REGISTER_CONNECTION,0.9351,EXPECTED_SHARED_PROTOCOL,True,True,True,False,True,False,True,True,SOVT_GLIDE,SOVT_GLIDE
15f8e161f598,HIGH_NOTE_UNSTABLE,LOUD_VOICE_DIFFICULT,REGISTER_CONNECTION,REGISTER_CONNECTION,REGISTER_CONNECTION,REGISTER_CONNECTION,0.9397,EXPECTED_SHARED_PROTOCOL,True,True,True,False,True,False,True,True,SOVT_GLIDE,SOVT_GLIDE
15f8e161f598,HIGH_NOTE_UNSTABLE,VOCAL_FATIGUE,REGISTER_CONNECTION,REGISTER_CONNECTION,REGISTER_CONNECTION,REGISTER_CONNECTION,0.9351,EXPECTED_SHARED_PROTOCOL,True,True,True,False,True,False,True,True,SOVT_GLIDE,SOVT_GLIDE
15f8e161f598,HIGH_NOTE_UNSTABLE,AFTER_SINGING_FATIGUE,REGISTER_CONNECTION,REGISTER_CONNECTION,REGISTER_CONNECTION,REGISTER_CONNECTION,0.9442,EXPECTED_SHARED_PROTOCOL,True,True,True,False,True,False,True,True,SOVT_GLIDE,SOVT_GLIDE
15f8e161f598,HIGH_NOTE_UNSTABLE,PITCH_UNSTABLE,REGISTER_CONNECTION,REGISTER_CONNECTION,REGISTER_CONNECTION,REGISTER_CONNECTION,0.9483,EXPECTED_SHARED_PROTOCOL,True,True,False,False,True,False,True,True,SOVT_GLIDE,SOVT_GLIDE
15f8e161f598,HIGH_NOTE_UNSTABLE,REGISTER_CONNECTION_DIFFICULT,REGISTER_CONNECTION,REGISTER_CONNECTION,REGISTER_CONNECTION,REGISTER_CONNECTION,0.9367,EXPECTED_SHARED_PROTOCOL,True,True,False,False,True,False,True,True,SOVT_GLIDE,SOVT_GLIDE
15f8e161f598,THROAT_EFFORT,LOUD_VOICE_DIFFICULT,REGISTER_CONNECTION,REGISTER_CONNECTION,REGISTER_CONNECTION,REGISTER_CONNECTION,0.9351,EXPECTED_SHARED_PROTOCOL,True,True,True,False,True,False,True,True,SOVT_GLIDE,SOVT_GLIDE
15f8e161f598,THROAT_EFFORT,VOCAL_FATIGUE,REGISTER_CONNECTION,REGISTER_CONNECTION,REGISTER_CONNECTION,REGISTER_CONNECTION,0.9565,EXPECTED_SHARED_PROTOCOL,True,True,True,False,True,False,True,True,SOVT_GLIDE,SOVT_GLIDE
15f8e161f598,THROAT_EFFORT,AFTER_SINGING_FATIGUE,REGISTER_CONNECTION,REGISTER_CONNECTION,REGISTER_CONNECTION,REGISTER_CONNECTION,0.931,EXPECTED_SHARED_PROTOCOL,True,True,True,False,True,False,True,True,SOVT_GLIDE,SOVT_GLIDE
15f8e161f598,THROAT_EFFORT,PITCH_UNSTABLE,REGISTER_CONNECTION,REGISTER_CONNECTION,REGISTER_CONNECTION,REGISTER_CONNECTION,0.9437,EXPECTED_SHARED_PROTOCOL,True,True,False,False,True,False,True,True,SOVT_GLIDE,SOVT_GLIDE
15f8e161f598,THROAT_EFFORT,REGISTER_CONNECTION_DIFFICULT,REGISTER_CONNECTION,REGISTER_CONNECTION,REGISTER_CONNECTION,REGISTER_CONNECTION,0.9407,EXPECTED_SHARED_PROTOCOL,True,True,False,False,True,False,True,True,SOVT_GLIDE,SOVT_GLIDE
15f8e161f598,LOUD_VOICE_DIFFICULT,VOCAL_FATIGUE,REGISTER_CONNECTION,REGISTER_CONNECTION,REGISTER_CONNECTION,REGISTER_CONNECTION,0.9351,EXPECTED_SHARED_PROTOCOL,True,True,True,False,True,False,True,True,SOVT_GLIDE,SOVT_GLIDE
15f8e161f598,LOUD_VOICE_DIFFICULT,AFTER_SINGING_FATIGUE,REGISTER_CONNECTION,REGISTER_CONNECTION,REGISTER_CONNECTION,REGISTER_CONNECTION,0.9356,EXPECTED_SHARED_PROTOCOL,True,True,True,False,True,False,True,True,SOVT_GLIDE,SOVT_GLIDE
15f8e161f598,LOUD_VOICE_DIFFICULT,PITCH_UNSTABLE,REGISTER_CONNECTION,REGISTER_CONNECTION,REGISTER_CONNECTION,REGISTER_CONNECTION,0.931,EXPECTED_SHARED_PROTOCOL,True,True,False,False,True,False,True,True,SOVT_GLIDE,SOVT_GLIDE
15f8e161f598,LOUD_VOICE_DIFFICULT,REGISTER_CONNECTION_DIFFICULT,REGISTER_CONNECTION,REGISTER_CONNECTION,REGISTER_CONNECTION,REGISTER_CONNECTION,0.9114,EXPECTED_SHARED_PROTOCOL,True,True,False,False,True,False,True,True,SOVT_GLIDE,SOVT_GLIDE
15f8e161f598,VOCAL_FATIGUE,AFTER_SINGING_FATIGUE,REGISTER_CONNECTION,REGISTER_CONNECTION,REGISTER_CONNECTION,REGISTER_CONNECTION,0.9569,EXPECTED_SHARED_PROTOCOL,True,True,True,False,True,False,True,True,SOVT_GLIDE,SOVT_GLIDE
15f8e161f598,VOCAL_FATIGUE,PITCH_UNSTABLE,REGISTER_CONNECTION,REGISTER_CONNECTION,REGISTER_CONNECTION,REGISTER_CONNECTION,0.9524,EXPECTED_SHARED_PROTOCOL,True,True,False,False,True,False,True,True,SOVT_GLIDE,SOVT_GLIDE
15f8e161f598,VOCAL_FATIGUE,REGISTER_CONNECTION_DIFFICULT,REGISTER_CONNECTION,REGISTER_CONNECTION,REGISTER_CONNECTION,REGISTER_CONNECTION,0.9237,EXPECTED_SHARED_PROTOCOL,True,True,False,False,True,False,True,True,SOVT_GLIDE,SOVT_GLIDE
15f8e161f598,AFTER_SINGING_FATIGUE,PITCH_UNSTABLE,REGISTER_CONNECTION,REGISTER_CONNECTION,REGISTER_CONNECTION,REGISTER_CONNECTION,0.927,EXPECTED_SHARED_PROTOCOL,True,True,False,False,True,False,True,True,SOVT_GLIDE,SOVT_GLIDE
15f8e161f598,AFTER_SINGING_FATIGUE,REGISTER_CONNECTION_DIFFICULT,REGISTER_CONNECTION,REGISTER_CONNECTION,REGISTER_CONNECTION,REGISTER_CONNECTION,0.916,EXPECTED_SHARED_PROTOCOL,True,True,False,False,True,False,True,True,SOVT_GLIDE,SOVT_GLIDE
15f8e161f598,VOICE_TOO_THIN,TIMBRE_CHANGES_HIGH,REGISTER_CONNECTION,REGISTER_CONNECTION,REGISTER_CONNECTION,REGISTER_CONNECTION,0.9137,EXPECTED_SHARED_PROTOCOL,True,True,True,False,True,False,True,True,SOVT_GLIDE,SOVT_GLIDE
15f8e161f598,PITCH_UNSTABLE,REGISTER_CONNECTION_DIFFICULT,REGISTER_CONNECTION,REGISTER_CONNECTION,REGISTER_CONNECTION,REGISTER_CONNECTION,0.9367,EXPECTED_SHARED_PROTOCOL,True,True,True,False,True,False,True,True,SOVT_GLIDE,SOVT_GLIDE
16b7e83c0418,HIGH_NOTE_TOO_EFFORTFUL,HIGH_NOTE_FLIPS,REGISTER_CONNECTION,REGISTER_CONNECTION,REGISTER_CONNECTION,REGISTER_CONNECTION,0.9437,EXPECTED_SHARED_PROTOCOL,True,True,True,True,True,False,True,True,SOVT_GLIDE,SOVT_GLIDE
16b7e83c0418,HIGH_NOTE_UNSTABLE,PITCH_UNSTABLE,STABILITY,STABILITY,STABILITY,STABILITY,0.9048,EXPECTED_SHARED_PROTOCOL,True,True,False,False,True,False,True,True,SUSTAIN_HOLD,SUSTAIN_HOLD
16b7e83c0418,HIGH_NOTE_UNSTABLE,REGISTER_CONNECTION_DIFFICULT,STABILITY,STABILITY,STABILITY,STABILITY,0.8855,EXPECTED_SHARED_PROTOCOL,True,True,False,False,True,False,True,True,SUSTAIN_HOLD,SUSTAIN_HOLD
16b7e83c0418,THROAT_EFFORT,LOUD_VOICE_DIFFICULT,EFFORT,EFFORT,MAINTAIN,MAINTAIN,0.8819,EXPECTED_SHARED_PROTOCOL,True,True,True,False,True,False,True,True,SUSTAIN_HOLD,SUSTAIN_HOLD
16b7e83c0418,THROAT_EFFORT,VOCAL_FATIGUE,EFFORT,EFFORT,MAINTAIN,MAINTAIN,0.9206,EXPECTED_SHARED_PROTOCOL,True,True,True,False,True,False,True,True,SUSTAIN_HOLD,SUSTAIN_HOLD
16b7e83c0418,LOUD_VOICE_DIFFICULT,VOCAL_FATIGUE,EFFORT,EFFORT,MAINTAIN,MAINTAIN,0.8819,EXPECTED_SHARED_PROTOCOL,True,True,True,False,True,False,True,True,SUSTAIN_HOLD,SUSTAIN_HOLD
16b7e83c0418,LOUD_VOICE_DIFFICULT,AFTER_SINGING_FATIGUE,EFFORT,EFFORT,MAINTAIN,MAINTAIN,0.8837,EXPECTED_SHARED_PROTOCOL,True,True,True,False,True,False,True,True,SUSTAIN_HOLD,SUSTAIN_HOLD
16b7e83c0418,VOCAL_FATIGUE,AFTER_SINGING_FATIGUE,EFFORT,EFFORT,MAINTAIN,MAINTAIN,0.9219,EXPECTED_SHARED_PROTOCOL,True,True,True,False,True,False,True,True,SUSTAIN_HOLD,SUSTAIN_HOLD
16b7e83c0418,PITCH_UNSTABLE,REGISTER_CONNECTION_DIFFICULT,STABILITY,STABILITY,STABILITY,STABILITY,0.8855,EXPECTED_SHARED_PROTOCOL,True,True,True,False,True,False,True,True,SUSTAIN_HOLD,SUSTAIN_HOLD
1a0be83ce9c6,HIGH_NOTE_TOO_EFFORTFUL,HIGH_NOTE_FLIPS,REGISTER_CONNECTION,REGISTER_CONNECTION,REGISTER_CONNECTION,REGISTER_CONNECTION,0.9437,EXPECTED_SHARED_PROTOCOL,True,True,True,True,True,False,True,True,SOVT_GLIDE,SOVT_GLIDE
1a0be83ce9c6,HIGH_NOTE_UNSTABLE,PITCH_UNSTABLE,STABILITY,STABILITY,STABILITY,STABILITY,0.9048,EXPECTED_SHARED_PROTOCOL,True,True,False,False,True,False,True,True,SUSTAIN_HOLD,SUSTAIN_HOLD
1a0be83ce9c6,HIGH_NOTE_UNSTABLE,REGISTER_CONNECTION_DIFFICULT,STABILITY,STABILITY,STABILITY,STABILITY,0.8855,EXPECTED_SHARED_PROTOCOL,True,True,False,False,True,False,True,True,SUSTAIN_HOLD,SUSTAIN_HOLD
1a0be83ce9c6,THROAT_EFFORT,LOUD_VOICE_DIFFICULT,EFFORT,EFFORT,MAINTAIN,MAINTAIN,0.8819,EXPECTED_SHARED_PROTOCOL,True,True,True,False,True,False,True,True,SUSTAIN_HOLD,SUSTAIN_HOLD
1a0be83ce9c6,THROAT_EFFORT,VOCAL_FATIGUE,EFFORT,EFFORT,MAINTAIN,MAINTAIN,0.9206,EXPECTED_SHARED_PROTOCOL,True,True,True,False,True,False,True,True,SUSTAIN_HOLD,SUSTAIN_HOLD
1a0be83ce9c6,LOUD_VOICE_DIFFICULT,VOCAL_FATIGUE,EFFORT,EFFORT,MAINTAIN,MAINTAIN,0.8819,EXPECTED_SHARED_PROTOCOL,True,True,True,False,True,False,True,True,SUSTAIN_HOLD,SUSTAIN_HOLD
1a0be83ce9c6,LOUD_VOICE_DIFFICULT,AFTER_SINGING_FATIGUE,EFFORT,EFFORT,MAINTAIN,MAINTAIN,0.8837,EXPECTED_SHARED_PROTOCOL,True,True,True,False,True,False,True,True,SUSTAIN_HOLD,SUSTAIN_HOLD
1a0be83ce9c6,VOCAL_FATIGUE,AFTER_SINGING_FATIGUE,EFFORT,EFFORT,MAINTAIN,MAINTAIN,0.9219,EXPECTED_SHARED_PROTOCOL,True,True,True,False,True,False,True,True,SUSTAIN_HOLD,SUSTAIN_HOLD
1a0be83ce9c6,PITCH_UNSTABLE,REGISTER_CONNECTION_DIFFICULT,STABILITY,STABILITY,STABILITY,STABILITY,0.8855,EXPECTED_SHARED_PROTOCOL,True,True,True,False,True,False,True,True,SUSTAIN_HOLD,SUSTAIN_HOLD
2c9d61ebb9da,HIGH_NOTE_CANNOT_REACH,HIGH_NOTE_TOO_EFFORTFUL,REGISTER_CONNECTION,REGISTER_CONNECTION,REGISTER_CONNECTION,REGISTER_CONNECTION,0.9442,EXPECTED_SHARED_PROTOCOL,True,True,True,True,True,False,True,True,SOVT_GLIDE,SOVT_GLIDE
2c9d61ebb9da,HIGH_NOTE_CANNOT_REACH,HIGH_NOTE_FLIPS,REGISTER_CONNECTION,REGISTER_CONNECTION,REGISTER_CONNECTION,REGISTER_CONNECTION,0.9561,EXPECTED_SHARED_PROTOCOL,True,True,True,True,True,False,True,True,SOVT_GLIDE,SOVT_GLIDE
2c9d61ebb9da,HIGH_NOTE_CANNOT_REACH,HIGH_NOTE_UNSTABLE,REGISTER_CONNECTION,REGISTER_CONNECTION,REGISTER_CONNECTION,REGISTER_CONNECTION,0.9697,EXPECTED_SHARED_PROTOCOL,True,True,True,True,True,False,True,True,SOVT_GLIDE,SOVT_GLIDE
2c9d61ebb9da,HIGH_NOTE_CANNOT_REACH,THROAT_EFFORT,REGISTER_CONNECTION,REGISTER_CONNECTION,REGISTER_CONNECTION,REGISTER_CONNECTION,0.9391,EXPECTED_SHARED_PROTOCOL,True,True,True,False,True,False,True,True,SOVT_GLIDE,SOVT_GLIDE
2c9d61ebb9da,HIGH_NOTE_CANNOT_REACH,LOUD_VOICE_DIFFICULT,REGISTER_CONNECTION,REGISTER_CONNECTION,REGISTER_CONNECTION,REGISTER_CONNECTION,0.9524,EXPECTED_SHARED_PROTOCOL,True,True,True,False,True,False,True,True,SOVT_GLIDE,SOVT_GLIDE
2c9d61ebb9da,HIGH_NOTE_CANNOT_REACH,VOCAL_FATIGUE,REGISTER_CONNECTION,REGISTER_CONNECTION,REGISTER_CONNECTION,REGISTER_CONNECTION,0.9391,EXPECTED_SHARED_PROTOCOL,True,True,True,False,True,False,True,True,SOVT_GLIDE,SOVT_GLIDE
2c9d61ebb9da,HIGH_NOTE_CANNOT_REACH,AFTER_SINGING_FATIGUE,REGISTER_CONNECTION,REGISTER_CONNECTION,REGISTER_CONNECTION,REGISTER_CONNECTION,0.9397,EXPECTED_SHARED_PROTOCOL,True,True,True,False,True,False,True,True,SOVT_GLIDE,SOVT_GLIDE
2c9d61ebb9da,HIGH_NOTE_CANNOT_REACH,PITCH_UNSTABLE,REGISTER_CONNECTION,REGISTER_CONNECTION,REGISTER_CONNECTION,REGISTER_CONNECTION,0.9437,EXPECTED_SHARED_PROTOCOL,True,True,False,False,True,False,True,True,SOVT_GLIDE,SOVT_GLIDE
2c9d61ebb9da,HIGH_NOTE_CANNOT_REACH,REGISTER_CONNECTION_DIFFICULT,REGISTER_CONNECTION,REGISTER_CONNECTION,REGISTER_CONNECTION,REGISTER_CONNECTION,0.9407,EXPECTED_SHARED_PROTOCOL,True,True,False,False,True,False,True,True,SOVT_GLIDE,SOVT_GLIDE
2c9d61ebb9da,HIGH_NOTE_TOO_EFFORTFUL,HIGH_NOTE_FLIPS,REGISTER_CONNECTION,REGISTER_CONNECTION,REGISTER_CONNECTION,REGISTER_CONNECTION,0.9437,EXPECTED_SHARED_PROTOCOL,True,True,True,True,True,False,True,True,SOVT_GLIDE,SOVT_GLIDE
2c9d61ebb9da,HIGH_NOTE_TOO_EFFORTFUL,HIGH_NOTE_UNSTABLE,REGISTER_CONNECTION,REGISTER_CONNECTION,REGISTER_CONNECTION,REGISTER_CONNECTION,0.9487,EXPECTED_SHARED_PROTOCOL,True,True,True,True,True,False,True,True,SOVT_GLIDE,SOVT_GLIDE
2c9d61ebb9da,HIGH_NOTE_TOO_EFFORTFUL,THROAT_EFFORT,REGISTER_CONNECTION,REGISTER_CONNECTION,REGISTER_CONNECTION,REGISTER_CONNECTION,0.9356,EXPECTED_SHARED_PROTOCOL,True,True,True,False,True,False,True,True,SOVT_GLIDE,SOVT_GLIDE
2c9d61ebb9da,HIGH_NOTE_TOO_EFFORTFUL,LOUD_VOICE_DIFFICULT,REGISTER_CONNECTION,REGISTER_CONNECTION,REGISTER_CONNECTION,REGISTER_CONNECTION,0.9316,EXPECTED_SHARED_PROTOCOL,True,True,True,False,True,False,True,True,SOVT_GLIDE,SOVT_GLIDE
2c9d61ebb9da,HIGH_NOTE_TOO_EFFORTFUL,VOCAL_FATIGUE,REGISTER_CONNECTION,REGISTER_CONNECTION,REGISTER_CONNECTION,REGISTER_CONNECTION,0.9442,EXPECTED_SHARED_PROTOCOL,True,True,True,False,True,False,True,True,SOVT_GLIDE,SOVT_GLIDE
2c9d61ebb9da,HIGH_NOTE_TOO_EFFORTFUL,AFTER_SINGING_FATIGUE,REGISTER_CONNECTION,REGISTER_CONNECTION,REGISTER_CONNECTION,REGISTER_CONNECTION,0.9277,EXPECTED_SHARED_PROTOCOL,True,True,True,False,True,False,True,True,SOVT_GLIDE,SOVT_GLIDE
2c9d61ebb9da,HIGH_NOTE_TOO_EFFORTFUL,PITCH_UNSTABLE,REGISTER_CONNECTION,REGISTER_CONNECTION,REGISTER_CONNECTION,REGISTER_CONNECTION,0.9487,EXPECTED_SHARED_PROTOCOL,True,True,False,False,True,False,True,True,SOVT_GLIDE,SOVT_GLIDE
2c9d61ebb9da,HIGH_NOTE_TOO_EFFORTFUL,REGISTER_CONNECTION_DIFFICULT,REGISTER_CONNECTION,REGISTER_CONNECTION,REGISTER_CONNECTION,REGISTER_CONNECTION,0.9372,EXPECTED_SHARED_PROTOCOL,True,True,False,False,True,False,True,True,SOVT_GLIDE,SOVT_GLIDE
2c9d61ebb9da,HIGH_NOTE_FLIPS,HIGH_NOTE_UNSTABLE,REGISTER_CONNECTION,REGISTER_CONNECTION,REGISTER_CONNECTION,REGISTER_CONNECTION,0.9607,EXPECTED_SHARED_PROTOCOL,True,True,True,True,True,False,True,True,SOVT_GLIDE,SOVT_GLIDE
2c9d61ebb9da,HIGH_NOTE_FLIPS,THROAT_EFFORT,REGISTER_CONNECTION,REGISTER_CONNECTION,REGISTER_CONNECTION,REGISTER_CONNECTION,0.9386,EXPECTED_SHARED_PROTOCOL,True,True,True,False,True,False,True,True,SOVT_GLIDE,SOVT_GLIDE
2c9d61ebb9da,HIGH_NOTE_FLIPS,LOUD_VOICE_DIFFICULT,REGISTER_CONNECTION,REGISTER_CONNECTION,REGISTER_CONNECTION,REGISTER_CONNECTION,0.9432,EXPECTED_SHARED_PROTOCOL,True,True,True,False,True,False,True,True,SOVT_GLIDE,SOVT_GLIDE
2c9d61ebb9da,HIGH_NOTE_FLIPS,VOCAL_FATIGUE,REGISTER_CONNECTION,REGISTER_CONNECTION,REGISTER_CONNECTION,REGISTER_CONNECTION,0.9474,EXPECTED_SHARED_PROTOCOL,True,True,True,False,True,False,True,True,SOVT_GLIDE,SOVT_GLIDE
2c9d61ebb9da,HIGH_NOTE_FLIPS,AFTER_SINGING_FATIGUE,REGISTER_CONNECTION,REGISTER_CONNECTION,REGISTER_CONNECTION,REGISTER_CONNECTION,0.9565,EXPECTED_SHARED_PROTOCOL,True,True,True,False,True,False,True,True,SOVT_GLIDE,SOVT_GLIDE
2c9d61ebb9da,HIGH_NOTE_FLIPS,PITCH_UNSTABLE,REGISTER_CONNECTION,REGISTER_CONNECTION,REGISTER_CONNECTION,REGISTER_CONNECTION,0.952,EXPECTED_SHARED_PROTOCOL,True,True,False,False,True,False,True,True,SOVT_GLIDE,SOVT_GLIDE
2c9d61ebb9da,HIGH_NOTE_FLIPS,REGISTER_CONNECTION_DIFFICULT,REGISTER_CONNECTION,REGISTER_CONNECTION,REGISTER_CONNECTION,REGISTER_CONNECTION,0.9231,EXPECTED_SHARED_PROTOCOL,True,True,False,False,True,False,True,True,SOVT_GLIDE,SOVT_GLIDE
2c9d61ebb9da,HIGH_NOTE_THINS,TIMBRE_CHANGES_HIGH,REGISTER_CONNECTION,REGISTER_CONNECTION,REGISTER_CONNECTION,REGISTER_CONNECTION,0.9246,EXPECTED_SHARED_PROTOCOL,True,True,True,False,True,False,True,True,SOVT_GLIDE,SOVT_GLIDE
2c9d61ebb9da,HIGH_NOTE_UNSTABLE,THROAT_EFFORT,REGISTER_CONNECTION,REGISTER_CONNECTION,REGISTER_CONNECTION,REGISTER_CONNECTION,0.9351,EXPECTED_SHARED_PROTOCOL,True,True,True,False,True,False,True,True,SOVT_GLIDE,SOVT_GLIDE
2c9d61ebb9da,HIGH_NOTE_UNSTABLE,LOUD_VOICE_DIFFICULT,REGISTER_CONNECTION,REGISTER_CONNECTION,REGISTER_CONNECTION,REGISTER_CONNECTION,0.9397,EXPECTED_SHARED_PROTOCOL,True,True,True,False,True,False,True,True,SOVT_GLIDE,SOVT_GLIDE
2c9d61ebb9da,HIGH_NOTE_UNSTABLE,VOCAL_FATIGUE,REGISTER_CONNECTION,REGISTER_CONNECTION,REGISTER_CONNECTION,REGISTER_CONNECTION,0.9351,EXPECTED_SHARED_PROTOCOL,True,True,True,False,True,False,True,True,SOVT_GLIDE,SOVT_GLIDE
2c9d61ebb9da,HIGH_NOTE_UNSTABLE,AFTER_SINGING_FATIGUE,REGISTER_CONNECTION,REGISTER_CONNECTION,REGISTER_CONNECTION,REGISTER_CONNECTION,0.9442,EXPECTED_SHARED_PROTOCOL,True,True,True,False,True,False,True,True,SOVT_GLIDE,SOVT_GLIDE
2c9d61ebb9da,HIGH_NOTE_UNSTABLE,PITCH_UNSTABLE,REGISTER_CONNECTION,REGISTER_CONNECTION,REGISTER_CONNECTION,REGISTER_CONNECTION,0.9483,EXPECTED_SHARED_PROTOCOL,True,True,False,False,True,False,True,True,SOVT_GLIDE,SOVT_GLIDE
2c9d61ebb9da,HIGH_NOTE_UNSTABLE,REGISTER_CONNECTION_DIFFICULT,REGISTER_CONNECTION,REGISTER_CONNECTION,REGISTER_CONNECTION,REGISTER_CONNECTION,0.9367,EXPECTED_SHARED_PROTOCOL,True,True,False,False,True,False,True,True,SOVT_GLIDE,SOVT_GLIDE
2c9d61ebb9da,THROAT_EFFORT,LOUD_VOICE_DIFFICULT,REGISTER_CONNECTION,REGISTER_CONNECTION,REGISTER_CONNECTION,REGISTER_CONNECTION,0.9351,EXPECTED_SHARED_PROTOCOL,True,True,True,False,True,False,True,True,SOVT_GLIDE,SOVT_GLIDE
2c9d61ebb9da,THROAT_EFFORT,VOCAL_FATIGUE,REGISTER_CONNECTION,REGISTER_CONNECTION,REGISTER_CONNECTION,REGISTER_CONNECTION,0.9565,EXPECTED_SHARED_PROTOCOL,True,True,True,False,True,False,True,True,SOVT_GLIDE,SOVT_GLIDE
2c9d61ebb9da,THROAT_EFFORT,AFTER_SINGING_FATIGUE,REGISTER_CONNECTION,REGISTER_CONNECTION,REGISTER_CONNECTION,REGISTER_CONNECTION,0.931,EXPECTED_SHARED_PROTOCOL,True,True,True,False,True,False,True,True,SOVT_GLIDE,SOVT_GLIDE
2c9d61ebb9da,THROAT_EFFORT,PITCH_UNSTABLE,REGISTER_CONNECTION,REGISTER_CONNECTION,REGISTER_CONNECTION,REGISTER_CONNECTION,0.9437,EXPECTED_SHARED_PROTOCOL,True,True,False,False,True,False,True,True,SOVT_GLIDE,SOVT_GLIDE
2c9d61ebb9da,THROAT_EFFORT,REGISTER_CONNECTION_DIFFICULT,REGISTER_CONNECTION,REGISTER_CONNECTION,REGISTER_CONNECTION,REGISTER_CONNECTION,0.9407,EXPECTED_SHARED_PROTOCOL,True,True,False,False,True,False,True,True,SOVT_GLIDE,SOVT_GLIDE
2c9d61ebb9da,LOUD_VOICE_DIFFICULT,VOCAL_FATIGUE,REGISTER_CONNECTION,REGISTER_CONNECTION,REGISTER_CONNECTION,REGISTER_CONNECTION,0.9351,EXPECTED_SHARED_PROTOCOL,True,True,True,False,True,False,True,True,SOVT_GLIDE,SOVT_GLIDE
2c9d61ebb9da,LOUD_VOICE_DIFFICULT,AFTER_SINGING_FATIGUE,REGISTER_CONNECTION,REGISTER_CONNECTION,REGISTER_CONNECTION,REGISTER_CONNECTION,0.9356,EXPECTED_SHARED_PROTOCOL,True,True,True,False,True,False,True,True,SOVT_GLIDE,SOVT_GLIDE
2c9d61ebb9da,LOUD_VOICE_DIFFICULT,PITCH_UNSTABLE,REGISTER_CONNECTION,REGISTER_CONNECTION,REGISTER_CONNECTION,REGISTER_CONNECTION,0.931,EXPECTED_SHARED_PROTOCOL,True,True,False,False,True,False,True,True,SOVT_GLIDE,SOVT_GLIDE
2c9d61ebb9da,LOUD_VOICE_DIFFICULT,REGISTER_CONNECTION_DIFFICULT,REGISTER_CONNECTION,REGISTER_CONNECTION,REGISTER_CONNECTION,REGISTER_CONNECTION,0.9114,EXPECTED_SHARED_PROTOCOL,True,True,False,False,True,False,True,True,SOVT_GLIDE,SOVT_GLIDE
2c9d61ebb9da,VOCAL_FATIGUE,AFTER_SINGING_FATIGUE,REGISTER_CONNECTION,REGISTER_CONNECTION,REGISTER_CONNECTION,REGISTER_CONNECTION,0.9569,EXPECTED_SHARED_PROTOCOL,True,True,True,False,True,False,True,True,SOVT_GLIDE,SOVT_GLIDE
2c9d61ebb9da,VOCAL_FATIGUE,PITCH_UNSTABLE,REGISTER_CONNECTION,REGISTER_CONNECTION,REGISTER_CONNECTION,REGISTER_CONNECTION,0.9524,EXPECTED_SHARED_PROTOCOL,True,True,False,False,True,False,True,True,SOVT_GLIDE,SOVT_GLIDE
2c9d61ebb9da,VOCAL_FATIGUE,REGISTER_CONNECTION_DIFFICULT,REGISTER_CONNECTION,REGISTER_CONNECTION,REGISTER_CONNECTION,REGISTER_CONNECTION,0.9237,EXPECTED_SHARED_PROTOCOL,True,True,False,False,True,False,True,True,SOVT_GLIDE,SOVT_GLIDE
2c9d61ebb9da,AFTER_SINGING_FATIGUE,PITCH_UNSTABLE,REGISTER_CONNECTION,REGISTER_CONNECTION,REGISTER_CONNECTION,REGISTER_CONNECTION,0.927,EXPECTED_SHARED_PROTOCOL,True,True,False,False,True,False,True,True,SOVT_GLIDE,SOVT_GLIDE
2c9d61ebb9da,AFTER_SINGING_FATIGUE,REGISTER_CONNECTION_DIFFICULT,REGISTER_CONNECTION,REGISTER_CONNECTION,REGISTER_CONNECTION,REGISTER_CONNECTION,0.916,EXPECTED_SHARED_PROTOCOL,True,True,False,False,True,False,True,True,SOVT_GLIDE,SOVT_GLIDE
2c9d61ebb9da,PITCH_UNSTABLE,REGISTER_CONNECTION_DIFFICULT,REGISTER_CONNECTION,REGISTER_CONNECTION,REGISTER_CONNECTION,REGISTER_CONNECTION,0.9367,EXPECTED_SHARED_PROTOCOL,True,True,True,False,True,False,True,True,SOVT_GLIDE,SOVT_GLIDE
357eeb649bd6,HIGH_NOTE_CANNOT_REACH,HIGH_NOTE_TOO_EFFORTFUL,REGISTER_CONNECTION,REGISTER_CONNECTION,REGISTER_CONNECTION,REGISTER_CONNECTION,0.9442,EXPECTED_SHARED_PROTOCOL,True,True,True,True,True,False,True,True,SOVT_GLIDE,SOVT_GLIDE
357eeb649bd6,HIGH_NOTE_CANNOT_REACH,HIGH_NOTE_FLIPS,REGISTER_CONNECTION,REGISTER_CONNECTION,REGISTER_CONNECTION,REGISTER_CONNECTION,0.9561,EXPECTED_SHARED_PROTOCOL,True,True,True,True,True,False,True,True,SOVT_GLIDE,SOVT_GLIDE
357eeb649bd6,HIGH_NOTE_CANNOT_REACH,HIGH_NOTE_UNSTABLE,REGISTER_CONNECTION,REGISTER_CONNECTION,REGISTER_CONNECTION,REGISTER_CONNECTION,0.9697,EXPECTED_SHARED_PROTOCOL,True,True,True,True,True,False,True,True,SOVT_GLIDE,SOVT_GLIDE
357eeb649bd6,HIGH_NOTE_CANNOT_REACH,THROAT_EFFORT,REGISTER_CONNECTION,REGISTER_CONNECTION,REGISTER_CONNECTION,REGISTER_CONNECTION,0.9391,EXPECTED_SHARED_PROTOCOL,True,True,True,False,True,False,True,True,SOVT_GLIDE,SOVT_GLIDE
357eeb649bd6,HIGH_NOTE_CANNOT_REACH,LOUD_VOICE_DIFFICULT,REGISTER_CONNECTION,REGISTER_CONNECTION,REGISTER_CONNECTION,REGISTER_CONNECTION,0.9524,EXPECTED_SHARED_PROTOCOL,True,True,True,False,True,False,True,True,SOVT_GLIDE,SOVT_GLIDE
357eeb649bd6,HIGH_NOTE_CANNOT_REACH,VOCAL_FATIGUE,REGISTER_CONNECTION,REGISTER_CONNECTION,REGISTER_CONNECTION,REGISTER_CONNECTION,0.9391,EXPECTED_SHARED_PROTOCOL,True,True,True,False,True,False,True,True,SOVT_GLIDE,SOVT_GLIDE
357eeb649bd6,HIGH_NOTE_CANNOT_REACH,AFTER_SINGING_FATIGUE,REGISTER_CONNECTION,REGISTER_CONNECTION,REGISTER_CONNECTION,REGISTER_CONNECTION,0.9397,EXPECTED_SHARED_PROTOCOL,True,True,True,False,True,False,True,True,SOVT_GLIDE,SOVT_GLIDE
357eeb649bd6,HIGH_NOTE_CANNOT_REACH,PITCH_UNSTABLE,REGISTER_CONNECTION,REGISTER_CONNECTION,REGISTER_CONNECTION,REGISTER_CONNECTION,0.9437,EXPECTED_SHARED_PROTOCOL,True,True,False,False,True,False,True,True,SOVT_GLIDE,SOVT_GLIDE
357eeb649bd6,HIGH_NOTE_CANNOT_REACH,REGISTER_CONNECTION_DIFFICULT,REGISTER_CONNECTION,REGISTER_CONNECTION,REGISTER_CONNECTION,REGISTER_CONNECTION,0.9407,EXPECTED_SHARED_PROTOCOL,True,True,False,False,True,False,True,True,SOVT_GLIDE,SOVT_GLIDE
357eeb649bd6,HIGH_NOTE_TOO_EFFORTFUL,HIGH_NOTE_FLIPS,REGISTER_CONNECTION,REGISTER_CONNECTION,REGISTER_CONNECTION,REGISTER_CONNECTION,0.9437,EXPECTED_SHARED_PROTOCOL,True,True,True,True,True,False,True,True,SOVT_GLIDE,SOVT_GLIDE
357eeb649bd6,HIGH_NOTE_TOO_EFFORTFUL,HIGH_NOTE_UNSTABLE,REGISTER_CONNECTION,REGISTER_CONNECTION,REGISTER_CONNECTION,REGISTER_CONNECTION,0.9487,EXPECTED_SHARED_PROTOCOL,True,True,True,True,True,False,True,True,SOVT_GLIDE,SOVT_GLIDE
357eeb649bd6,HIGH_NOTE_TOO_EFFORTFUL,THROAT_EFFORT,REGISTER_CONNECTION,REGISTER_CONNECTION,REGISTER_CONNECTION,REGISTER_CONNECTION,0.9356,EXPECTED_SHARED_PROTOCOL,True,True,True,False,True,False,True,True,SOVT_GLIDE,SOVT_GLIDE
357eeb649bd6,HIGH_NOTE_TOO_EFFORTFUL,LOUD_VOICE_DIFFICULT,REGISTER_CONNECTION,REGISTER_CONNECTION,REGISTER_CONNECTION,REGISTER_CONNECTION,0.9316,EXPECTED_SHARED_PROTOCOL,True,True,True,False,True,False,True,True,SOVT_GLIDE,SOVT_GLIDE
357eeb649bd6,HIGH_NOTE_TOO_EFFORTFUL,VOCAL_FATIGUE,REGISTER_CONNECTION,REGISTER_CONNECTION,REGISTER_CONNECTION,REGISTER_CONNECTION,0.9442,EXPECTED_SHARED_PROTOCOL,True,True,True,False,True,False,True,True,SOVT_GLIDE,SOVT_GLIDE
357eeb649bd6,HIGH_NOTE_TOO_EFFORTFUL,AFTER_SINGING_FATIGUE,REGISTER_CONNECTION,REGISTER_CONNECTION,REGISTER_CONNECTION,REGISTER_CONNECTION,0.9277,EXPECTED_SHARED_PROTOCOL,True,True,True,False,True,False,True,True,SOVT_GLIDE,SOVT_GLIDE
357eeb649bd6,HIGH_NOTE_TOO_EFFORTFUL,PITCH_UNSTABLE,REGISTER_CONNECTION,REGISTER_CONNECTION,REGISTER_CONNECTION,REGISTER_CONNECTION,0.9487,EXPECTED_SHARED_PROTOCOL,True,True,False,False,True,False,True,True,SOVT_GLIDE,SOVT_GLIDE
357eeb649bd6,HIGH_NOTE_TOO_EFFORTFUL,REGISTER_CONNECTION_DIFFICULT,REGISTER_CONNECTION,REGISTER_CONNECTION,REGISTER_CONNECTION,REGISTER_CONNECTION,0.9372,EXPECTED_SHARED_PROTOCOL,True,True,False,False,True,False,True,True,SOVT_GLIDE,SOVT_GLIDE
357eeb649bd6,HIGH_NOTE_FLIPS,HIGH_NOTE_UNSTABLE,REGISTER_CONNECTION,REGISTER_CONNECTION,REGISTER_CONNECTION,REGISTER_CONNECTION,0.9607,EXPECTED_SHARED_PROTOCOL,True,True,True,True,True,False,True,True,SOVT_GLIDE,SOVT_GLIDE
357eeb649bd6,HIGH_NOTE_FLIPS,THROAT_EFFORT,REGISTER_CONNECTION,REGISTER_CONNECTION,REGISTER_CONNECTION,REGISTER_CONNECTION,0.9386,EXPECTED_SHARED_PROTOCOL,True,True,True,False,True,False,True,True,SOVT_GLIDE,SOVT_GLIDE
357eeb649bd6,HIGH_NOTE_FLIPS,LOUD_VOICE_DIFFICULT,REGISTER_CONNECTION,REGISTER_CONNECTION,REGISTER_CONNECTION,REGISTER_CONNECTION,0.9432,EXPECTED_SHARED_PROTOCOL,True,True,True,False,True,False,True,True,SOVT_GLIDE,SOVT_GLIDE
357eeb649bd6,HIGH_NOTE_FLIPS,VOCAL_FATIGUE,REGISTER_CONNECTION,REGISTER_CONNECTION,REGISTER_CONNECTION,REGISTER_CONNECTION,0.9474,EXPECTED_SHARED_PROTOCOL,True,True,True,False,True,False,True,True,SOVT_GLIDE,SOVT_GLIDE
357eeb649bd6,HIGH_NOTE_FLIPS,AFTER_SINGING_FATIGUE,REGISTER_CONNECTION,REGISTER_CONNECTION,REGISTER_CONNECTION,REGISTER_CONNECTION,0.9565,EXPECTED_SHARED_PROTOCOL,True,True,True,False,True,False,True,True,SOVT_GLIDE,SOVT_GLIDE
357eeb649bd6,HIGH_NOTE_FLIPS,PITCH_UNSTABLE,REGISTER_CONNECTION,REGISTER_CONNECTION,REGISTER_CONNECTION,REGISTER_CONNECTION,0.952,EXPECTED_SHARED_PROTOCOL,True,True,False,False,True,False,True,True,SOVT_GLIDE,SOVT_GLIDE
357eeb649bd6,HIGH_NOTE_FLIPS,REGISTER_CONNECTION_DIFFICULT,REGISTER_CONNECTION,REGISTER_CONNECTION,REGISTER_CONNECTION,REGISTER_CONNECTION,0.9231,EXPECTED_SHARED_PROTOCOL,True,True,False,False,True,False,True,True,SOVT_GLIDE,SOVT_GLIDE
357eeb649bd6,HIGH_NOTE_UNSTABLE,THROAT_EFFORT,REGISTER_CONNECTION,REGISTER_CONNECTION,REGISTER_CONNECTION,REGISTER_CONNECTION,0.9351,EXPECTED_SHARED_PROTOCOL,True,True,True,False,True,False,True,True,SOVT_GLIDE,SOVT_GLIDE
357eeb649bd6,HIGH_NOTE_UNSTABLE,LOUD_VOICE_DIFFICULT,REGISTER_CONNECTION,REGISTER_CONNECTION,REGISTER_CONNECTION,REGISTER_CONNECTION,0.9397,EXPECTED_SHARED_PROTOCOL,True,True,True,False,True,False,True,True,SOVT_GLIDE,SOVT_GLIDE
357eeb649bd6,HIGH_NOTE_UNSTABLE,VOCAL_FATIGUE,REGISTER_CONNECTION,REGISTER_CONNECTION,REGISTER_CONNECTION,REGISTER_CONNECTION,0.9351,EXPECTED_SHARED_PROTOCOL,True,True,True,False,True,False,True,True,SOVT_GLIDE,SOVT_GLIDE
357eeb649bd6,HIGH_NOTE_UNSTABLE,AFTER_SINGING_FATIGUE,REGISTER_CONNECTION,REGISTER_CONNECTION,REGISTER_CONNECTION,REGISTER_CONNECTION,0.9442,EXPECTED_SHARED_PROTOCOL,True,True,True,False,True,False,True,True,SOVT_GLIDE,SOVT_GLIDE
357eeb649bd6,HIGH_NOTE_UNSTABLE,PITCH_UNSTABLE,REGISTER_CONNECTION,REGISTER_CONNECTION,REGISTER_CONNECTION,REGISTER_CONNECTION,0.9483,EXPECTED_SHARED_PROTOCOL,True,True,False,False,True,False,True,True,SOVT_GLIDE,SOVT_GLIDE
357eeb649bd6,HIGH_NOTE_UNSTABLE,REGISTER_CONNECTION_DIFFICULT,REGISTER_CONNECTION,REGISTER_CONNECTION,REGISTER_CONNECTION,REGISTER_CONNECTION,0.9367,EXPECTED_SHARED_PROTOCOL,True,True,False,False,True,False,True,True,SOVT_GLIDE,SOVT_GLIDE
357eeb649bd6,THROAT_EFFORT,LOUD_VOICE_DIFFICULT,REGISTER_CONNECTION,REGISTER_CONNECTION,REGISTER_CONNECTION,REGISTER_CONNECTION,0.9351,EXPECTED_SHARED_PROTOCOL,True,True,True,False,True,False,True,True,SOVT_GLIDE,SOVT_GLIDE
357eeb649bd6,THROAT_EFFORT,VOCAL_FATIGUE,REGISTER_CONNECTION,REGISTER_CONNECTION,REGISTER_CONNECTION,REGISTER_CONNECTION,0.9565,EXPECTED_SHARED_PROTOCOL,True,True,True,False,True,False,True,True,SOVT_GLIDE,SOVT_GLIDE
357eeb649bd6,THROAT_EFFORT,AFTER_SINGING_FATIGUE,REGISTER_CONNECTION,REGISTER_CONNECTION,REGISTER_CONNECTION,REGISTER_CONNECTION,0.931,EXPECTED_SHARED_PROTOCOL,True,True,True,False,True,False,True,True,SOVT_GLIDE,SOVT_GLIDE
357eeb649bd6,THROAT_EFFORT,PITCH_UNSTABLE,REGISTER_CONNECTION,REGISTER_CONNECTION,REGISTER_CONNECTION,REGISTER_CONNECTION,0.9437,EXPECTED_SHARED_PROTOCOL,True,True,False,False,True,False,True,True,SOVT_GLIDE,SOVT_GLIDE
357eeb649bd6,THROAT_EFFORT,REGISTER_CONNECTION_DIFFICULT,REGISTER_CONNECTION,REGISTER_CONNECTION,REGISTER_CONNECTION,REGISTER_CONNECTION,0.9407,EXPECTED_SHARED_PROTOCOL,True,True,False,False,True,False,True,True,SOVT_GLIDE,SOVT_GLIDE
357eeb649bd6,LOUD_VOICE_DIFFICULT,VOCAL_FATIGUE,REGISTER_CONNECTION,REGISTER_CONNECTION,REGISTER_CONNECTION,REGISTER_CONNECTION,0.9351,EXPECTED_SHARED_PROTOCOL,True,True,True,False,True,False,True,True,SOVT_GLIDE,SOVT_GLIDE
357eeb649bd6,LOUD_VOICE_DIFFICULT,AFTER_SINGING_FATIGUE,REGISTER_CONNECTION,REGISTER_CONNECTION,REGISTER_CONNECTION,REGISTER_CONNECTION,0.9356,EXPECTED_SHARED_PROTOCOL,True,True,True,False,True,False,True,True,SOVT_GLIDE,SOVT_GLIDE
357eeb649bd6,LOUD_VOICE_DIFFICULT,PITCH_UNSTABLE,REGISTER_CONNECTION,REGISTER_CONNECTION,REGISTER_CONNECTION,REGISTER_CONNECTION,0.931,EXPECTED_SHARED_PROTOCOL,True,True,False,False,True,False,True,True,SOVT_GLIDE,SOVT_GLIDE
357eeb649bd6,LOUD_VOICE_DIFFICULT,REGISTER_CONNECTION_DIFFICULT,REGISTER_CONNECTION,REGISTER_CONNECTION,REGISTER_CONNECTION,REGISTER_CONNECTION,0.9114,EXPECTED_SHARED_PROTOCOL,True,True,False,False,True,False,True,True,SOVT_GLIDE,SOVT_GLIDE
357eeb649bd6,VOCAL_FATIGUE,AFTER_SINGING_FATIGUE,REGISTER_CONNECTION,REGISTER_CONNECTION,REGISTER_CONNECTION,REGISTER_CONNECTION,0.9569,EXPECTED_SHARED_PROTOCOL,True,True,True,False,True,False,True,True,SOVT_GLIDE,SOVT_GLIDE
357eeb649bd6,VOCAL_FATIGUE,PITCH_UNSTABLE,REGISTER_CONNECTION,REGISTER_CONNECTION,REGISTER_CONNECTION,REGISTER_CONNECTION,0.9524,EXPECTED_SHARED_PROTOCOL,True,True,False,False,True,False,True,True,SOVT_GLIDE,SOVT_GLIDE
357eeb649bd6,VOCAL_FATIGUE,REGISTER_CONNECTION_DIFFICULT,REGISTER_CONNECTION,REGISTER_CONNECTION,REGISTER_CONNECTION,REGISTER_CONNECTION,0.9237,EXPECTED_SHARED_PROTOCOL,True,True,False,False,True,False,True,True,SOVT_GLIDE,SOVT_GLIDE
357eeb649bd6,AFTER_SINGING_FATIGUE,PITCH_UNSTABLE,REGISTER_CONNECTION,REGISTER_CONNECTION,REGISTER_CONNECTION,REGISTER_CONNECTION,0.927,EXPECTED_SHARED_PROTOCOL,True,True,False,False,True,False,True,True,SOVT_GLIDE,SOVT_GLIDE
357eeb649bd6,AFTER_SINGING_FATIGUE,REGISTER_CONNECTION_DIFFICULT,REGISTER_CONNECTION,REGISTER_CONNECTION,REGISTER_CONNECTION,REGISTER_CONNECTION,0.916,EXPECTED_SHARED_PROTOCOL,True,True,False,False,True,False,True,True,SOVT_GLIDE,SOVT_GLIDE
357eeb649bd6,PITCH_UNSTABLE,REGISTER_CONNECTION_DIFFICULT,REGISTER_CONNECTION,REGISTER_CONNECTION,REGISTER_CONNECTION,REGISTER_CONNECTION,0.9367,EXPECTED_SHARED_PROTOCOL,True,True,True,False,True,False,True,True,SOVT_GLIDE,SOVT_GLIDE
36a7bd4286b4,HIGH_NOTE_CANNOT_REACH,HIGH_NOTE_TOO_EFFORTFUL,REGISTER_CONNECTION,REGISTER_CONNECTION,REGISTER_CONNECTION,REGISTER_CONNECTION,0.9442,EXPECTED_SHARED_PROTOCOL,True,True,True,True,True,False,True,True,SOVT_GLIDE,SOVT_GLIDE
36a7bd4286b4,HIGH_NOTE_CANNOT_REACH,HIGH_NOTE_FLIPS,REGISTER_CONNECTION,REGISTER_CONNECTION,REGISTER_CONNECTION,REGISTER_CONNECTION,0.9561,EXPECTED_SHARED_PROTOCOL,True,True,True,True,True,False,True,True,SOVT_GLIDE,SOVT_GLIDE
36a7bd4286b4,HIGH_NOTE_CANNOT_REACH,HIGH_NOTE_UNSTABLE,REGISTER_CONNECTION,REGISTER_CONNECTION,REGISTER_CONNECTION,REGISTER_CONNECTION,0.9697,EXPECTED_SHARED_PROTOCOL,True,True,True,True,True,False,True,True,SOVT_GLIDE,SOVT_GLIDE
36a7bd4286b4,HIGH_NOTE_CANNOT_REACH,THROAT_EFFORT,REGISTER_CONNECTION,REGISTER_CONNECTION,REGISTER_CONNECTION,REGISTER_CONNECTION,0.9391,EXPECTED_SHARED_PROTOCOL,True,True,True,False,True,False,True,True,SOVT_GLIDE,SOVT_GLIDE
36a7bd4286b4,HIGH_NOTE_CANNOT_REACH,LOUD_VOICE_DIFFICULT,REGISTER_CONNECTION,REGISTER_CONNECTION,REGISTER_CONNECTION,REGISTER_CONNECTION,0.9524,EXPECTED_SHARED_PROTOCOL,True,True,True,False,True,False,True,True,SOVT_GLIDE,SOVT_GLIDE
36a7bd4286b4,HIGH_NOTE_CANNOT_REACH,VOCAL_FATIGUE,REGISTER_CONNECTION,REGISTER_CONNECTION,REGISTER_CONNECTION,REGISTER_CONNECTION,0.9391,EXPECTED_SHARED_PROTOCOL,True,True,True,False,True,False,True,True,SOVT_GLIDE,SOVT_GLIDE
36a7bd4286b4,HIGH_NOTE_CANNOT_REACH,AFTER_SINGING_FATIGUE,REGISTER_CONNECTION,REGISTER_CONNECTION,REGISTER_CONNECTION,REGISTER_CONNECTION,0.9397,EXPECTED_SHARED_PROTOCOL,True,True,True,False,True,False,True,True,SOVT_GLIDE,SOVT_GLIDE
36a7bd4286b4,HIGH_NOTE_CANNOT_REACH,PITCH_UNSTABLE,REGISTER_CONNECTION,REGISTER_CONNECTION,REGISTER_CONNECTION,REGISTER_CONNECTION,0.9437,EXPECTED_SHARED_PROTOCOL,True,True,False,False,True,False,True,True,SOVT_GLIDE,SOVT_GLIDE
36a7bd4286b4,HIGH_NOTE_CANNOT_REACH,REGISTER_CONNECTION_DIFFICULT,REGISTER_CONNECTION,REGISTER_CONNECTION,REGISTER_CONNECTION,REGISTER_CONNECTION,0.9407,EXPECTED_SHARED_PROTOCOL,True,True,False,False,True,False,True,True,SOVT_GLIDE,SOVT_GLIDE
36a7bd4286b4,HIGH_NOTE_TOO_EFFORTFUL,HIGH_NOTE_FLIPS,REGISTER_CONNECTION,REGISTER_CONNECTION,REGISTER_CONNECTION,REGISTER_CONNECTION,0.9437,EXPECTED_SHARED_PROTOCOL,True,True,True,True,True,False,True,True,SOVT_GLIDE,SOVT_GLIDE
36a7bd4286b4,HIGH_NOTE_TOO_EFFORTFUL,HIGH_NOTE_UNSTABLE,REGISTER_CONNECTION,REGISTER_CONNECTION,REGISTER_CONNECTION,REGISTER_CONNECTION,0.9487,EXPECTED_SHARED_PROTOCOL,True,True,True,True,True,False,True,True,SOVT_GLIDE,SOVT_GLIDE
36a7bd4286b4,HIGH_NOTE_TOO_EFFORTFUL,THROAT_EFFORT,REGISTER_CONNECTION,REGISTER_CONNECTION,REGISTER_CONNECTION,REGISTER_CONNECTION,0.9356,EXPECTED_SHARED_PROTOCOL,True,True,True,False,True,False,True,True,SOVT_GLIDE,SOVT_GLIDE
36a7bd4286b4,HIGH_NOTE_TOO_EFFORTFUL,LOUD_VOICE_DIFFICULT,REGISTER_CONNECTION,REGISTER_CONNECTION,REGISTER_CONNECTION,REGISTER_CONNECTION,0.9316,EXPECTED_SHARED_PROTOCOL,True,True,True,False,True,False,True,True,SOVT_GLIDE,SOVT_GLIDE
36a7bd4286b4,HIGH_NOTE_TOO_EFFORTFUL,VOCAL_FATIGUE,REGISTER_CONNECTION,REGISTER_CONNECTION,REGISTER_CONNECTION,REGISTER_CONNECTION,0.9442,EXPECTED_SHARED_PROTOCOL,True,True,True,False,True,False,True,True,SOVT_GLIDE,SOVT_GLIDE
36a7bd4286b4,HIGH_NOTE_TOO_EFFORTFUL,AFTER_SINGING_FATIGUE,REGISTER_CONNECTION,REGISTER_CONNECTION,REGISTER_CONNECTION,REGISTER_CONNECTION,0.9277,EXPECTED_SHARED_PROTOCOL,True,True,True,False,True,False,True,True,SOVT_GLIDE,SOVT_GLIDE
36a7bd4286b4,HIGH_NOTE_TOO_EFFORTFUL,PITCH_UNSTABLE,REGISTER_CONNECTION,REGISTER_CONNECTION,REGISTER_CONNECTION,REGISTER_CONNECTION,0.9487,EXPECTED_SHARED_PROTOCOL,True,True,False,False,True,False,True,True,SOVT_GLIDE,SOVT_GLIDE
36a7bd4286b4,HIGH_NOTE_TOO_EFFORTFUL,REGISTER_CONNECTION_DIFFICULT,REGISTER_CONNECTION,REGISTER_CONNECTION,REGISTER_CONNECTION,REGISTER_CONNECTION,0.9372,EXPECTED_SHARED_PROTOCOL,True,True,False,False,True,False,True,True,SOVT_GLIDE,SOVT_GLIDE
36a7bd4286b4,HIGH_NOTE_FLIPS,HIGH_NOTE_UNSTABLE,REGISTER_CONNECTION,REGISTER_CONNECTION,REGISTER_CONNECTION,REGISTER_CONNECTION,0.9607,EXPECTED_SHARED_PROTOCOL,True,True,True,True,True,False,True,True,SOVT_GLIDE,SOVT_GLIDE
36a7bd4286b4,HIGH_NOTE_FLIPS,THROAT_EFFORT,REGISTER_CONNECTION,REGISTER_CONNECTION,REGISTER_CONNECTION,REGISTER_CONNECTION,0.9386,EXPECTED_SHARED_PROTOCOL,True,True,True,False,True,False,True,True,SOVT_GLIDE,SOVT_GLIDE
36a7bd4286b4,HIGH_NOTE_FLIPS,LOUD_VOICE_DIFFICULT,REGISTER_CONNECTION,REGISTER_CONNECTION,REGISTER_CONNECTION,REGISTER_CONNECTION,0.9432,EXPECTED_SHARED_PROTOCOL,True,True,True,False,True,False,True,True,SOVT_GLIDE,SOVT_GLIDE
36a7bd4286b4,HIGH_NOTE_FLIPS,VOCAL_FATIGUE,REGISTER_CONNECTION,REGISTER_CONNECTION,REGISTER_CONNECTION,REGISTER_CONNECTION,0.9474,EXPECTED_SHARED_PROTOCOL,True,True,True,False,True,False,True,True,SOVT_GLIDE,SOVT_GLIDE
36a7bd4286b4,HIGH_NOTE_FLIPS,AFTER_SINGING_FATIGUE,REGISTER_CONNECTION,REGISTER_CONNECTION,REGISTER_CONNECTION,REGISTER_CONNECTION,0.9565,EXPECTED_SHARED_PROTOCOL,True,True,True,False,True,False,True,True,SOVT_GLIDE,SOVT_GLIDE
36a7bd4286b4,HIGH_NOTE_FLIPS,PITCH_UNSTABLE,REGISTER_CONNECTION,REGISTER_CONNECTION,REGISTER_CONNECTION,REGISTER_CONNECTION,0.952,EXPECTED_SHARED_PROTOCOL,True,True,False,False,True,False,True,True,SOVT_GLIDE,SOVT_GLIDE
36a7bd4286b4,HIGH_NOTE_FLIPS,REGISTER_CONNECTION_DIFFICULT,REGISTER_CONNECTION,REGISTER_CONNECTION,REGISTER_CONNECTION,REGISTER_CONNECTION,0.9231,EXPECTED_SHARED_PROTOCOL,True,True,False,False,True,False,True,True,SOVT_GLIDE,SOVT_GLIDE
36a7bd4286b4,HIGH_NOTE_THINS,TIMBRE_CHANGES_HIGH,REGISTER_CONNECTION,REGISTER_CONNECTION,REGISTER_CONNECTION,REGISTER_CONNECTION,0.9246,EXPECTED_SHARED_PROTOCOL,True,True,True,False,True,False,False,True,SOVT_GLIDE,SOVT_GLIDE
36a7bd4286b4,HIGH_NOTE_UNSTABLE,THROAT_EFFORT,REGISTER_CONNECTION,REGISTER_CONNECTION,REGISTER_CONNECTION,REGISTER_CONNECTION,0.9351,EXPECTED_SHARED_PROTOCOL,True,True,True,False,True,False,True,True,SOVT_GLIDE,SOVT_GLIDE
36a7bd4286b4,HIGH_NOTE_UNSTABLE,LOUD_VOICE_DIFFICULT,REGISTER_CONNECTION,REGISTER_CONNECTION,REGISTER_CONNECTION,REGISTER_CONNECTION,0.9397,EXPECTED_SHARED_PROTOCOL,True,True,True,False,True,False,True,True,SOVT_GLIDE,SOVT_GLIDE
36a7bd4286b4,HIGH_NOTE_UNSTABLE,VOCAL_FATIGUE,REGISTER_CONNECTION,REGISTER_CONNECTION,REGISTER_CONNECTION,REGISTER_CONNECTION,0.9351,EXPECTED_SHARED_PROTOCOL,True,True,True,False,True,False,True,True,SOVT_GLIDE,SOVT_GLIDE
36a7bd4286b4,HIGH_NOTE_UNSTABLE,AFTER_SINGING_FATIGUE,REGISTER_CONNECTION,REGISTER_CONNECTION,REGISTER_CONNECTION,REGISTER_CONNECTION,0.9442,EXPECTED_SHARED_PROTOCOL,True,True,True,False,True,False,True,True,SOVT_GLIDE,SOVT_GLIDE
36a7bd4286b4,HIGH_NOTE_UNSTABLE,PITCH_UNSTABLE,REGISTER_CONNECTION,REGISTER_CONNECTION,REGISTER_CONNECTION,REGISTER_CONNECTION,0.9483,EXPECTED_SHARED_PROTOCOL,True,True,False,False,True,False,True,True,SOVT_GLIDE,SOVT_GLIDE
36a7bd4286b4,HIGH_NOTE_UNSTABLE,REGISTER_CONNECTION_DIFFICULT,REGISTER_CONNECTION,REGISTER_CONNECTION,REGISTER_CONNECTION,REGISTER_CONNECTION,0.9367,EXPECTED_SHARED_PROTOCOL,True,True,False,False,True,False,True,True,SOVT_GLIDE,SOVT_GLIDE
36a7bd4286b4,THROAT_EFFORT,LOUD_VOICE_DIFFICULT,REGISTER_CONNECTION,REGISTER_CONNECTION,REGISTER_CONNECTION,REGISTER_CONNECTION,0.9351,EXPECTED_SHARED_PROTOCOL,True,True,True,False,True,False,True,True,SOVT_GLIDE,SOVT_GLIDE
36a7bd4286b4,THROAT_EFFORT,VOCAL_FATIGUE,REGISTER_CONNECTION,REGISTER_CONNECTION,REGISTER_CONNECTION,REGISTER_CONNECTION,0.9565,EXPECTED_SHARED_PROTOCOL,True,True,True,False,True,False,True,True,SOVT_GLIDE,SOVT_GLIDE
36a7bd4286b4,THROAT_EFFORT,AFTER_SINGING_FATIGUE,REGISTER_CONNECTION,REGISTER_CONNECTION,REGISTER_CONNECTION,REGISTER_CONNECTION,0.931,EXPECTED_SHARED_PROTOCOL,True,True,True,False,True,False,True,True,SOVT_GLIDE,SOVT_GLIDE
36a7bd4286b4,THROAT_EFFORT,PITCH_UNSTABLE,REGISTER_CONNECTION,REGISTER_CONNECTION,REGISTER_CONNECTION,REGISTER_CONNECTION,0.9437,EXPECTED_SHARED_PROTOCOL,True,True,False,False,True,False,True,True,SOVT_GLIDE,SOVT_GLIDE
36a7bd4286b4,THROAT_EFFORT,REGISTER_CONNECTION_DIFFICULT,REGISTER_CONNECTION,REGISTER_CONNECTION,REGISTER_CONNECTION,REGISTER_CONNECTION,0.9407,EXPECTED_SHARED_PROTOCOL,True,True,False,False,True,False,True,True,SOVT_GLIDE,SOVT_GLIDE
36a7bd4286b4,LOUD_VOICE_DIFFICULT,VOCAL_FATIGUE,REGISTER_CONNECTION,REGISTER_CONNECTION,REGISTER_CONNECTION,REGISTER_CONNECTION,0.9351,EXPECTED_SHARED_PROTOCOL,True,True,True,False,True,False,True,True,SOVT_GLIDE,SOVT_GLIDE
36a7bd4286b4,LOUD_VOICE_DIFFICULT,AFTER_SINGING_FATIGUE,REGISTER_CONNECTION,REGISTER_CONNECTION,REGISTER_CONNECTION,REGISTER_CONNECTION,0.9356,EXPECTED_SHARED_PROTOCOL,True,True,True,False,True,False,True,True,SOVT_GLIDE,SOVT_GLIDE
36a7bd4286b4,LOUD_VOICE_DIFFICULT,PITCH_UNSTABLE,REGISTER_CONNECTION,REGISTER_CONNECTION,REGISTER_CONNECTION,REGISTER_CONNECTION,0.931,EXPECTED_SHARED_PROTOCOL,True,True,False,False,True,False,True,True,SOVT_GLIDE,SOVT_GLIDE
36a7bd4286b4,LOUD_VOICE_DIFFICULT,REGISTER_CONNECTION_DIFFICULT,REGISTER_CONNECTION,REGISTER_CONNECTION,REGISTER_CONNECTION,REGISTER_CONNECTION,0.9114,EXPECTED_SHARED_PROTOCOL,True,True,False,False,True,False,True,True,SOVT_GLIDE,SOVT_GLIDE
36a7bd4286b4,VOCAL_FATIGUE,AFTER_SINGING_FATIGUE,REGISTER_CONNECTION,REGISTER_CONNECTION,REGISTER_CONNECTION,REGISTER_CONNECTION,0.9569,EXPECTED_SHARED_PROTOCOL,True,True,True,False,True,False,True,True,SOVT_GLIDE,SOVT_GLIDE
36a7bd4286b4,VOCAL_FATIGUE,PITCH_UNSTABLE,REGISTER_CONNECTION,REGISTER_CONNECTION,REGISTER_CONNECTION,REGISTER_CONNECTION,0.9524,EXPECTED_SHARED_PROTOCOL,True,True,False,False,True,False,True,True,SOVT_GLIDE,SOVT_GLIDE
36a7bd4286b4,VOCAL_FATIGUE,REGISTER_CONNECTION_DIFFICULT,REGISTER_CONNECTION,REGISTER_CONNECTION,REGISTER_CONNECTION,REGISTER_CONNECTION,0.9237,EXPECTED_SHARED_PROTOCOL,True,True,False,False,True,False,True,True,SOVT_GLIDE,SOVT_GLIDE
36a7bd4286b4,AFTER_SINGING_FATIGUE,PITCH_UNSTABLE,REGISTER_CONNECTION,REGISTER_CONNECTION,REGISTER_CONNECTION,REGISTER_CONNECTION,0.927,EXPECTED_SHARED_PROTOCOL,True,True,False,False,True,False,True,True,SOVT_GLIDE,SOVT_GLIDE
36a7bd4286b4,AFTER_SINGING_FATIGUE,REGISTER_CONNECTION_DIFFICULT,REGISTER_CONNECTION,REGISTER_CONNECTION,REGISTER_CONNECTION,REGISTER_CONNECTION,0.916,EXPECTED_SHARED_PROTOCOL,True,True,False,False,True,False,True,True,SOVT_GLIDE,SOVT_GLIDE
36a7bd4286b4,VOICE_TOO_SHARP,VOICE_ROUGH,REGISTER_CONNECTION,REGISTER_CONNECTION,REGISTER_CONNECTION,REGISTER_CONNECTION,0.9529,EXPECTED_SHARED_PROTOCOL,True,True,True,True,True,False,True,True,REGISTER_CONNECTION,REGISTER_CONNECTION
36a7bd4286b4,PITCH_UNSTABLE,REGISTER_CONNECTION_DIFFICULT,REGISTER_CONNECTION,REGISTER_CONNECTION,REGISTER_CONNECTION,REGISTER_CONNECTION,0.9367,EXPECTED_SHARED_PROTOCOL,True,True,True,False,True,False,True,True,SOVT_GLIDE,SOVT_GLIDE
37db691d1416,HIGH_NOTE_CANNOT_REACH,HIGH_NOTE_TOO_EFFORTFUL,REGISTER_CONNECTION,REGISTER_CONNECTION,REGISTER_CONNECTION,REGISTER_CONNECTION,0.9442,EXPECTED_SHARED_PROTOCOL,True,True,True,True,True,False,True,True,SOVT_GLIDE,SOVT_GLIDE
37db691d1416,HIGH_NOTE_CANNOT_REACH,HIGH_NOTE_FLIPS,REGISTER_CONNECTION,REGISTER_CONNECTION,REGISTER_CONNECTION,REGISTER_CONNECTION,0.9561,EXPECTED_SHARED_PROTOCOL,True,True,True,True,True,False,True,True,SOVT_GLIDE,SOVT_GLIDE
37db691d1416,HIGH_NOTE_CANNOT_REACH,HIGH_NOTE_UNSTABLE,REGISTER_CONNECTION,REGISTER_CONNECTION,REGISTER_CONNECTION,REGISTER_CONNECTION,0.9697,EXPECTED_SHARED_PROTOCOL,True,True,True,True,True,False,True,True,SOVT_GLIDE,SOVT_GLIDE
37db691d1416,HIGH_NOTE_CANNOT_REACH,THROAT_EFFORT,REGISTER_CONNECTION,REGISTER_CONNECTION,REGISTER_CONNECTION,REGISTER_CONNECTION,0.9391,EXPECTED_SHARED_PROTOCOL,True,True,True,False,True,False,True,True,SOVT_GLIDE,SOVT_GLIDE
37db691d1416,HIGH_NOTE_CANNOT_REACH,LOUD_VOICE_DIFFICULT,REGISTER_CONNECTION,REGISTER_CONNECTION,REGISTER_CONNECTION,REGISTER_CONNECTION,0.9524,EXPECTED_SHARED_PROTOCOL,True,True,True,False,True,False,True,True,SOVT_GLIDE,SOVT_GLIDE
37db691d1416,HIGH_NOTE_CANNOT_REACH,VOCAL_FATIGUE,REGISTER_CONNECTION,REGISTER_CONNECTION,REGISTER_CONNECTION,REGISTER_CONNECTION,0.9391,EXPECTED_SHARED_PROTOCOL,True,True,True,False,True,False,True,True,SOVT_GLIDE,SOVT_GLIDE
37db691d1416,HIGH_NOTE_CANNOT_REACH,AFTER_SINGING_FATIGUE,REGISTER_CONNECTION,REGISTER_CONNECTION,REGISTER_CONNECTION,REGISTER_CONNECTION,0.9397,EXPECTED_SHARED_PROTOCOL,True,True,True,False,True,False,True,True,SOVT_GLIDE,SOVT_GLIDE
37db691d1416,HIGH_NOTE_CANNOT_REACH,PITCH_UNSTABLE,REGISTER_CONNECTION,REGISTER_CONNECTION,REGISTER_CONNECTION,REGISTER_CONNECTION,0.9437,EXPECTED_SHARED_PROTOCOL,True,True,False,False,True,False,True,True,SOVT_GLIDE,SOVT_GLIDE
37db691d1416,HIGH_NOTE_CANNOT_REACH,REGISTER_CONNECTION_DIFFICULT,REGISTER_CONNECTION,REGISTER_CONNECTION,REGISTER_CONNECTION,REGISTER_CONNECTION,0.9407,EXPECTED_SHARED_PROTOCOL,True,True,False,False,True,False,True,True,SOVT_GLIDE,SOVT_GLIDE
37db691d1416,HIGH_NOTE_TOO_EFFORTFUL,HIGH_NOTE_FLIPS,REGISTER_CONNECTION,REGISTER_CONNECTION,REGISTER_CONNECTION,REGISTER_CONNECTION,0.9437,EXPECTED_SHARED_PROTOCOL,True,True,True,True,True,False,True,True,SOVT_GLIDE,SOVT_GLIDE
37db691d1416,HIGH_NOTE_TOO_EFFORTFUL,HIGH_NOTE_UNSTABLE,REGISTER_CONNECTION,REGISTER_CONNECTION,REGISTER_CONNECTION,REGISTER_CONNECTION,0.9487,EXPECTED_SHARED_PROTOCOL,True,True,True,True,True,False,True,True,SOVT_GLIDE,SOVT_GLIDE
37db691d1416,HIGH_NOTE_TOO_EFFORTFUL,THROAT_EFFORT,REGISTER_CONNECTION,REGISTER_CONNECTION,REGISTER_CONNECTION,REGISTER_CONNECTION,0.9356,EXPECTED_SHARED_PROTOCOL,True,True,True,False,True,False,True,True,SOVT_GLIDE,SOVT_GLIDE
37db691d1416,HIGH_NOTE_TOO_EFFORTFUL,LOUD_VOICE_DIFFICULT,REGISTER_CONNECTION,REGISTER_CONNECTION,REGISTER_CONNECTION,REGISTER_CONNECTION,0.9316,EXPECTED_SHARED_PROTOCOL,True,True,True,False,True,False,True,True,SOVT_GLIDE,SOVT_GLIDE
37db691d1416,HIGH_NOTE_TOO_EFFORTFUL,VOCAL_FATIGUE,REGISTER_CONNECTION,REGISTER_CONNECTION,REGISTER_CONNECTION,REGISTER_CONNECTION,0.9442,EXPECTED_SHARED_PROTOCOL,True,True,True,False,True,False,True,True,SOVT_GLIDE,SOVT_GLIDE
37db691d1416,HIGH_NOTE_TOO_EFFORTFUL,AFTER_SINGING_FATIGUE,REGISTER_CONNECTION,REGISTER_CONNECTION,REGISTER_CONNECTION,REGISTER_CONNECTION,0.9277,EXPECTED_SHARED_PROTOCOL,True,True,True,False,True,False,True,True,SOVT_GLIDE,SOVT_GLIDE
37db691d1416,HIGH_NOTE_TOO_EFFORTFUL,PITCH_UNSTABLE,REGISTER_CONNECTION,REGISTER_CONNECTION,REGISTER_CONNECTION,REGISTER_CONNECTION,0.9487,EXPECTED_SHARED_PROTOCOL,True,True,False,False,True,False,True,True,SOVT_GLIDE,SOVT_GLIDE
37db691d1416,HIGH_NOTE_TOO_EFFORTFUL,REGISTER_CONNECTION_DIFFICULT,REGISTER_CONNECTION,REGISTER_CONNECTION,REGISTER_CONNECTION,REGISTER_CONNECTION,0.9372,EXPECTED_SHARED_PROTOCOL,True,True,False,False,True,False,True,True,SOVT_GLIDE,SOVT_GLIDE
37db691d1416,HIGH_NOTE_FLIPS,HIGH_NOTE_UNSTABLE,REGISTER_CONNECTION,REGISTER_CONNECTION,REGISTER_CONNECTION,REGISTER_CONNECTION,0.9607,EXPECTED_SHARED_PROTOCOL,True,True,True,True,True,False,True,True,SOVT_GLIDE,SOVT_GLIDE
37db691d1416,HIGH_NOTE_FLIPS,THROAT_EFFORT,REGISTER_CONNECTION,REGISTER_CONNECTION,REGISTER_CONNECTION,REGISTER_CONNECTION,0.9386,EXPECTED_SHARED_PROTOCOL,True,True,True,False,True,False,True,True,SOVT_GLIDE,SOVT_GLIDE
37db691d1416,HIGH_NOTE_FLIPS,LOUD_VOICE_DIFFICULT,REGISTER_CONNECTION,REGISTER_CONNECTION,REGISTER_CONNECTION,REGISTER_CONNECTION,0.9432,EXPECTED_SHARED_PROTOCOL,True,True,True,False,True,False,True,True,SOVT_GLIDE,SOVT_GLIDE
37db691d1416,HIGH_NOTE_FLIPS,VOCAL_FATIGUE,REGISTER_CONNECTION,REGISTER_CONNECTION,REGISTER_CONNECTION,REGISTER_CONNECTION,0.9474,EXPECTED_SHARED_PROTOCOL,True,True,True,False,True,False,True,True,SOVT_GLIDE,SOVT_GLIDE
37db691d1416,HIGH_NOTE_FLIPS,AFTER_SINGING_FATIGUE,REGISTER_CONNECTION,REGISTER_CONNECTION,REGISTER_CONNECTION,REGISTER_CONNECTION,0.9565,EXPECTED_SHARED_PROTOCOL,True,True,True,False,True,False,True,True,SOVT_GLIDE,SOVT_GLIDE
37db691d1416,HIGH_NOTE_FLIPS,PITCH_UNSTABLE,REGISTER_CONNECTION,REGISTER_CONNECTION,REGISTER_CONNECTION,REGISTER_CONNECTION,0.952,EXPECTED_SHARED_PROTOCOL,True,True,False,False,True,False,True,True,SOVT_GLIDE,SOVT_GLIDE
37db691d1416,HIGH_NOTE_FLIPS,REGISTER_CONNECTION_DIFFICULT,REGISTER_CONNECTION,REGISTER_CONNECTION,REGISTER_CONNECTION,REGISTER_CONNECTION,0.9231,EXPECTED_SHARED_PROTOCOL,True,True,False,False,True,False,True,True,SOVT_GLIDE,SOVT_GLIDE
37db691d1416,HIGH_NOTE_UNSTABLE,THROAT_EFFORT,REGISTER_CONNECTION,REGISTER_CONNECTION,REGISTER_CONNECTION,REGISTER_CONNECTION,0.9351,EXPECTED_SHARED_PROTOCOL,True,True,True,False,True,False,True,True,SOVT_GLIDE,SOVT_GLIDE
37db691d1416,HIGH_NOTE_UNSTABLE,LOUD_VOICE_DIFFICULT,REGISTER_CONNECTION,REGISTER_CONNECTION,REGISTER_CONNECTION,REGISTER_CONNECTION,0.9397,EXPECTED_SHARED_PROTOCOL,True,True,True,False,True,False,True,True,SOVT_GLIDE,SOVT_GLIDE
37db691d1416,HIGH_NOTE_UNSTABLE,VOCAL_FATIGUE,REGISTER_CONNECTION,REGISTER_CONNECTION,REGISTER_CONNECTION,REGISTER_CONNECTION,0.9351,EXPECTED_SHARED_PROTOCOL,True,True,True,False,True,False,True,True,SOVT_GLIDE,SOVT_GLIDE
37db691d1416,HIGH_NOTE_UNSTABLE,AFTER_SINGING_FATIGUE,REGISTER_CONNECTION,REGISTER_CONNECTION,REGISTER_CONNECTION,REGISTER_CONNECTION,0.9442,EXPECTED_SHARED_PROTOCOL,True,True,True,False,True,False,True,True,SOVT_GLIDE,SOVT_GLIDE
37db691d1416,HIGH_NOTE_UNSTABLE,PITCH_UNSTABLE,REGISTER_CONNECTION,REGISTER_CONNECTION,REGISTER_CONNECTION,REGISTER_CONNECTION,0.9483,EXPECTED_SHARED_PROTOCOL,True,True,False,False,True,False,True,True,SOVT_GLIDE,SOVT_GLIDE
37db691d1416,HIGH_NOTE_UNSTABLE,REGISTER_CONNECTION_DIFFICULT,REGISTER_CONNECTION,REGISTER_CONNECTION,REGISTER_CONNECTION,REGISTER_CONNECTION,0.9367,EXPECTED_SHARED_PROTOCOL,True,True,False,False,True,False,True,True,SOVT_GLIDE,SOVT_GLIDE
37db691d1416,THROAT_EFFORT,LOUD_VOICE_DIFFICULT,REGISTER_CONNECTION,REGISTER_CONNECTION,REGISTER_CONNECTION,REGISTER_CONNECTION,0.9351,EXPECTED_SHARED_PROTOCOL,True,True,True,False,True,False,True,True,SOVT_GLIDE,SOVT_GLIDE
37db691d1416,THROAT_EFFORT,VOCAL_FATIGUE,REGISTER_CONNECTION,REGISTER_CONNECTION,REGISTER_CONNECTION,REGISTER_CONNECTION,0.9565,EXPECTED_SHARED_PROTOCOL,True,True,True,False,True,False,True,True,SOVT_GLIDE,SOVT_GLIDE
37db691d1416,THROAT_EFFORT,AFTER_SINGING_FATIGUE,REGISTER_CONNECTION,REGISTER_CONNECTION,REGISTER_CONNECTION,REGISTER_CONNECTION,0.931,EXPECTED_SHARED_PROTOCOL,True,True,True,False,True,False,True,True,SOVT_GLIDE,SOVT_GLIDE
37db691d1416,THROAT_EFFORT,PITCH_UNSTABLE,REGISTER_CONNECTION,REGISTER_CONNECTION,REGISTER_CONNECTION,REGISTER_CONNECTION,0.9437,EXPECTED_SHARED_PROTOCOL,True,True,False,False,True,False,True,True,SOVT_GLIDE,SOVT_GLIDE
37db691d1416,THROAT_EFFORT,REGISTER_CONNECTION_DIFFICULT,REGISTER_CONNECTION,REGISTER_CONNECTION,REGISTER_CONNECTION,REGISTER_CONNECTION,0.9407,EXPECTED_SHARED_PROTOCOL,True,True,False,False,True,False,True,True,SOVT_GLIDE,SOVT_GLIDE
37db691d1416,LOUD_VOICE_DIFFICULT,VOCAL_FATIGUE,REGISTER_CONNECTION,REGISTER_CONNECTION,REGISTER_CONNECTION,REGISTER_CONNECTION,0.9351,EXPECTED_SHARED_PROTOCOL,True,True,True,False,True,False,True,True,SOVT_GLIDE,SOVT_GLIDE
37db691d1416,LOUD_VOICE_DIFFICULT,AFTER_SINGING_FATIGUE,REGISTER_CONNECTION,REGISTER_CONNECTION,REGISTER_CONNECTION,REGISTER_CONNECTION,0.9356,EXPECTED_SHARED_PROTOCOL,True,True,True,False,True,False,True,True,SOVT_GLIDE,SOVT_GLIDE
37db691d1416,LOUD_VOICE_DIFFICULT,PITCH_UNSTABLE,REGISTER_CONNECTION,REGISTER_CONNECTION,REGISTER_CONNECTION,REGISTER_CONNECTION,0.931,EXPECTED_SHARED_PROTOCOL,True,True,False,False,True,False,True,True,SOVT_GLIDE,SOVT_GLIDE
37db691d1416,LOUD_VOICE_DIFFICULT,REGISTER_CONNECTION_DIFFICULT,REGISTER_CONNECTION,REGISTER_CONNECTION,REGISTER_CONNECTION,REGISTER_CONNECTION,0.9114,EXPECTED_SHARED_PROTOCOL,True,True,False,False,True,False,True,True,SOVT_GLIDE,SOVT_GLIDE
37db691d1416,VOCAL_FATIGUE,AFTER_SINGING_FATIGUE,REGISTER_CONNECTION,REGISTER_CONNECTION,REGISTER_CONNECTION,REGISTER_CONNECTION,0.9569,EXPECTED_SHARED_PROTOCOL,True,True,True,False,True,False,True,True,SOVT_GLIDE,SOVT_GLIDE
37db691d1416,VOCAL_FATIGUE,PITCH_UNSTABLE,REGISTER_CONNECTION,REGISTER_CONNECTION,REGISTER_CONNECTION,REGISTER_CONNECTION,0.9524,EXPECTED_SHARED_PROTOCOL,True,True,False,False,True,False,True,True,SOVT_GLIDE,SOVT_GLIDE
37db691d1416,VOCAL_FATIGUE,REGISTER_CONNECTION_DIFFICULT,REGISTER_CONNECTION,REGISTER_CONNECTION,REGISTER_CONNECTION,REGISTER_CONNECTION,0.9237,EXPECTED_SHARED_PROTOCOL,True,True,False,False,True,False,True,True,SOVT_GLIDE,SOVT_GLIDE
37db691d1416,AFTER_SINGING_FATIGUE,PITCH_UNSTABLE,REGISTER_CONNECTION,REGISTER_CONNECTION,REGISTER_CONNECTION,REGISTER_CONNECTION,0.927,EXPECTED_SHARED_PROTOCOL,True,True,False,False,True,False,True,True,SOVT_GLIDE,SOVT_GLIDE
37db691d1416,AFTER_SINGING_FATIGUE,REGISTER_CONNECTION_DIFFICULT,REGISTER_CONNECTION,REGISTER_CONNECTION,REGISTER_CONNECTION,REGISTER_CONNECTION,0.916,EXPECTED_SHARED_PROTOCOL,True,True,False,False,True,False,True,True,SOVT_GLIDE,SOVT_GLIDE
37db691d1416,PITCH_UNSTABLE,REGISTER_CONNECTION_DIFFICULT,REGISTER_CONNECTION,REGISTER_CONNECTION,REGISTER_CONNECTION,REGISTER_CONNECTION,0.9367,EXPECTED_SHARED_PROTOCOL,True,True,True,False,True,False,True,True,SOVT_GLIDE,SOVT_GLIDE
3ced1f723c5e,HIGH_NOTE_CANNOT_REACH,HIGH_NOTE_TOO_EFFORTFUL,REGISTER_CONNECTION,REGISTER_CONNECTION,REGISTER_CONNECTION,REGISTER_CONNECTION,0.9442,EXPECTED_SHARED_PROTOCOL,True,True,True,True,True,False,True,True,SOVT_GLIDE,SOVT_GLIDE
3ced1f723c5e,HIGH_NOTE_CANNOT_REACH,HIGH_NOTE_FLIPS,REGISTER_CONNECTION,REGISTER_CONNECTION,REGISTER_CONNECTION,REGISTER_CONNECTION,0.9561,EXPECTED_SHARED_PROTOCOL,True,True,True,True,True,False,True,True,SOVT_GLIDE,SOVT_GLIDE
3ced1f723c5e,HIGH_NOTE_CANNOT_REACH,HIGH_NOTE_UNSTABLE,REGISTER_CONNECTION,REGISTER_CONNECTION,REGISTER_CONNECTION,REGISTER_CONNECTION,0.9697,EXPECTED_SHARED_PROTOCOL,True,True,True,True,True,False,True,True,SOVT_GLIDE,SOVT_GLIDE
3ced1f723c5e,HIGH_NOTE_CANNOT_REACH,THROAT_EFFORT,REGISTER_CONNECTION,REGISTER_CONNECTION,REGISTER_CONNECTION,REGISTER_CONNECTION,0.9391,EXPECTED_SHARED_PROTOCOL,True,True,True,False,True,False,True,True,SOVT_GLIDE,SOVT_GLIDE
3ced1f723c5e,HIGH_NOTE_CANNOT_REACH,LOUD_VOICE_DIFFICULT,REGISTER_CONNECTION,REGISTER_CONNECTION,REGISTER_CONNECTION,REGISTER_CONNECTION,0.9524,EXPECTED_SHARED_PROTOCOL,True,True,True,False,True,False,True,True,SOVT_GLIDE,SOVT_GLIDE
3ced1f723c5e,HIGH_NOTE_CANNOT_REACH,VOCAL_FATIGUE,REGISTER_CONNECTION,REGISTER_CONNECTION,REGISTER_CONNECTION,REGISTER_CONNECTION,0.9391,EXPECTED_SHARED_PROTOCOL,True,True,True,False,True,False,True,True,SOVT_GLIDE,SOVT_GLIDE
3ced1f723c5e,HIGH_NOTE_CANNOT_REACH,AFTER_SINGING_FATIGUE,REGISTER_CONNECTION,REGISTER_CONNECTION,REGISTER_CONNECTION,REGISTER_CONNECTION,0.9397,EXPECTED_SHARED_PROTOCOL,True,True,True,False,True,False,True,True,SOVT_GLIDE,SOVT_GLIDE
3ced1f723c5e,HIGH_NOTE_CANNOT_REACH,PITCH_UNSTABLE,REGISTER_CONNECTION,REGISTER_CONNECTION,REGISTER_CONNECTION,REGISTER_CONNECTION,0.9437,EXPECTED_SHARED_PROTOCOL,True,True,False,False,True,False,True,True,SOVT_GLIDE,SOVT_GLIDE
3ced1f723c5e,HIGH_NOTE_CANNOT_REACH,REGISTER_CONNECTION_DIFFICULT,REGISTER_CONNECTION,REGISTER_CONNECTION,REGISTER_CONNECTION,REGISTER_CONNECTION,0.9407,EXPECTED_SHARED_PROTOCOL,True,True,False,False,True,False,True,True,SOVT_GLIDE,SOVT_GLIDE
3ced1f723c5e,HIGH_NOTE_TOO_EFFORTFUL,HIGH_NOTE_FLIPS,REGISTER_CONNECTION,REGISTER_CONNECTION,REGISTER_CONNECTION,REGISTER_CONNECTION,0.9437,EXPECTED_SHARED_PROTOCOL,True,True,True,True,True,False,True,True,SOVT_GLIDE,SOVT_GLIDE
3ced1f723c5e,HIGH_NOTE_TOO_EFFORTFUL,HIGH_NOTE_UNSTABLE,REGISTER_CONNECTION,REGISTER_CONNECTION,REGISTER_CONNECTION,REGISTER_CONNECTION,0.9487,EXPECTED_SHARED_PROTOCOL,True,True,True,True,True,False,True,True,SOVT_GLIDE,SOVT_GLIDE
3ced1f723c5e,HIGH_NOTE_TOO_EFFORTFUL,THROAT_EFFORT,REGISTER_CONNECTION,REGISTER_CONNECTION,REGISTER_CONNECTION,REGISTER_CONNECTION,0.9356,EXPECTED_SHARED_PROTOCOL,True,True,True,False,True,False,True,True,SOVT_GLIDE,SOVT_GLIDE
3ced1f723c5e,HIGH_NOTE_TOO_EFFORTFUL,LOUD_VOICE_DIFFICULT,REGISTER_CONNECTION,REGISTER_CONNECTION,REGISTER_CONNECTION,REGISTER_CONNECTION,0.9316,EXPECTED_SHARED_PROTOCOL,True,True,True,False,True,False,True,True,SOVT_GLIDE,SOVT_GLIDE
3ced1f723c5e,HIGH_NOTE_TOO_EFFORTFUL,VOCAL_FATIGUE,REGISTER_CONNECTION,REGISTER_CONNECTION,REGISTER_CONNECTION,REGISTER_CONNECTION,0.9442,EXPECTED_SHARED_PROTOCOL,True,True,True,False,True,False,True,True,SOVT_GLIDE,SOVT_GLIDE
3ced1f723c5e,HIGH_NOTE_TOO_EFFORTFUL,AFTER_SINGING_FATIGUE,REGISTER_CONNECTION,REGISTER_CONNECTION,REGISTER_CONNECTION,REGISTER_CONNECTION,0.9277,EXPECTED_SHARED_PROTOCOL,True,True,True,False,True,False,True,True,SOVT_GLIDE,SOVT_GLIDE
3ced1f723c5e,HIGH_NOTE_TOO_EFFORTFUL,PITCH_UNSTABLE,REGISTER_CONNECTION,REGISTER_CONNECTION,REGISTER_CONNECTION,REGISTER_CONNECTION,0.9487,EXPECTED_SHARED_PROTOCOL,True,True,False,False,True,False,True,True,SOVT_GLIDE,SOVT_GLIDE
3ced1f723c5e,HIGH_NOTE_TOO_EFFORTFUL,REGISTER_CONNECTION_DIFFICULT,REGISTER_CONNECTION,REGISTER_CONNECTION,REGISTER_CONNECTION,REGISTER_CONNECTION,0.9372,EXPECTED_SHARED_PROTOCOL,True,True,False,False,True,False,True,True,SOVT_GLIDE,SOVT_GLIDE
3ced1f723c5e,HIGH_NOTE_FLIPS,HIGH_NOTE_UNSTABLE,REGISTER_CONNECTION,REGISTER_CONNECTION,REGISTER_CONNECTION,REGISTER_CONNECTION,0.9607,EXPECTED_SHARED_PROTOCOL,True,True,True,True,True,False,True,True,SOVT_GLIDE,SOVT_GLIDE
3ced1f723c5e,HIGH_NOTE_FLIPS,THROAT_EFFORT,REGISTER_CONNECTION,REGISTER_CONNECTION,REGISTER_CONNECTION,REGISTER_CONNECTION,0.9386,EXPECTED_SHARED_PROTOCOL,True,True,True,False,True,False,True,True,SOVT_GLIDE,SOVT_GLIDE
3ced1f723c5e,HIGH_NOTE_FLIPS,LOUD_VOICE_DIFFICULT,REGISTER_CONNECTION,REGISTER_CONNECTION,REGISTER_CONNECTION,REGISTER_CONNECTION,0.9432,EXPECTED_SHARED_PROTOCOL,True,True,True,False,True,False,True,True,SOVT_GLIDE,SOVT_GLIDE
3ced1f723c5e,HIGH_NOTE_FLIPS,VOCAL_FATIGUE,REGISTER_CONNECTION,REGISTER_CONNECTION,REGISTER_CONNECTION,REGISTER_CONNECTION,0.9474,EXPECTED_SHARED_PROTOCOL,True,True,True,False,True,False,True,True,SOVT_GLIDE,SOVT_GLIDE
3ced1f723c5e,HIGH_NOTE_FLIPS,AFTER_SINGING_FATIGUE,REGISTER_CONNECTION,REGISTER_CONNECTION,REGISTER_CONNECTION,REGISTER_CONNECTION,0.9565,EXPECTED_SHARED_PROTOCOL,True,True,True,False,True,False,True,True,SOVT_GLIDE,SOVT_GLIDE
3ced1f723c5e,HIGH_NOTE_FLIPS,PITCH_UNSTABLE,REGISTER_CONNECTION,REGISTER_CONNECTION,REGISTER_CONNECTION,REGISTER_CONNECTION,0.952,EXPECTED_SHARED_PROTOCOL,True,True,False,False,True,False,True,True,SOVT_GLIDE,SOVT_GLIDE
3ced1f723c5e,HIGH_NOTE_FLIPS,REGISTER_CONNECTION_DIFFICULT,REGISTER_CONNECTION,REGISTER_CONNECTION,REGISTER_CONNECTION,REGISTER_CONNECTION,0.9231,EXPECTED_SHARED_PROTOCOL,True,True,False,False,True,False,True,True,SOVT_GLIDE,SOVT_GLIDE
3ced1f723c5e,HIGH_NOTE_THINS,TIMBRE_CHANGES_HIGH,REGISTER_CONNECTION,REGISTER_CONNECTION,REGISTER_CONNECTION,REGISTER_CONNECTION,0.9246,EXPECTED_SHARED_PROTOCOL,True,True,True,False,True,False,False,True,SOVT_GLIDE,SOVT_GLIDE
3ced1f723c5e,HIGH_NOTE_UNSTABLE,THROAT_EFFORT,REGISTER_CONNECTION,REGISTER_CONNECTION,REGISTER_CONNECTION,REGISTER_CONNECTION,0.9351,EXPECTED_SHARED_PROTOCOL,True,True,True,False,True,False,True,True,SOVT_GLIDE,SOVT_GLIDE
3ced1f723c5e,HIGH_NOTE_UNSTABLE,LOUD_VOICE_DIFFICULT,REGISTER_CONNECTION,REGISTER_CONNECTION,REGISTER_CONNECTION,REGISTER_CONNECTION,0.9397,EXPECTED_SHARED_PROTOCOL,True,True,True,False,True,False,True,True,SOVT_GLIDE,SOVT_GLIDE
3ced1f723c5e,HIGH_NOTE_UNSTABLE,VOCAL_FATIGUE,REGISTER_CONNECTION,REGISTER_CONNECTION,REGISTER_CONNECTION,REGISTER_CONNECTION,0.9351,EXPECTED_SHARED_PROTOCOL,True,True,True,False,True,False,True,True,SOVT_GLIDE,SOVT_GLIDE
3ced1f723c5e,HIGH_NOTE_UNSTABLE,AFTER_SINGING_FATIGUE,REGISTER_CONNECTION,REGISTER_CONNECTION,REGISTER_CONNECTION,REGISTER_CONNECTION,0.9442,EXPECTED_SHARED_PROTOCOL,True,True,True,False,True,False,True,True,SOVT_GLIDE,SOVT_GLIDE
3ced1f723c5e,HIGH_NOTE_UNSTABLE,PITCH_UNSTABLE,REGISTER_CONNECTION,REGISTER_CONNECTION,REGISTER_CONNECTION,REGISTER_CONNECTION,0.9483,EXPECTED_SHARED_PROTOCOL,True,True,False,False,True,False,True,True,SOVT_GLIDE,SOVT_GLIDE
3ced1f723c5e,HIGH_NOTE_UNSTABLE,REGISTER_CONNECTION_DIFFICULT,REGISTER_CONNECTION,REGISTER_CONNECTION,REGISTER_CONNECTION,REGISTER_CONNECTION,0.9367,EXPECTED_SHARED_PROTOCOL,True,True,False,False,True,False,True,True,SOVT_GLIDE,SOVT_GLIDE
3ced1f723c5e,THROAT_EFFORT,LOUD_VOICE_DIFFICULT,REGISTER_CONNECTION,REGISTER_CONNECTION,REGISTER_CONNECTION,REGISTER_CONNECTION,0.9351,EXPECTED_SHARED_PROTOCOL,True,True,True,False,True,False,True,True,SOVT_GLIDE,SOVT_GLIDE
3ced1f723c5e,THROAT_EFFORT,VOCAL_FATIGUE,REGISTER_CONNECTION,REGISTER_CONNECTION,REGISTER_CONNECTION,REGISTER_CONNECTION,0.9565,EXPECTED_SHARED_PROTOCOL,True,True,True,False,True,False,True,True,SOVT_GLIDE,SOVT_GLIDE
3ced1f723c5e,THROAT_EFFORT,AFTER_SINGING_FATIGUE,REGISTER_CONNECTION,REGISTER_CONNECTION,REGISTER_CONNECTION,REGISTER_CONNECTION,0.931,EXPECTED_SHARED_PROTOCOL,True,True,True,False,True,False,True,True,SOVT_GLIDE,SOVT_GLIDE
3ced1f723c5e,THROAT_EFFORT,PITCH_UNSTABLE,REGISTER_CONNECTION,REGISTER_CONNECTION,REGISTER_CONNECTION,REGISTER_CONNECTION,0.9437,EXPECTED_SHARED_PROTOCOL,True,True,False,False,True,False,True,True,SOVT_GLIDE,SOVT_GLIDE
3ced1f723c5e,THROAT_EFFORT,REGISTER_CONNECTION_DIFFICULT,REGISTER_CONNECTION,REGISTER_CONNECTION,REGISTER_CONNECTION,REGISTER_CONNECTION,0.9407,EXPECTED_SHARED_PROTOCOL,True,True,False,False,True,False,True,True,SOVT_GLIDE,SOVT_GLIDE
3ced1f723c5e,LOUD_VOICE_DIFFICULT,VOCAL_FATIGUE,REGISTER_CONNECTION,REGISTER_CONNECTION,REGISTER_CONNECTION,REGISTER_CONNECTION,0.9351,EXPECTED_SHARED_PROTOCOL,True,True,True,False,True,False,True,True,SOVT_GLIDE,SOVT_GLIDE
3ced1f723c5e,LOUD_VOICE_DIFFICULT,AFTER_SINGING_FATIGUE,REGISTER_CONNECTION,REGISTER_CONNECTION,REGISTER_CONNECTION,REGISTER_CONNECTION,0.9356,EXPECTED_SHARED_PROTOCOL,True,True,True,False,True,False,True,True,SOVT_GLIDE,SOVT_GLIDE
3ced1f723c5e,LOUD_VOICE_DIFFICULT,PITCH_UNSTABLE,REGISTER_CONNECTION,REGISTER_CONNECTION,REGISTER_CONNECTION,REGISTER_CONNECTION,0.931,EXPECTED_SHARED_PROTOCOL,True,True,False,False,True,False,True,True,SOVT_GLIDE,SOVT_GLIDE
3ced1f723c5e,LOUD_VOICE_DIFFICULT,REGISTER_CONNECTION_DIFFICULT,REGISTER_CONNECTION,REGISTER_CONNECTION,REGISTER_CONNECTION,REGISTER_CONNECTION,0.9114,EXPECTED_SHARED_PROTOCOL,True,True,False,False,True,False,True,True,SOVT_GLIDE,SOVT_GLIDE
3ced1f723c5e,VOCAL_FATIGUE,AFTER_SINGING_FATIGUE,REGISTER_CONNECTION,REGISTER_CONNECTION,REGISTER_CONNECTION,REGISTER_CONNECTION,0.9569,EXPECTED_SHARED_PROTOCOL,True,True,True,False,True,False,True,True,SOVT_GLIDE,SOVT_GLIDE
3ced1f723c5e,VOCAL_FATIGUE,PITCH_UNSTABLE,REGISTER_CONNECTION,REGISTER_CONNECTION,REGISTER_CONNECTION,REGISTER_CONNECTION,0.9524,EXPECTED_SHARED_PROTOCOL,True,True,False,False,True,False,True,True,SOVT_GLIDE,SOVT_GLIDE
3ced1f723c5e,VOCAL_FATIGUE,REGISTER_CONNECTION_DIFFICULT,REGISTER_CONNECTION,REGISTER_CONNECTION,REGISTER_CONNECTION,REGISTER_CONNECTION,0.9237,EXPECTED_SHARED_PROTOCOL,True,True,False,False,True,False,True,True,SOVT_GLIDE,SOVT_GLIDE
3ced1f723c5e,AFTER_SINGING_FATIGUE,PITCH_UNSTABLE,REGISTER_CONNECTION,REGISTER_CONNECTION,REGISTER_CONNECTION,REGISTER_CONNECTION,0.927,EXPECTED_SHARED_PROTOCOL,True,True,False,False,True,False,True,True,SOVT_GLIDE,SOVT_GLIDE
3ced1f723c5e,AFTER_SINGING_FATIGUE,REGISTER_CONNECTION_DIFFICULT,REGISTER_CONNECTION,REGISTER_CONNECTION,REGISTER_CONNECTION,REGISTER_CONNECTION,0.916,EXPECTED_SHARED_PROTOCOL,True,True,False,False,True,False,True,True,SOVT_GLIDE,SOVT_GLIDE
3ced1f723c5e,VOICE_TOO_SHARP,VOICE_ROUGH,REGISTER_CONNECTION,REGISTER_CONNECTION,REGISTER_CONNECTION,REGISTER_CONNECTION,0.9529,EXPECTED_SHARED_PROTOCOL,True,True,True,True,True,False,True,True,REGISTER_CONNECTION,REGISTER_CONNECTION
3ced1f723c5e,PITCH_UNSTABLE,REGISTER_CONNECTION_DIFFICULT,REGISTER_CONNECTION,REGISTER_CONNECTION,REGISTER_CONNECTION,REGISTER_CONNECTION,0.9367,EXPECTED_SHARED_PROTOCOL,True,True,True,False,True,False,True,True,SOVT_GLIDE,SOVT_GLIDE
40fb338380cc,HIGH_NOTE_CANNOT_REACH,HIGH_NOTE_TOO_EFFORTFUL,REGISTER_CONNECTION,REGISTER_CONNECTION,REGISTER_CONNECTION,REGISTER_CONNECTION,0.9442,EXPECTED_SHARED_PROTOCOL,True,True,True,True,True,False,True,True,SOVT_GLIDE,SOVT_GLIDE
40fb338380cc,HIGH_NOTE_CANNOT_REACH,HIGH_NOTE_FLIPS,REGISTER_CONNECTION,REGISTER_CONNECTION,REGISTER_CONNECTION,REGISTER_CONNECTION,0.9561,EXPECTED_SHARED_PROTOCOL,True,True,True,True,True,False,True,True,SOVT_GLIDE,SOVT_GLIDE
40fb338380cc,HIGH_NOTE_CANNOT_REACH,HIGH_NOTE_UNSTABLE,REGISTER_CONNECTION,REGISTER_CONNECTION,REGISTER_CONNECTION,REGISTER_CONNECTION,0.9697,EXPECTED_SHARED_PROTOCOL,True,True,True,True,True,False,True,True,SOVT_GLIDE,SOVT_GLIDE
40fb338380cc,HIGH_NOTE_CANNOT_REACH,THROAT_EFFORT,REGISTER_CONNECTION,REGISTER_CONNECTION,REGISTER_CONNECTION,REGISTER_CONNECTION,0.9391,EXPECTED_SHARED_PROTOCOL,True,True,True,False,True,False,True,True,SOVT_GLIDE,SOVT_GLIDE
40fb338380cc,HIGH_NOTE_CANNOT_REACH,LOUD_VOICE_DIFFICULT,REGISTER_CONNECTION,REGISTER_CONNECTION,REGISTER_CONNECTION,REGISTER_CONNECTION,0.9524,EXPECTED_SHARED_PROTOCOL,True,True,True,False,True,False,True,True,SOVT_GLIDE,SOVT_GLIDE
40fb338380cc,HIGH_NOTE_CANNOT_REACH,VOCAL_FATIGUE,REGISTER_CONNECTION,REGISTER_CONNECTION,REGISTER_CONNECTION,REGISTER_CONNECTION,0.9391,EXPECTED_SHARED_PROTOCOL,True,True,True,False,True,False,True,True,SOVT_GLIDE,SOVT_GLIDE
40fb338380cc,HIGH_NOTE_CANNOT_REACH,AFTER_SINGING_FATIGUE,REGISTER_CONNECTION,REGISTER_CONNECTION,REGISTER_CONNECTION,REGISTER_CONNECTION,0.9397,EXPECTED_SHARED_PROTOCOL,True,True,True,False,True,False,True,True,SOVT_GLIDE,SOVT_GLIDE
40fb338380cc,HIGH_NOTE_CANNOT_REACH,PITCH_UNSTABLE,REGISTER_CONNECTION,REGISTER_CONNECTION,REGISTER_CONNECTION,REGISTER_CONNECTION,0.9437,EXPECTED_SHARED_PROTOCOL,True,True,False,False,True,False,True,True,SOVT_GLIDE,SOVT_GLIDE
40fb338380cc,HIGH_NOTE_CANNOT_REACH,REGISTER_CONNECTION_DIFFICULT,REGISTER_CONNECTION,REGISTER_CONNECTION,REGISTER_CONNECTION,REGISTER_CONNECTION,0.9407,EXPECTED_SHARED_PROTOCOL,True,True,False,False,True,False,True,True,SOVT_GLIDE,SOVT_GLIDE
40fb338380cc,HIGH_NOTE_TOO_EFFORTFUL,HIGH_NOTE_FLIPS,REGISTER_CONNECTION,REGISTER_CONNECTION,REGISTER_CONNECTION,REGISTER_CONNECTION,0.9437,EXPECTED_SHARED_PROTOCOL,True,True,True,True,True,False,True,True,SOVT_GLIDE,SOVT_GLIDE
40fb338380cc,HIGH_NOTE_TOO_EFFORTFUL,HIGH_NOTE_UNSTABLE,REGISTER_CONNECTION,REGISTER_CONNECTION,REGISTER_CONNECTION,REGISTER_CONNECTION,0.9487,EXPECTED_SHARED_PROTOCOL,True,True,True,True,True,False,True,True,SOVT_GLIDE,SOVT_GLIDE
40fb338380cc,HIGH_NOTE_TOO_EFFORTFUL,THROAT_EFFORT,REGISTER_CONNECTION,REGISTER_CONNECTION,REGISTER_CONNECTION,REGISTER_CONNECTION,0.9356,EXPECTED_SHARED_PROTOCOL,True,True,True,False,True,False,True,True,SOVT_GLIDE,SOVT_GLIDE
40fb338380cc,HIGH_NOTE_TOO_EFFORTFUL,LOUD_VOICE_DIFFICULT,REGISTER_CONNECTION,REGISTER_CONNECTION,REGISTER_CONNECTION,REGISTER_CONNECTION,0.9316,EXPECTED_SHARED_PROTOCOL,True,True,True,False,True,False,True,True,SOVT_GLIDE,SOVT_GLIDE
40fb338380cc,HIGH_NOTE_TOO_EFFORTFUL,VOCAL_FATIGUE,REGISTER_CONNECTION,REGISTER_CONNECTION,REGISTER_CONNECTION,REGISTER_CONNECTION,0.9442,EXPECTED_SHARED_PROTOCOL,True,True,True,False,True,False,True,True,SOVT_GLIDE,SOVT_GLIDE
40fb338380cc,HIGH_NOTE_TOO_EFFORTFUL,AFTER_SINGING_FATIGUE,REGISTER_CONNECTION,REGISTER_CONNECTION,REGISTER_CONNECTION,REGISTER_CONNECTION,0.9277,EXPECTED_SHARED_PROTOCOL,True,True,True,False,True,False,True,True,SOVT_GLIDE,SOVT_GLIDE
40fb338380cc,HIGH_NOTE_TOO_EFFORTFUL,PITCH_UNSTABLE,REGISTER_CONNECTION,REGISTER_CONNECTION,REGISTER_CONNECTION,REGISTER_CONNECTION,0.9487,EXPECTED_SHARED_PROTOCOL,True,True,False,False,True,False,True,True,SOVT_GLIDE,SOVT_GLIDE
40fb338380cc,HIGH_NOTE_TOO_EFFORTFUL,REGISTER_CONNECTION_DIFFICULT,REGISTER_CONNECTION,REGISTER_CONNECTION,REGISTER_CONNECTION,REGISTER_CONNECTION,0.9372,EXPECTED_SHARED_PROTOCOL,True,True,False,False,True,False,True,True,SOVT_GLIDE,SOVT_GLIDE
40fb338380cc,HIGH_NOTE_FLIPS,HIGH_NOTE_UNSTABLE,REGISTER_CONNECTION,REGISTER_CONNECTION,REGISTER_CONNECTION,REGISTER_CONNECTION,0.9607,EXPECTED_SHARED_PROTOCOL,True,True,True,True,True,False,True,True,SOVT_GLIDE,SOVT_GLIDE
40fb338380cc,HIGH_NOTE_FLIPS,THROAT_EFFORT,REGISTER_CONNECTION,REGISTER_CONNECTION,REGISTER_CONNECTION,REGISTER_CONNECTION,0.9386,EXPECTED_SHARED_PROTOCOL,True,True,True,False,True,False,True,True,SOVT_GLIDE,SOVT_GLIDE
40fb338380cc,HIGH_NOTE_FLIPS,LOUD_VOICE_DIFFICULT,REGISTER_CONNECTION,REGISTER_CONNECTION,REGISTER_CONNECTION,REGISTER_CONNECTION,0.9432,EXPECTED_SHARED_PROTOCOL,True,True,True,False,True,False,True,True,SOVT_GLIDE,SOVT_GLIDE
40fb338380cc,HIGH_NOTE_FLIPS,VOCAL_FATIGUE,REGISTER_CONNECTION,REGISTER_CONNECTION,REGISTER_CONNECTION,REGISTER_CONNECTION,0.9474,EXPECTED_SHARED_PROTOCOL,True,True,True,False,True,False,True,True,SOVT_GLIDE,SOVT_GLIDE
40fb338380cc,HIGH_NOTE_FLIPS,AFTER_SINGING_FATIGUE,REGISTER_CONNECTION,REGISTER_CONNECTION,REGISTER_CONNECTION,REGISTER_CONNECTION,0.9565,EXPECTED_SHARED_PROTOCOL,True,True,True,False,True,False,True,True,SOVT_GLIDE,SOVT_GLIDE
40fb338380cc,HIGH_NOTE_FLIPS,PITCH_UNSTABLE,REGISTER_CONNECTION,REGISTER_CONNECTION,REGISTER_CONNECTION,REGISTER_CONNECTION,0.952,EXPECTED_SHARED_PROTOCOL,True,True,False,False,True,False,True,True,SOVT_GLIDE,SOVT_GLIDE
40fb338380cc,HIGH_NOTE_FLIPS,REGISTER_CONNECTION_DIFFICULT,REGISTER_CONNECTION,REGISTER_CONNECTION,REGISTER_CONNECTION,REGISTER_CONNECTION,0.9231,EXPECTED_SHARED_PROTOCOL,True,True,False,False,True,False,True,True,SOVT_GLIDE,SOVT_GLIDE
40fb338380cc,HIGH_NOTE_UNSTABLE,THROAT_EFFORT,REGISTER_CONNECTION,REGISTER_CONNECTION,REGISTER_CONNECTION,REGISTER_CONNECTION,0.9351,EXPECTED_SHARED_PROTOCOL,True,True,True,False,True,False,True,True,SOVT_GLIDE,SOVT_GLIDE
40fb338380cc,HIGH_NOTE_UNSTABLE,LOUD_VOICE_DIFFICULT,REGISTER_CONNECTION,REGISTER_CONNECTION,REGISTER_CONNECTION,REGISTER_CONNECTION,0.9397,EXPECTED_SHARED_PROTOCOL,True,True,True,False,True,False,True,True,SOVT_GLIDE,SOVT_GLIDE
40fb338380cc,HIGH_NOTE_UNSTABLE,VOCAL_FATIGUE,REGISTER_CONNECTION,REGISTER_CONNECTION,REGISTER_CONNECTION,REGISTER_CONNECTION,0.9351,EXPECTED_SHARED_PROTOCOL,True,True,True,False,True,False,True,True,SOVT_GLIDE,SOVT_GLIDE
40fb338380cc,HIGH_NOTE_UNSTABLE,AFTER_SINGING_FATIGUE,REGISTER_CONNECTION,REGISTER_CONNECTION,REGISTER_CONNECTION,REGISTER_CONNECTION,0.9442,EXPECTED_SHARED_PROTOCOL,True,True,True,False,True,False,True,True,SOVT_GLIDE,SOVT_GLIDE
40fb338380cc,HIGH_NOTE_UNSTABLE,PITCH_UNSTABLE,REGISTER_CONNECTION,REGISTER_CONNECTION,REGISTER_CONNECTION,REGISTER_CONNECTION,0.9483,EXPECTED_SHARED_PROTOCOL,True,True,False,False,True,False,True,True,SOVT_GLIDE,SOVT_GLIDE
40fb338380cc,HIGH_NOTE_UNSTABLE,REGISTER_CONNECTION_DIFFICULT,REGISTER_CONNECTION,REGISTER_CONNECTION,REGISTER_CONNECTION,REGISTER_CONNECTION,0.9367,EXPECTED_SHARED_PROTOCOL,True,True,False,False,True,False,True,True,SOVT_GLIDE,SOVT_GLIDE
40fb338380cc,THROAT_EFFORT,LOUD_VOICE_DIFFICULT,REGISTER_CONNECTION,REGISTER_CONNECTION,REGISTER_CONNECTION,REGISTER_CONNECTION,0.9351,EXPECTED_SHARED_PROTOCOL,True,True,True,False,True,False,True,True,SOVT_GLIDE,SOVT_GLIDE
40fb338380cc,THROAT_EFFORT,VOCAL_FATIGUE,REGISTER_CONNECTION,REGISTER_CONNECTION,REGISTER_CONNECTION,REGISTER_CONNECTION,0.9565,EXPECTED_SHARED_PROTOCOL,True,True,True,False,True,False,True,True,SOVT_GLIDE,SOVT_GLIDE
40fb338380cc,THROAT_EFFORT,AFTER_SINGING_FATIGUE,REGISTER_CONNECTION,REGISTER_CONNECTION,REGISTER_CONNECTION,REGISTER_CONNECTION,0.931,EXPECTED_SHARED_PROTOCOL,True,True,True,False,True,False,True,True,SOVT_GLIDE,SOVT_GLIDE
40fb338380cc,THROAT_EFFORT,PITCH_UNSTABLE,REGISTER_CONNECTION,REGISTER_CONNECTION,REGISTER_CONNECTION,REGISTER_CONNECTION,0.9437,EXPECTED_SHARED_PROTOCOL,True,True,False,False,True,False,True,True,SOVT_GLIDE,SOVT_GLIDE
40fb338380cc,THROAT_EFFORT,REGISTER_CONNECTION_DIFFICULT,REGISTER_CONNECTION,REGISTER_CONNECTION,REGISTER_CONNECTION,REGISTER_CONNECTION,0.9407,EXPECTED_SHARED_PROTOCOL,True,True,False,False,True,False,True,True,SOVT_GLIDE,SOVT_GLIDE
40fb338380cc,LOUD_VOICE_DIFFICULT,VOCAL_FATIGUE,REGISTER_CONNECTION,REGISTER_CONNECTION,REGISTER_CONNECTION,REGISTER_CONNECTION,0.9351,EXPECTED_SHARED_PROTOCOL,True,True,True,False,True,False,True,True,SOVT_GLIDE,SOVT_GLIDE
40fb338380cc,LOUD_VOICE_DIFFICULT,AFTER_SINGING_FATIGUE,REGISTER_CONNECTION,REGISTER_CONNECTION,REGISTER_CONNECTION,REGISTER_CONNECTION,0.9356,EXPECTED_SHARED_PROTOCOL,True,True,True,False,True,False,True,True,SOVT_GLIDE,SOVT_GLIDE
40fb338380cc,LOUD_VOICE_DIFFICULT,PITCH_UNSTABLE,REGISTER_CONNECTION,REGISTER_CONNECTION,REGISTER_CONNECTION,REGISTER_CONNECTION,0.931,EXPECTED_SHARED_PROTOCOL,True,True,False,False,True,False,True,True,SOVT_GLIDE,SOVT_GLIDE
40fb338380cc,LOUD_VOICE_DIFFICULT,REGISTER_CONNECTION_DIFFICULT,REGISTER_CONNECTION,REGISTER_CONNECTION,REGISTER_CONNECTION,REGISTER_CONNECTION,0.9114,EXPECTED_SHARED_PROTOCOL,True,True,False,False,True,False,True,True,SOVT_GLIDE,SOVT_GLIDE
40fb338380cc,VOCAL_FATIGUE,AFTER_SINGING_FATIGUE,REGISTER_CONNECTION,REGISTER_CONNECTION,REGISTER_CONNECTION,REGISTER_CONNECTION,0.9569,EXPECTED_SHARED_PROTOCOL,True,True,True,False,True,False,True,True,SOVT_GLIDE,SOVT_GLIDE
40fb338380cc,VOCAL_FATIGUE,PITCH_UNSTABLE,REGISTER_CONNECTION,REGISTER_CONNECTION,REGISTER_CONNECTION,REGISTER_CONNECTION,0.9524,EXPECTED_SHARED_PROTOCOL,True,True,False,False,True,False,True,True,SOVT_GLIDE,SOVT_GLIDE
40fb338380cc,VOCAL_FATIGUE,REGISTER_CONNECTION_DIFFICULT,REGISTER_CONNECTION,REGISTER_CONNECTION,REGISTER_CONNECTION,REGISTER_CONNECTION,0.9237,EXPECTED_SHARED_PROTOCOL,True,True,False,False,True,False,True,True,SOVT_GLIDE,SOVT_GLIDE
40fb338380cc,AFTER_SINGING_FATIGUE,PITCH_UNSTABLE,REGISTER_CONNECTION,REGISTER_CONNECTION,REGISTER_CONNECTION,REGISTER_CONNECTION,0.927,EXPECTED_SHARED_PROTOCOL,True,True,False,False,True,False,True,True,SOVT_GLIDE,SOVT_GLIDE
40fb338380cc,AFTER_SINGING_FATIGUE,REGISTER_CONNECTION_DIFFICULT,REGISTER_CONNECTION,REGISTER_CONNECTION,REGISTER_CONNECTION,REGISTER_CONNECTION,0.916,EXPECTED_SHARED_PROTOCOL,True,True,False,False,True,False,True,True,SOVT_GLIDE,SOVT_GLIDE
40fb338380cc,PITCH_UNSTABLE,REGISTER_CONNECTION_DIFFICULT,REGISTER_CONNECTION,REGISTER_CONNECTION,REGISTER_CONNECTION,REGISTER_CONNECTION,0.9367,EXPECTED_SHARED_PROTOCOL,True,True,True,False,True,False,True,True,SOVT_GLIDE,SOVT_GLIDE
442202fca595,HIGH_NOTE_TOO_EFFORTFUL,HIGH_NOTE_FLIPS,REGISTER_CONNECTION,REGISTER_CONNECTION,REGISTER_CONNECTION,REGISTER_CONNECTION,0.9437,EXPECTED_SHARED_PROTOCOL,True,True,True,True,True,False,True,True,SOVT_GLIDE,SOVT_GLIDE
442202fca595,HIGH_NOTE_UNSTABLE,PITCH_UNSTABLE,STABILITY,STABILITY,STABILITY,STABILITY,0.9048,EXPECTED_SHARED_PROTOCOL,True,True,False,False,True,False,True,True,SUSTAIN_HOLD,SUSTAIN_HOLD
442202fca595,HIGH_NOTE_UNSTABLE,REGISTER_CONNECTION_DIFFICULT,STABILITY,STABILITY,STABILITY,STABILITY,0.8855,EXPECTED_SHARED_PROTOCOL,True,True,False,False,True,False,True,True,SUSTAIN_HOLD,SUSTAIN_HOLD
442202fca595,THROAT_EFFORT,LOUD_VOICE_DIFFICULT,EFFORT,EFFORT,MAINTAIN,MAINTAIN,0.8819,EXPECTED_SHARED_PROTOCOL,True,True,True,False,True,False,True,True,SUSTAIN_HOLD,SUSTAIN_HOLD
442202fca595,THROAT_EFFORT,VOCAL_FATIGUE,EFFORT,EFFORT,MAINTAIN,MAINTAIN,0.9206,EXPECTED_SHARED_PROTOCOL,True,True,True,False,True,False,True,True,SUSTAIN_HOLD,SUSTAIN_HOLD
442202fca595,LOUD_VOICE_DIFFICULT,VOCAL_FATIGUE,EFFORT,EFFORT,MAINTAIN,MAINTAIN,0.8819,EXPECTED_SHARED_PROTOCOL,True,True,True,False,True,False,True,True,SUSTAIN_HOLD,SUSTAIN_HOLD
442202fca595,LOUD_VOICE_DIFFICULT,AFTER_SINGING_FATIGUE,EFFORT,EFFORT,MAINTAIN,MAINTAIN,0.8837,EXPECTED_SHARED_PROTOCOL,True,True,True,False,True,False,True,True,SUSTAIN_HOLD,SUSTAIN_HOLD
442202fca595,VOCAL_FATIGUE,AFTER_SINGING_FATIGUE,EFFORT,EFFORT,MAINTAIN,MAINTAIN,0.9219,EXPECTED_SHARED_PROTOCOL,True,True,True,False,True,False,True,True,SUSTAIN_HOLD,SUSTAIN_HOLD
442202fca595,PITCH_UNSTABLE,REGISTER_CONNECTION_DIFFICULT,STABILITY,STABILITY,STABILITY,STABILITY,0.8855,EXPECTED_SHARED_PROTOCOL,True,True,True,False,True,False,True,True,SUSTAIN_HOLD,SUSTAIN_HOLD
54b972ad300a,HIGH_NOTE_CANNOT_REACH,HIGH_NOTE_TOO_EFFORTFUL,REGISTER_CONNECTION,REGISTER_CONNECTION,REGISTER_CONNECTION,REGISTER_CONNECTION,0.9442,EXPECTED_SHARED_PROTOCOL,True,True,True,True,True,False,True,True,SOVT_GLIDE,SOVT_GLIDE
54b972ad300a,HIGH_NOTE_CANNOT_REACH,HIGH_NOTE_FLIPS,REGISTER_CONNECTION,REGISTER_CONNECTION,REGISTER_CONNECTION,REGISTER_CONNECTION,0.9561,EXPECTED_SHARED_PROTOCOL,True,True,True,True,True,False,True,True,SOVT_GLIDE,SOVT_GLIDE
54b972ad300a,HIGH_NOTE_CANNOT_REACH,HIGH_NOTE_UNSTABLE,REGISTER_CONNECTION,REGISTER_CONNECTION,REGISTER_CONNECTION,REGISTER_CONNECTION,0.9697,EXPECTED_SHARED_PROTOCOL,True,True,True,True,True,False,True,True,SOVT_GLIDE,SOVT_GLIDE
54b972ad300a,HIGH_NOTE_CANNOT_REACH,THROAT_EFFORT,REGISTER_CONNECTION,REGISTER_CONNECTION,REGISTER_CONNECTION,REGISTER_CONNECTION,0.9391,EXPECTED_SHARED_PROTOCOL,True,True,True,False,True,False,True,True,SOVT_GLIDE,SOVT_GLIDE
54b972ad300a,HIGH_NOTE_CANNOT_REACH,LOUD_VOICE_DIFFICULT,REGISTER_CONNECTION,REGISTER_CONNECTION,REGISTER_CONNECTION,REGISTER_CONNECTION,0.9524,EXPECTED_SHARED_PROTOCOL,True,True,True,False,True,False,True,True,SOVT_GLIDE,SOVT_GLIDE
54b972ad300a,HIGH_NOTE_CANNOT_REACH,VOCAL_FATIGUE,REGISTER_CONNECTION,REGISTER_CONNECTION,REGISTER_CONNECTION,REGISTER_CONNECTION,0.9391,EXPECTED_SHARED_PROTOCOL,True,True,True,False,True,False,True,True,SOVT_GLIDE,SOVT_GLIDE
54b972ad300a,HIGH_NOTE_CANNOT_REACH,AFTER_SINGING_FATIGUE,REGISTER_CONNECTION,REGISTER_CONNECTION,REGISTER_CONNECTION,REGISTER_CONNECTION,0.9397,EXPECTED_SHARED_PROTOCOL,True,True,True,False,True,False,True,True,SOVT_GLIDE,SOVT_GLIDE
54b972ad300a,HIGH_NOTE_CANNOT_REACH,PITCH_UNSTABLE,REGISTER_CONNECTION,REGISTER_CONNECTION,REGISTER_CONNECTION,REGISTER_CONNECTION,0.9437,EXPECTED_SHARED_PROTOCOL,True,True,False,False,True,False,True,True,SOVT_GLIDE,SOVT_GLIDE
54b972ad300a,HIGH_NOTE_CANNOT_REACH,REGISTER_CONNECTION_DIFFICULT,REGISTER_CONNECTION,REGISTER_CONNECTION,REGISTER_CONNECTION,REGISTER_CONNECTION,0.9407,EXPECTED_SHARED_PROTOCOL,True,True,False,False,True,False,True,True,SOVT_GLIDE,SOVT_GLIDE
54b972ad300a,HIGH_NOTE_TOO_EFFORTFUL,HIGH_NOTE_FLIPS,REGISTER_CONNECTION,REGISTER_CONNECTION,REGISTER_CONNECTION,REGISTER_CONNECTION,0.9437,EXPECTED_SHARED_PROTOCOL,True,True,True,True,True,False,True,True,SOVT_GLIDE,SOVT_GLIDE
54b972ad300a,HIGH_NOTE_TOO_EFFORTFUL,HIGH_NOTE_UNSTABLE,REGISTER_CONNECTION,REGISTER_CONNECTION,REGISTER_CONNECTION,REGISTER_CONNECTION,0.9487,EXPECTED_SHARED_PROTOCOL,True,True,True,True,True,False,True,True,SOVT_GLIDE,SOVT_GLIDE
54b972ad300a,HIGH_NOTE_TOO_EFFORTFUL,THROAT_EFFORT,REGISTER_CONNECTION,REGISTER_CONNECTION,REGISTER_CONNECTION,REGISTER_CONNECTION,0.9356,EXPECTED_SHARED_PROTOCOL,True,True,True,False,True,False,True,True,SOVT_GLIDE,SOVT_GLIDE
54b972ad300a,HIGH_NOTE_TOO_EFFORTFUL,LOUD_VOICE_DIFFICULT,REGISTER_CONNECTION,REGISTER_CONNECTION,REGISTER_CONNECTION,REGISTER_CONNECTION,0.9316,EXPECTED_SHARED_PROTOCOL,True,True,True,False,True,False,True,True,SOVT_GLIDE,SOVT_GLIDE
54b972ad300a,HIGH_NOTE_TOO_EFFORTFUL,VOCAL_FATIGUE,REGISTER_CONNECTION,REGISTER_CONNECTION,REGISTER_CONNECTION,REGISTER_CONNECTION,0.9442,EXPECTED_SHARED_PROTOCOL,True,True,True,False,True,False,True,True,SOVT_GLIDE,SOVT_GLIDE
54b972ad300a,HIGH_NOTE_TOO_EFFORTFUL,AFTER_SINGING_FATIGUE,REGISTER_CONNECTION,REGISTER_CONNECTION,REGISTER_CONNECTION,REGISTER_CONNECTION,0.9277,EXPECTED_SHARED_PROTOCOL,True,True,True,False,True,False,True,True,SOVT_GLIDE,SOVT_GLIDE
54b972ad300a,HIGH_NOTE_TOO_EFFORTFUL,PITCH_UNSTABLE,REGISTER_CONNECTION,REGISTER_CONNECTION,REGISTER_CONNECTION,REGISTER_CONNECTION,0.9487,EXPECTED_SHARED_PROTOCOL,True,True,False,False,True,False,True,True,SOVT_GLIDE,SOVT_GLIDE
54b972ad300a,HIGH_NOTE_TOO_EFFORTFUL,REGISTER_CONNECTION_DIFFICULT,REGISTER_CONNECTION,REGISTER_CONNECTION,REGISTER_CONNECTION,REGISTER_CONNECTION,0.9372,EXPECTED_SHARED_PROTOCOL,True,True,False,False,True,False,True,True,SOVT_GLIDE,SOVT_GLIDE
54b972ad300a,HIGH_NOTE_FLIPS,HIGH_NOTE_UNSTABLE,REGISTER_CONNECTION,REGISTER_CONNECTION,REGISTER_CONNECTION,REGISTER_CONNECTION,0.9607,EXPECTED_SHARED_PROTOCOL,True,True,True,True,True,False,True,True,SOVT_GLIDE,SOVT_GLIDE
54b972ad300a,HIGH_NOTE_FLIPS,THROAT_EFFORT,REGISTER_CONNECTION,REGISTER_CONNECTION,REGISTER_CONNECTION,REGISTER_CONNECTION,0.9386,EXPECTED_SHARED_PROTOCOL,True,True,True,False,True,False,True,True,SOVT_GLIDE,SOVT_GLIDE
54b972ad300a,HIGH_NOTE_FLIPS,LOUD_VOICE_DIFFICULT,REGISTER_CONNECTION,REGISTER_CONNECTION,REGISTER_CONNECTION,REGISTER_CONNECTION,0.9432,EXPECTED_SHARED_PROTOCOL,True,True,True,False,True,False,True,True,SOVT_GLIDE,SOVT_GLIDE
54b972ad300a,HIGH_NOTE_FLIPS,VOCAL_FATIGUE,REGISTER_CONNECTION,REGISTER_CONNECTION,REGISTER_CONNECTION,REGISTER_CONNECTION,0.9474,EXPECTED_SHARED_PROTOCOL,True,True,True,False,True,False,True,True,SOVT_GLIDE,SOVT_GLIDE
54b972ad300a,HIGH_NOTE_FLIPS,AFTER_SINGING_FATIGUE,REGISTER_CONNECTION,REGISTER_CONNECTION,REGISTER_CONNECTION,REGISTER_CONNECTION,0.9565,EXPECTED_SHARED_PROTOCOL,True,True,True,False,True,False,True,True,SOVT_GLIDE,SOVT_GLIDE
54b972ad300a,HIGH_NOTE_FLIPS,PITCH_UNSTABLE,REGISTER_CONNECTION,REGISTER_CONNECTION,REGISTER_CONNECTION,REGISTER_CONNECTION,0.952,EXPECTED_SHARED_PROTOCOL,True,True,False,False,True,False,True,True,SOVT_GLIDE,SOVT_GLIDE
54b972ad300a,HIGH_NOTE_FLIPS,REGISTER_CONNECTION_DIFFICULT,REGISTER_CONNECTION,REGISTER_CONNECTION,REGISTER_CONNECTION,REGISTER_CONNECTION,0.9231,EXPECTED_SHARED_PROTOCOL,True,True,False,False,True,False,True,True,SOVT_GLIDE,SOVT_GLIDE
54b972ad300a,HIGH_NOTE_UNSTABLE,THROAT_EFFORT,REGISTER_CONNECTION,REGISTER_CONNECTION,REGISTER_CONNECTION,REGISTER_CONNECTION,0.9351,EXPECTED_SHARED_PROTOCOL,True,True,True,False,True,False,True,True,SOVT_GLIDE,SOVT_GLIDE
54b972ad300a,HIGH_NOTE_UNSTABLE,LOUD_VOICE_DIFFICULT,REGISTER_CONNECTION,REGISTER_CONNECTION,REGISTER_CONNECTION,REGISTER_CONNECTION,0.9397,EXPECTED_SHARED_PROTOCOL,True,True,True,False,True,False,True,True,SOVT_GLIDE,SOVT_GLIDE
54b972ad300a,HIGH_NOTE_UNSTABLE,VOCAL_FATIGUE,REGISTER_CONNECTION,REGISTER_CONNECTION,REGISTER_CONNECTION,REGISTER_CONNECTION,0.9351,EXPECTED_SHARED_PROTOCOL,True,True,True,False,True,False,True,True,SOVT_GLIDE,SOVT_GLIDE
54b972ad300a,HIGH_NOTE_UNSTABLE,AFTER_SINGING_FATIGUE,REGISTER_CONNECTION,REGISTER_CONNECTION,REGISTER_CONNECTION,REGISTER_CONNECTION,0.9442,EXPECTED_SHARED_PROTOCOL,True,True,True,False,True,False,True,True,SOVT_GLIDE,SOVT_GLIDE
54b972ad300a,HIGH_NOTE_UNSTABLE,PITCH_UNSTABLE,REGISTER_CONNECTION,REGISTER_CONNECTION,REGISTER_CONNECTION,REGISTER_CONNECTION,0.9483,EXPECTED_SHARED_PROTOCOL,True,True,False,False,True,False,True,True,SOVT_GLIDE,SOVT_GLIDE
54b972ad300a,HIGH_NOTE_UNSTABLE,REGISTER_CONNECTION_DIFFICULT,REGISTER_CONNECTION,REGISTER_CONNECTION,REGISTER_CONNECTION,REGISTER_CONNECTION,0.9367,EXPECTED_SHARED_PROTOCOL,True,True,False,False,True,False,True,True,SOVT_GLIDE,SOVT_GLIDE
54b972ad300a,THROAT_EFFORT,LOUD_VOICE_DIFFICULT,REGISTER_CONNECTION,REGISTER_CONNECTION,REGISTER_CONNECTION,REGISTER_CONNECTION,0.9351,EXPECTED_SHARED_PROTOCOL,True,True,True,False,True,False,True,True,SOVT_GLIDE,SOVT_GLIDE
54b972ad300a,THROAT_EFFORT,VOCAL_FATIGUE,REGISTER_CONNECTION,REGISTER_CONNECTION,REGISTER_CONNECTION,REGISTER_CONNECTION,0.9565,EXPECTED_SHARED_PROTOCOL,True,True,True,False,True,False,True,True,SOVT_GLIDE,SOVT_GLIDE
54b972ad300a,THROAT_EFFORT,AFTER_SINGING_FATIGUE,REGISTER_CONNECTION,REGISTER_CONNECTION,REGISTER_CONNECTION,REGISTER_CONNECTION,0.931,EXPECTED_SHARED_PROTOCOL,True,True,True,False,True,False,True,True,SOVT_GLIDE,SOVT_GLIDE
54b972ad300a,THROAT_EFFORT,PITCH_UNSTABLE,REGISTER_CONNECTION,REGISTER_CONNECTION,REGISTER_CONNECTION,REGISTER_CONNECTION,0.9437,EXPECTED_SHARED_PROTOCOL,True,True,False,False,True,False,True,True,SOVT_GLIDE,SOVT_GLIDE
54b972ad300a,THROAT_EFFORT,REGISTER_CONNECTION_DIFFICULT,REGISTER_CONNECTION,REGISTER_CONNECTION,REGISTER_CONNECTION,REGISTER_CONNECTION,0.9407,EXPECTED_SHARED_PROTOCOL,True,True,False,False,True,False,True,True,SOVT_GLIDE,SOVT_GLIDE
54b972ad300a,LOUD_VOICE_DIFFICULT,VOCAL_FATIGUE,REGISTER_CONNECTION,REGISTER_CONNECTION,REGISTER_CONNECTION,REGISTER_CONNECTION,0.9351,EXPECTED_SHARED_PROTOCOL,True,True,True,False,True,False,True,True,SOVT_GLIDE,SOVT_GLIDE
54b972ad300a,LOUD_VOICE_DIFFICULT,AFTER_SINGING_FATIGUE,REGISTER_CONNECTION,REGISTER_CONNECTION,REGISTER_CONNECTION,REGISTER_CONNECTION,0.9356,EXPECTED_SHARED_PROTOCOL,True,True,True,False,True,False,True,True,SOVT_GLIDE,SOVT_GLIDE
54b972ad300a,LOUD_VOICE_DIFFICULT,PITCH_UNSTABLE,REGISTER_CONNECTION,REGISTER_CONNECTION,REGISTER_CONNECTION,REGISTER_CONNECTION,0.931,EXPECTED_SHARED_PROTOCOL,True,True,False,False,True,False,True,True,SOVT_GLIDE,SOVT_GLIDE
54b972ad300a,LOUD_VOICE_DIFFICULT,REGISTER_CONNECTION_DIFFICULT,REGISTER_CONNECTION,REGISTER_CONNECTION,REGISTER_CONNECTION,REGISTER_CONNECTION,0.9114,EXPECTED_SHARED_PROTOCOL,True,True,False,False,True,False,True,True,SOVT_GLIDE,SOVT_GLIDE
54b972ad300a,VOCAL_FATIGUE,AFTER_SINGING_FATIGUE,REGISTER_CONNECTION,REGISTER_CONNECTION,REGISTER_CONNECTION,REGISTER_CONNECTION,0.9569,EXPECTED_SHARED_PROTOCOL,True,True,True,False,True,False,True,True,SOVT_GLIDE,SOVT_GLIDE
54b972ad300a,VOCAL_FATIGUE,PITCH_UNSTABLE,REGISTER_CONNECTION,REGISTER_CONNECTION,REGISTER_CONNECTION,REGISTER_CONNECTION,0.9524,EXPECTED_SHARED_PROTOCOL,True,True,False,False,True,False,True,True,SOVT_GLIDE,SOVT_GLIDE
54b972ad300a,VOCAL_FATIGUE,REGISTER_CONNECTION_DIFFICULT,REGISTER_CONNECTION,REGISTER_CONNECTION,REGISTER_CONNECTION,REGISTER_CONNECTION,0.9237,EXPECTED_SHARED_PROTOCOL,True,True,False,False,True,False,True,True,SOVT_GLIDE,SOVT_GLIDE
54b972ad300a,AFTER_SINGING_FATIGUE,PITCH_UNSTABLE,REGISTER_CONNECTION,REGISTER_CONNECTION,REGISTER_CONNECTION,REGISTER_CONNECTION,0.927,EXPECTED_SHARED_PROTOCOL,True,True,False,False,True,False,True,True,SOVT_GLIDE,SOVT_GLIDE
54b972ad300a,AFTER_SINGING_FATIGUE,REGISTER_CONNECTION_DIFFICULT,REGISTER_CONNECTION,REGISTER_CONNECTION,REGISTER_CONNECTION,REGISTER_CONNECTION,0.916,EXPECTED_SHARED_PROTOCOL,True,True,False,False,True,False,True,True,SOVT_GLIDE,SOVT_GLIDE
54b972ad300a,PITCH_UNSTABLE,REGISTER_CONNECTION_DIFFICULT,REGISTER_CONNECTION,REGISTER_CONNECTION,REGISTER_CONNECTION,REGISTER_CONNECTION,0.9367,EXPECTED_SHARED_PROTOCOL,True,True,True,False,True,False,True,True,SOVT_GLIDE,SOVT_GLIDE
5662e8094f66,HIGH_NOTE_CANNOT_REACH,HIGH_NOTE_TOO_EFFORTFUL,REGISTER_CONNECTION,REGISTER_CONNECTION,REGISTER_CONNECTION,REGISTER_CONNECTION,0.9442,EXPECTED_SHARED_PROTOCOL,True,True,True,True,True,False,True,True,SOVT_GLIDE,SOVT_GLIDE
5662e8094f66,HIGH_NOTE_CANNOT_REACH,HIGH_NOTE_FLIPS,REGISTER_CONNECTION,REGISTER_CONNECTION,REGISTER_CONNECTION,REGISTER_CONNECTION,0.9561,EXPECTED_SHARED_PROTOCOL,True,True,True,True,True,False,True,True,SOVT_GLIDE,SOVT_GLIDE
5662e8094f66,HIGH_NOTE_CANNOT_REACH,HIGH_NOTE_UNSTABLE,REGISTER_CONNECTION,REGISTER_CONNECTION,REGISTER_CONNECTION,REGISTER_CONNECTION,0.9697,EXPECTED_SHARED_PROTOCOL,True,True,True,True,True,False,True,True,SOVT_GLIDE,SOVT_GLIDE
5662e8094f66,HIGH_NOTE_CANNOT_REACH,THROAT_EFFORT,REGISTER_CONNECTION,REGISTER_CONNECTION,REGISTER_CONNECTION,REGISTER_CONNECTION,0.9391,EXPECTED_SHARED_PROTOCOL,True,True,True,False,True,False,True,True,SOVT_GLIDE,SOVT_GLIDE
5662e8094f66,HIGH_NOTE_CANNOT_REACH,LOUD_VOICE_DIFFICULT,REGISTER_CONNECTION,REGISTER_CONNECTION,REGISTER_CONNECTION,REGISTER_CONNECTION,0.9524,EXPECTED_SHARED_PROTOCOL,True,True,True,False,True,False,True,True,SOVT_GLIDE,SOVT_GLIDE
5662e8094f66,HIGH_NOTE_CANNOT_REACH,VOCAL_FATIGUE,REGISTER_CONNECTION,REGISTER_CONNECTION,REGISTER_CONNECTION,REGISTER_CONNECTION,0.9391,EXPECTED_SHARED_PROTOCOL,True,True,True,False,True,False,True,True,SOVT_GLIDE,SOVT_GLIDE
5662e8094f66,HIGH_NOTE_CANNOT_REACH,AFTER_SINGING_FATIGUE,REGISTER_CONNECTION,REGISTER_CONNECTION,REGISTER_CONNECTION,REGISTER_CONNECTION,0.9397,EXPECTED_SHARED_PROTOCOL,True,True,True,False,True,False,True,True,SOVT_GLIDE,SOVT_GLIDE
5662e8094f66,HIGH_NOTE_CANNOT_REACH,PITCH_UNSTABLE,REGISTER_CONNECTION,REGISTER_CONNECTION,REGISTER_CONNECTION,REGISTER_CONNECTION,0.9437,EXPECTED_SHARED_PROTOCOL,True,True,False,False,True,False,True,True,SOVT_GLIDE,SOVT_GLIDE
5662e8094f66,HIGH_NOTE_CANNOT_REACH,REGISTER_CONNECTION_DIFFICULT,REGISTER_CONNECTION,REGISTER_CONNECTION,REGISTER_CONNECTION,REGISTER_CONNECTION,0.9407,EXPECTED_SHARED_PROTOCOL,True,True,False,False,True,False,True,True,SOVT_GLIDE,SOVT_GLIDE
5662e8094f66,HIGH_NOTE_TOO_EFFORTFUL,HIGH_NOTE_FLIPS,REGISTER_CONNECTION,REGISTER_CONNECTION,REGISTER_CONNECTION,REGISTER_CONNECTION,0.9437,EXPECTED_SHARED_PROTOCOL,True,True,True,True,True,False,True,True,SOVT_GLIDE,SOVT_GLIDE
5662e8094f66,HIGH_NOTE_TOO_EFFORTFUL,HIGH_NOTE_UNSTABLE,REGISTER_CONNECTION,REGISTER_CONNECTION,REGISTER_CONNECTION,REGISTER_CONNECTION,0.9487,EXPECTED_SHARED_PROTOCOL,True,True,True,True,True,False,True,True,SOVT_GLIDE,SOVT_GLIDE
5662e8094f66,HIGH_NOTE_TOO_EFFORTFUL,THROAT_EFFORT,REGISTER_CONNECTION,REGISTER_CONNECTION,REGISTER_CONNECTION,REGISTER_CONNECTION,0.9356,EXPECTED_SHARED_PROTOCOL,True,True,True,False,True,False,True,True,SOVT_GLIDE,SOVT_GLIDE
5662e8094f66,HIGH_NOTE_TOO_EFFORTFUL,LOUD_VOICE_DIFFICULT,REGISTER_CONNECTION,REGISTER_CONNECTION,REGISTER_CONNECTION,REGISTER_CONNECTION,0.9316,EXPECTED_SHARED_PROTOCOL,True,True,True,False,True,False,True,True,SOVT_GLIDE,SOVT_GLIDE
5662e8094f66,HIGH_NOTE_TOO_EFFORTFUL,VOCAL_FATIGUE,REGISTER_CONNECTION,REGISTER_CONNECTION,REGISTER_CONNECTION,REGISTER_CONNECTION,0.9442,EXPECTED_SHARED_PROTOCOL,True,True,True,False,True,False,True,True,SOVT_GLIDE,SOVT_GLIDE
5662e8094f66,HIGH_NOTE_TOO_EFFORTFUL,AFTER_SINGING_FATIGUE,REGISTER_CONNECTION,REGISTER_CONNECTION,REGISTER_CONNECTION,REGISTER_CONNECTION,0.9277,EXPECTED_SHARED_PROTOCOL,True,True,True,False,True,False,True,True,SOVT_GLIDE,SOVT_GLIDE
5662e8094f66,HIGH_NOTE_TOO_EFFORTFUL,PITCH_UNSTABLE,REGISTER_CONNECTION,REGISTER_CONNECTION,REGISTER_CONNECTION,REGISTER_CONNECTION,0.9487,EXPECTED_SHARED_PROTOCOL,True,True,False,False,True,False,True,True,SOVT_GLIDE,SOVT_GLIDE
5662e8094f66,HIGH_NOTE_TOO_EFFORTFUL,REGISTER_CONNECTION_DIFFICULT,REGISTER_CONNECTION,REGISTER_CONNECTION,REGISTER_CONNECTION,REGISTER_CONNECTION,0.9372,EXPECTED_SHARED_PROTOCOL,True,True,False,False,True,False,True,True,SOVT_GLIDE,SOVT_GLIDE
5662e8094f66,HIGH_NOTE_FLIPS,HIGH_NOTE_UNSTABLE,REGISTER_CONNECTION,REGISTER_CONNECTION,REGISTER_CONNECTION,REGISTER_CONNECTION,0.9607,EXPECTED_SHARED_PROTOCOL,True,True,True,True,True,False,True,True,SOVT_GLIDE,SOVT_GLIDE
5662e8094f66,HIGH_NOTE_FLIPS,THROAT_EFFORT,REGISTER_CONNECTION,REGISTER_CONNECTION,REGISTER_CONNECTION,REGISTER_CONNECTION,0.9386,EXPECTED_SHARED_PROTOCOL,True,True,True,False,True,False,True,True,SOVT_GLIDE,SOVT_GLIDE
5662e8094f66,HIGH_NOTE_FLIPS,LOUD_VOICE_DIFFICULT,REGISTER_CONNECTION,REGISTER_CONNECTION,REGISTER_CONNECTION,REGISTER_CONNECTION,0.9432,EXPECTED_SHARED_PROTOCOL,True,True,True,False,True,False,True,True,SOVT_GLIDE,SOVT_GLIDE
5662e8094f66,HIGH_NOTE_FLIPS,VOCAL_FATIGUE,REGISTER_CONNECTION,REGISTER_CONNECTION,REGISTER_CONNECTION,REGISTER_CONNECTION,0.9474,EXPECTED_SHARED_PROTOCOL,True,True,True,False,True,False,True,True,SOVT_GLIDE,SOVT_GLIDE
5662e8094f66,HIGH_NOTE_FLIPS,AFTER_SINGING_FATIGUE,REGISTER_CONNECTION,REGISTER_CONNECTION,REGISTER_CONNECTION,REGISTER_CONNECTION,0.9565,EXPECTED_SHARED_PROTOCOL,True,True,True,False,True,False,True,True,SOVT_GLIDE,SOVT_GLIDE
5662e8094f66,HIGH_NOTE_FLIPS,PITCH_UNSTABLE,REGISTER_CONNECTION,REGISTER_CONNECTION,REGISTER_CONNECTION,REGISTER_CONNECTION,0.952,EXPECTED_SHARED_PROTOCOL,True,True,False,False,True,False,True,True,SOVT_GLIDE,SOVT_GLIDE
5662e8094f66,HIGH_NOTE_FLIPS,REGISTER_CONNECTION_DIFFICULT,REGISTER_CONNECTION,REGISTER_CONNECTION,REGISTER_CONNECTION,REGISTER_CONNECTION,0.9231,EXPECTED_SHARED_PROTOCOL,True,True,False,False,True,False,True,True,SOVT_GLIDE,SOVT_GLIDE
5662e8094f66,HIGH_NOTE_UNSTABLE,THROAT_EFFORT,REGISTER_CONNECTION,REGISTER_CONNECTION,REGISTER_CONNECTION,REGISTER_CONNECTION,0.9351,EXPECTED_SHARED_PROTOCOL,True,True,True,False,True,False,True,True,SOVT_GLIDE,SOVT_GLIDE
5662e8094f66,HIGH_NOTE_UNSTABLE,LOUD_VOICE_DIFFICULT,REGISTER_CONNECTION,REGISTER_CONNECTION,REGISTER_CONNECTION,REGISTER_CONNECTION,0.9397,EXPECTED_SHARED_PROTOCOL,True,True,True,False,True,False,True,True,SOVT_GLIDE,SOVT_GLIDE
5662e8094f66,HIGH_NOTE_UNSTABLE,VOCAL_FATIGUE,REGISTER_CONNECTION,REGISTER_CONNECTION,REGISTER_CONNECTION,REGISTER_CONNECTION,0.9351,EXPECTED_SHARED_PROTOCOL,True,True,True,False,True,False,True,True,SOVT_GLIDE,SOVT_GLIDE
5662e8094f66,HIGH_NOTE_UNSTABLE,AFTER_SINGING_FATIGUE,REGISTER_CONNECTION,REGISTER_CONNECTION,REGISTER_CONNECTION,REGISTER_CONNECTION,0.9442,EXPECTED_SHARED_PROTOCOL,True,True,True,False,True,False,True,True,SOVT_GLIDE,SOVT_GLIDE
5662e8094f66,HIGH_NOTE_UNSTABLE,PITCH_UNSTABLE,REGISTER_CONNECTION,REGISTER_CONNECTION,REGISTER_CONNECTION,REGISTER_CONNECTION,0.9483,EXPECTED_SHARED_PROTOCOL,True,True,False,False,True,False,True,True,SOVT_GLIDE,SOVT_GLIDE
5662e8094f66,HIGH_NOTE_UNSTABLE,REGISTER_CONNECTION_DIFFICULT,REGISTER_CONNECTION,REGISTER_CONNECTION,REGISTER_CONNECTION,REGISTER_CONNECTION,0.9367,EXPECTED_SHARED_PROTOCOL,True,True,False,False,True,False,True,True,SOVT_GLIDE,SOVT_GLIDE
5662e8094f66,THROAT_EFFORT,LOUD_VOICE_DIFFICULT,REGISTER_CONNECTION,REGISTER_CONNECTION,REGISTER_CONNECTION,REGISTER_CONNECTION,0.9351,EXPECTED_SHARED_PROTOCOL,True,True,True,False,True,False,True,True,SOVT_GLIDE,SOVT_GLIDE
5662e8094f66,THROAT_EFFORT,VOCAL_FATIGUE,REGISTER_CONNECTION,REGISTER_CONNECTION,REGISTER_CONNECTION,REGISTER_CONNECTION,0.9565,EXPECTED_SHARED_PROTOCOL,True,True,True,False,True,False,True,True,SOVT_GLIDE,SOVT_GLIDE
5662e8094f66,THROAT_EFFORT,AFTER_SINGING_FATIGUE,REGISTER_CONNECTION,REGISTER_CONNECTION,REGISTER_CONNECTION,REGISTER_CONNECTION,0.931,EXPECTED_SHARED_PROTOCOL,True,True,True,False,True,False,True,True,SOVT_GLIDE,SOVT_GLIDE
5662e8094f66,THROAT_EFFORT,PITCH_UNSTABLE,REGISTER_CONNECTION,REGISTER_CONNECTION,REGISTER_CONNECTION,REGISTER_CONNECTION,0.9437,EXPECTED_SHARED_PROTOCOL,True,True,False,False,True,False,True,True,SOVT_GLIDE,SOVT_GLIDE
5662e8094f66,THROAT_EFFORT,REGISTER_CONNECTION_DIFFICULT,REGISTER_CONNECTION,REGISTER_CONNECTION,REGISTER_CONNECTION,REGISTER_CONNECTION,0.9407,EXPECTED_SHARED_PROTOCOL,True,True,False,False,True,False,True,True,SOVT_GLIDE,SOVT_GLIDE
5662e8094f66,LOUD_VOICE_DIFFICULT,VOCAL_FATIGUE,REGISTER_CONNECTION,REGISTER_CONNECTION,REGISTER_CONNECTION,REGISTER_CONNECTION,0.9351,EXPECTED_SHARED_PROTOCOL,True,True,True,False,True,False,True,True,SOVT_GLIDE,SOVT_GLIDE
5662e8094f66,LOUD_VOICE_DIFFICULT,AFTER_SINGING_FATIGUE,REGISTER_CONNECTION,REGISTER_CONNECTION,REGISTER_CONNECTION,REGISTER_CONNECTION,0.9356,EXPECTED_SHARED_PROTOCOL,True,True,True,False,True,False,True,True,SOVT_GLIDE,SOVT_GLIDE
5662e8094f66,LOUD_VOICE_DIFFICULT,PITCH_UNSTABLE,REGISTER_CONNECTION,REGISTER_CONNECTION,REGISTER_CONNECTION,REGISTER_CONNECTION,0.931,EXPECTED_SHARED_PROTOCOL,True,True,False,False,True,False,True,True,SOVT_GLIDE,SOVT_GLIDE
5662e8094f66,LOUD_VOICE_DIFFICULT,REGISTER_CONNECTION_DIFFICULT,REGISTER_CONNECTION,REGISTER_CONNECTION,REGISTER_CONNECTION,REGISTER_CONNECTION,0.9114,EXPECTED_SHARED_PROTOCOL,True,True,False,False,True,False,True,True,SOVT_GLIDE,SOVT_GLIDE
5662e8094f66,VOCAL_FATIGUE,AFTER_SINGING_FATIGUE,REGISTER_CONNECTION,REGISTER_CONNECTION,REGISTER_CONNECTION,REGISTER_CONNECTION,0.9569,EXPECTED_SHARED_PROTOCOL,True,True,True,False,True,False,True,True,SOVT_GLIDE,SOVT_GLIDE
5662e8094f66,VOCAL_FATIGUE,PITCH_UNSTABLE,REGISTER_CONNECTION,REGISTER_CONNECTION,REGISTER_CONNECTION,REGISTER_CONNECTION,0.9524,EXPECTED_SHARED_PROTOCOL,True,True,False,False,True,False,True,True,SOVT_GLIDE,SOVT_GLIDE
5662e8094f66,VOCAL_FATIGUE,REGISTER_CONNECTION_DIFFICULT,REGISTER_CONNECTION,REGISTER_CONNECTION,REGISTER_CONNECTION,REGISTER_CONNECTION,0.9237,EXPECTED_SHARED_PROTOCOL,True,True,False,False,True,False,True,True,SOVT_GLIDE,SOVT_GLIDE
5662e8094f66,AFTER_SINGING_FATIGUE,PITCH_UNSTABLE,REGISTER_CONNECTION,REGISTER_CONNECTION,REGISTER_CONNECTION,REGISTER_CONNECTION,0.927,EXPECTED_SHARED_PROTOCOL,True,True,False,False,True,False,True,True,SOVT_GLIDE,SOVT_GLIDE
5662e8094f66,AFTER_SINGING_FATIGUE,REGISTER_CONNECTION_DIFFICULT,REGISTER_CONNECTION,REGISTER_CONNECTION,REGISTER_CONNECTION,REGISTER_CONNECTION,0.916,EXPECTED_SHARED_PROTOCOL,True,True,False,False,True,False,True,True,SOVT_GLIDE,SOVT_GLIDE
5662e8094f66,PITCH_UNSTABLE,REGISTER_CONNECTION_DIFFICULT,REGISTER_CONNECTION,REGISTER_CONNECTION,REGISTER_CONNECTION,REGISTER_CONNECTION,0.9367,EXPECTED_SHARED_PROTOCOL,True,True,True,False,True,False,True,True,SOVT_GLIDE,SOVT_GLIDE
5e7819c3abb4,HIGH_NOTE_CANNOT_REACH,HIGH_NOTE_FLIPS,REGISTER_CONNECTION,REGISTER_CONNECTION,REGISTER_CONNECTION,REGISTER_CONNECTION,0.9561,EXPECTED_SHARED_PROTOCOL,True,True,True,True,True,False,True,True,SOVT_GLIDE,SOVT_GLIDE
5e7819c3abb4,HIGH_NOTE_CANNOT_REACH,REGISTER_CONNECTION_DIFFICULT,REGISTER_CONNECTION,REGISTER_CONNECTION,REGISTER_CONNECTION,REGISTER_CONNECTION,0.9407,EXPECTED_SHARED_PROTOCOL,True,True,False,False,True,False,True,True,SOVT_GLIDE,SOVT_GLIDE
5e7819c3abb4,HIGH_NOTE_TOO_EFFORTFUL,HIGH_NOTE_UNSTABLE,EFFORT,EFFORT,EFFORT,EFFORT,0.92,EXPECTED_SHARED_PROTOCOL,True,True,True,True,True,False,True,True,SAFETY_REST,SAFETY_REST
5e7819c3abb4,HIGH_NOTE_TOO_EFFORTFUL,THROAT_EFFORT,EFFORT,EFFORT,EFFORT,EFFORT,0.8993,EXPECTED_SHARED_PROTOCOL,True,True,True,False,True,False,True,True,SAFETY_REST,SAFETY_REST
5e7819c3abb4,HIGH_NOTE_TOO_EFFORTFUL,LOUD_VOICE_DIFFICULT,EFFORT,EFFORT,EFFORT,EFFORT,0.8933,EXPECTED_SHARED_PROTOCOL,True,True,True,False,True,False,True,True,SAFETY_REST,SAFETY_REST
5e7819c3abb4,HIGH_NOTE_TOO_EFFORTFUL,VOCAL_FATIGUE,EFFORT,EFFORT,EFFORT,EFFORT,0.9128,EXPECTED_SHARED_PROTOCOL,True,True,True,False,True,False,True,True,SAFETY_REST,SAFETY_REST
5e7819c3abb4,HIGH_NOTE_TOO_EFFORTFUL,AFTER_SINGING_FATIGUE,EFFORT,EFFORT,EFFORT,EFFORT,0.8874,EXPECTED_SHARED_PROTOCOL,True,True,True,False,True,False,True,True,SAFETY_REST,SAFETY_REST
5e7819c3abb4,HIGH_NOTE_TOO_EFFORTFUL,PITCH_UNSTABLE,EFFORT,EFFORT,EFFORT,EFFORT,0.92,EXPECTED_SHARED_PROTOCOL,True,True,False,False,True,False,True,True,SAFETY_REST,SAFETY_REST
5e7819c3abb4,HIGH_NOTE_FLIPS,REGISTER_CONNECTION_DIFFICULT,REGISTER_CONNECTION,REGISTER_CONNECTION,REGISTER_CONNECTION,REGISTER_CONNECTION,0.9231,EXPECTED_SHARED_PROTOCOL,True,True,False,False,True,False,True,True,SOVT_GLIDE,SOVT_GLIDE
5e7819c3abb4,HIGH_NOTE_THINS,VOICE_TOO_THIN,REGISTER_CONNECTION,REGISTER_CONNECTION,REGISTER_CONNECTION,REGISTER_CONNECTION,0.9479,EXPECTED_SHARED_PROTOCOL,True,True,True,False,True,False,True,True,SOVT_GLIDE,SOVT_GLIDE
5e7819c3abb4,HIGH_NOTE_THINS,TIMBRE_CHANGES_HIGH,REGISTER_CONNECTION,REGISTER_CONNECTION,REGISTER_CONNECTION,REGISTER_CONNECTION,0.9246,EXPECTED_SHARED_PROTOCOL,True,True,True,False,True,False,True,True,SOVT_GLIDE,SOVT_GLIDE
5e7819c3abb4,HIGH_NOTE_UNSTABLE,THROAT_EFFORT,EFFORT,EFFORT,EFFORT,EFFORT,0.898,EXPECTED_SHARED_PROTOCOL,True,True,True,False,True,False,True,True,SAFETY_REST,SAFETY_REST
5e7819c3abb4,HIGH_NOTE_UNSTABLE,LOUD_VOICE_DIFFICULT,EFFORT,EFFORT,EFFORT,EFFORT,0.9054,EXPECTED_SHARED_PROTOCOL,True,True,True,False,True,False,True,True,SAFETY_REST,SAFETY_REST
5e7819c3abb4,HIGH_NOTE_UNSTABLE,VOCAL_FATIGUE,EFFORT,EFFORT,EFFORT,EFFORT,0.898,EXPECTED_SHARED_PROTOCOL,True,True,True,False,True,False,True,True,SAFETY_REST,SAFETY_REST
5e7819c3abb4,HIGH_NOTE_UNSTABLE,AFTER_SINGING_FATIGUE,EFFORT,EFFORT,EFFORT,EFFORT,0.9128,EXPECTED_SHARED_PROTOCOL,True,True,True,False,True,False,True,True,SAFETY_REST,SAFETY_REST
5e7819c3abb4,HIGH_NOTE_UNSTABLE,PITCH_UNSTABLE,EFFORT,EFFORT,EFFORT,EFFORT,0.9189,EXPECTED_SHARED_PROTOCOL,True,True,False,False,True,False,True,True,SAFETY_REST,SAFETY_REST
5e7819c3abb4,THROAT_EFFORT,LOUD_VOICE_DIFFICULT,EFFORT,EFFORT,EFFORT,EFFORT,0.898,EXPECTED_SHARED_PROTOCOL,True,True,True,False,True,False,True,True,SAFETY_REST,SAFETY_REST
5e7819c3abb4,THROAT_EFFORT,VOCAL_FATIGUE,EFFORT,EFFORT,EFFORT,EFFORT,0.9315,EXPECTED_SHARED_PROTOCOL,True,True,True,False,True,False,True,True,SAFETY_REST,SAFETY_REST
5e7819c3abb4,THROAT_EFFORT,AFTER_SINGING_FATIGUE,EFFORT,EFFORT,EFFORT,EFFORT,0.8919,EXPECTED_SHARED_PROTOCOL,True,True,True,False,True,False,True,True,SAFETY_REST,SAFETY_REST
5e7819c3abb4,THROAT_EFFORT,PITCH_UNSTABLE,EFFORT,EFFORT,EFFORT,EFFORT,0.9116,EXPECTED_SHARED_PROTOCOL,True,True,False,False,True,False,True,True,SAFETY_REST,SAFETY_REST
5e7819c3abb4,LOUD_VOICE_DIFFICULT,VOCAL_FATIGUE,EFFORT,EFFORT,EFFORT,EFFORT,0.898,EXPECTED_SHARED_PROTOCOL,True,True,True,False,True,False,True,True,SAFETY_REST,SAFETY_REST
5e7819c3abb4,LOUD_VOICE_DIFFICULT,AFTER_SINGING_FATIGUE,EFFORT,EFFORT,EFFORT,EFFORT,0.8993,EXPECTED_SHARED_PROTOCOL,True,True,True,False,True,False,True,True,SAFETY_REST,SAFETY_REST
5e7819c3abb4,LOUD_VOICE_DIFFICULT,PITCH_UNSTABLE,EFFORT,EFFORT,EFFORT,EFFORT,0.8919,EXPECTED_SHARED_PROTOCOL,True,True,False,False,True,False,True,True,SAFETY_REST,SAFETY_REST
5e7819c3abb4,VOCAL_FATIGUE,AFTER_SINGING_FATIGUE,EFFORT,EFFORT,EFFORT,EFFORT,0.9324,EXPECTED_SHARED_PROTOCOL,True,True,True,False,True,False,True,True,SAFETY_REST,SAFETY_REST
5e7819c3abb4,VOCAL_FATIGUE,PITCH_UNSTABLE,EFFORT,EFFORT,EFFORT,EFFORT,0.9252,EXPECTED_SHARED_PROTOCOL,True,True,False,False,True,False,True,True,SAFETY_REST,SAFETY_REST
5e7819c3abb4,AFTER_SINGING_FATIGUE,PITCH_UNSTABLE,EFFORT,EFFORT,EFFORT,EFFORT,0.8859,EXPECTED_SHARED_PROTOCOL,True,True,False,False,True,False,True,True,SAFETY_REST,SAFETY_REST
5e7819c3abb4,VOICE_TOO_THIN,TIMBRE_CHANGES_HIGH,REGISTER_CONNECTION,REGISTER_CONNECTION,REGISTER_CONNECTION,REGISTER_CONNECTION,0.9137,EXPECTED_SHARED_PROTOCOL,True,True,True,False,True,False,True,True,SOVT_GLIDE,SOVT_GLIDE
5e7819c3abb4,VOICE_TOO_DARK_MUFFLED,OTHER_CONCERN,REGISTER_CONNECTION,REGISTER_CONNECTION,REGISTER_CONNECTION,REGISTER_CONNECTION,0.8942,EXPECTED_SHARED_PROTOCOL,True,True,False,False,True,False,False,True,ARTICULATION,ARTICULATION
5e7819c3abb4,VOICE_TOO_SHARP,VOICE_ROUGH,REGISTER_CONNECTION,REGISTER_CONNECTION,REGISTER_CONNECTION,REGISTER_CONNECTION,0.9529,EXPECTED_SHARED_PROTOCOL,True,True,True,True,True,False,False,True,REGISTER_CONNECTION,REGISTER_CONNECTION
5fdfa9eb73e5,HIGH_NOTE_CANNOT_REACH,HIGH_NOTE_TOO_EFFORTFUL,REGISTER_CONNECTION,REGISTER_CONNECTION,REGISTER_CONNECTION,REGISTER_CONNECTION,0.9442,EXPECTED_SHARED_PROTOCOL,True,True,True,True,True,False,True,True,SOVT_GLIDE,SOVT_GLIDE
5fdfa9eb73e5,HIGH_NOTE_CANNOT_REACH,HIGH_NOTE_FLIPS,REGISTER_CONNECTION,REGISTER_CONNECTION,REGISTER_CONNECTION,REGISTER_CONNECTION,0.9561,EXPECTED_SHARED_PROTOCOL,True,True,True,True,True,False,True,True,SOVT_GLIDE,SOVT_GLIDE
5fdfa9eb73e5,HIGH_NOTE_CANNOT_REACH,HIGH_NOTE_UNSTABLE,REGISTER_CONNECTION,REGISTER_CONNECTION,REGISTER_CONNECTION,REGISTER_CONNECTION,0.9697,EXPECTED_SHARED_PROTOCOL,True,True,True,True,True,False,True,True,SOVT_GLIDE,SOVT_GLIDE
5fdfa9eb73e5,HIGH_NOTE_CANNOT_REACH,THROAT_EFFORT,REGISTER_CONNECTION,REGISTER_CONNECTION,REGISTER_CONNECTION,REGISTER_CONNECTION,0.9391,EXPECTED_SHARED_PROTOCOL,True,True,True,False,True,False,True,True,SOVT_GLIDE,SOVT_GLIDE
5fdfa9eb73e5,HIGH_NOTE_CANNOT_REACH,LOUD_VOICE_DIFFICULT,REGISTER_CONNECTION,REGISTER_CONNECTION,REGISTER_CONNECTION,REGISTER_CONNECTION,0.9524,EXPECTED_SHARED_PROTOCOL,True,True,True,False,True,False,True,True,SOVT_GLIDE,SOVT_GLIDE
5fdfa9eb73e5,HIGH_NOTE_CANNOT_REACH,VOCAL_FATIGUE,REGISTER_CONNECTION,REGISTER_CONNECTION,REGISTER_CONNECTION,REGISTER_CONNECTION,0.9391,EXPECTED_SHARED_PROTOCOL,True,True,True,False,True,False,True,True,SOVT_GLIDE,SOVT_GLIDE
5fdfa9eb73e5,HIGH_NOTE_CANNOT_REACH,AFTER_SINGING_FATIGUE,REGISTER_CONNECTION,REGISTER_CONNECTION,REGISTER_CONNECTION,REGISTER_CONNECTION,0.9397,EXPECTED_SHARED_PROTOCOL,True,True,True,False,True,False,True,True,SOVT_GLIDE,SOVT_GLIDE
5fdfa9eb73e5,HIGH_NOTE_CANNOT_REACH,PITCH_UNSTABLE,REGISTER_CONNECTION,REGISTER_CONNECTION,REGISTER_CONNECTION,REGISTER_CONNECTION,0.9437,EXPECTED_SHARED_PROTOCOL,True,True,False,False,True,False,True,True,SOVT_GLIDE,SOVT_GLIDE
5fdfa9eb73e5,HIGH_NOTE_CANNOT_REACH,REGISTER_CONNECTION_DIFFICULT,REGISTER_CONNECTION,REGISTER_CONNECTION,REGISTER_CONNECTION,REGISTER_CONNECTION,0.9407,EXPECTED_SHARED_PROTOCOL,True,True,False,False,True,False,True,True,SOVT_GLIDE,SOVT_GLIDE
5fdfa9eb73e5,HIGH_NOTE_TOO_EFFORTFUL,HIGH_NOTE_FLIPS,REGISTER_CONNECTION,REGISTER_CONNECTION,REGISTER_CONNECTION,REGISTER_CONNECTION,0.9437,EXPECTED_SHARED_PROTOCOL,True,True,True,True,True,False,True,True,SOVT_GLIDE,SOVT_GLIDE
5fdfa9eb73e5,HIGH_NOTE_TOO_EFFORTFUL,HIGH_NOTE_UNSTABLE,REGISTER_CONNECTION,REGISTER_CONNECTION,REGISTER_CONNECTION,REGISTER_CONNECTION,0.9487,EXPECTED_SHARED_PROTOCOL,True,True,True,True,True,False,True,True,SOVT_GLIDE,SOVT_GLIDE
5fdfa9eb73e5,HIGH_NOTE_TOO_EFFORTFUL,THROAT_EFFORT,REGISTER_CONNECTION,REGISTER_CONNECTION,REGISTER_CONNECTION,REGISTER_CONNECTION,0.9356,EXPECTED_SHARED_PROTOCOL,True,True,True,False,True,False,True,True,SOVT_GLIDE,SOVT_GLIDE
5fdfa9eb73e5,HIGH_NOTE_TOO_EFFORTFUL,LOUD_VOICE_DIFFICULT,REGISTER_CONNECTION,REGISTER_CONNECTION,REGISTER_CONNECTION,REGISTER_CONNECTION,0.9316,EXPECTED_SHARED_PROTOCOL,True,True,True,False,True,False,True,True,SOVT_GLIDE,SOVT_GLIDE
5fdfa9eb73e5,HIGH_NOTE_TOO_EFFORTFUL,VOCAL_FATIGUE,REGISTER_CONNECTION,REGISTER_CONNECTION,REGISTER_CONNECTION,REGISTER_CONNECTION,0.9442,EXPECTED_SHARED_PROTOCOL,True,True,True,False,True,False,True,True,SOVT_GLIDE,SOVT_GLIDE
5fdfa9eb73e5,HIGH_NOTE_TOO_EFFORTFUL,AFTER_SINGING_FATIGUE,REGISTER_CONNECTION,REGISTER_CONNECTION,REGISTER_CONNECTION,REGISTER_CONNECTION,0.9277,EXPECTED_SHARED_PROTOCOL,True,True,True,False,True,False,True,True,SOVT_GLIDE,SOVT_GLIDE
5fdfa9eb73e5,HIGH_NOTE_TOO_EFFORTFUL,PITCH_UNSTABLE,REGISTER_CONNECTION,REGISTER_CONNECTION,REGISTER_CONNECTION,REGISTER_CONNECTION,0.9487,EXPECTED_SHARED_PROTOCOL,True,True,False,False,True,False,True,True,SOVT_GLIDE,SOVT_GLIDE
5fdfa9eb73e5,HIGH_NOTE_TOO_EFFORTFUL,REGISTER_CONNECTION_DIFFICULT,REGISTER_CONNECTION,REGISTER_CONNECTION,REGISTER_CONNECTION,REGISTER_CONNECTION,0.9372,EXPECTED_SHARED_PROTOCOL,True,True,False,False,True,False,True,True,SOVT_GLIDE,SOVT_GLIDE
5fdfa9eb73e5,HIGH_NOTE_FLIPS,HIGH_NOTE_UNSTABLE,REGISTER_CONNECTION,REGISTER_CONNECTION,REGISTER_CONNECTION,REGISTER_CONNECTION,0.9607,EXPECTED_SHARED_PROTOCOL,True,True,True,True,True,False,True,True,SOVT_GLIDE,SOVT_GLIDE
5fdfa9eb73e5,HIGH_NOTE_FLIPS,THROAT_EFFORT,REGISTER_CONNECTION,REGISTER_CONNECTION,REGISTER_CONNECTION,REGISTER_CONNECTION,0.9386,EXPECTED_SHARED_PROTOCOL,True,True,True,False,True,False,True,True,SOVT_GLIDE,SOVT_GLIDE
5fdfa9eb73e5,HIGH_NOTE_FLIPS,LOUD_VOICE_DIFFICULT,REGISTER_CONNECTION,REGISTER_CONNECTION,REGISTER_CONNECTION,REGISTER_CONNECTION,0.9432,EXPECTED_SHARED_PROTOCOL,True,True,True,False,True,False,True,True,SOVT_GLIDE,SOVT_GLIDE
5fdfa9eb73e5,HIGH_NOTE_FLIPS,VOCAL_FATIGUE,REGISTER_CONNECTION,REGISTER_CONNECTION,REGISTER_CONNECTION,REGISTER_CONNECTION,0.9474,EXPECTED_SHARED_PROTOCOL,True,True,True,False,True,False,True,True,SOVT_GLIDE,SOVT_GLIDE
5fdfa9eb73e5,HIGH_NOTE_FLIPS,AFTER_SINGING_FATIGUE,REGISTER_CONNECTION,REGISTER_CONNECTION,REGISTER_CONNECTION,REGISTER_CONNECTION,0.9565,EXPECTED_SHARED_PROTOCOL,True,True,True,False,True,False,True,True,SOVT_GLIDE,SOVT_GLIDE
5fdfa9eb73e5,HIGH_NOTE_FLIPS,PITCH_UNSTABLE,REGISTER_CONNECTION,REGISTER_CONNECTION,REGISTER_CONNECTION,REGISTER_CONNECTION,0.952,EXPECTED_SHARED_PROTOCOL,True,True,False,False,True,False,True,True,SOVT_GLIDE,SOVT_GLIDE
5fdfa9eb73e5,HIGH_NOTE_FLIPS,REGISTER_CONNECTION_DIFFICULT,REGISTER_CONNECTION,REGISTER_CONNECTION,REGISTER_CONNECTION,REGISTER_CONNECTION,0.9231,EXPECTED_SHARED_PROTOCOL,True,True,False,False,True,False,True,True,SOVT_GLIDE,SOVT_GLIDE
5fdfa9eb73e5,HIGH_NOTE_THINS,VOICE_TOO_THIN,REGISTER_CONNECTION,REGISTER_CONNECTION,REGISTER_CONNECTION,REGISTER_CONNECTION,0.9479,EXPECTED_SHARED_PROTOCOL,True,True,True,False,True,False,True,True,SOVT_GLIDE,SOVT_GLIDE
5fdfa9eb73e5,HIGH_NOTE_THINS,TIMBRE_CHANGES_HIGH,REGISTER_CONNECTION,REGISTER_CONNECTION,REGISTER_CONNECTION,REGISTER_CONNECTION,0.9246,EXPECTED_SHARED_PROTOCOL,True,True,True,False,True,False,True,True,SOVT_GLIDE,SOVT_GLIDE
5fdfa9eb73e5,HIGH_NOTE_UNSTABLE,THROAT_EFFORT,REGISTER_CONNECTION,REGISTER_CONNECTION,REGISTER_CONNECTION,REGISTER_CONNECTION,0.9351,EXPECTED_SHARED_PROTOCOL,True,True,True,False,True,False,True,True,SOVT_GLIDE,SOVT_GLIDE
5fdfa9eb73e5,HIGH_NOTE_UNSTABLE,LOUD_VOICE_DIFFICULT,REGISTER_CONNECTION,REGISTER_CONNECTION,REGISTER_CONNECTION,REGISTER_CONNECTION,0.9397,EXPECTED_SHARED_PROTOCOL,True,True,True,False,True,False,True,True,SOVT_GLIDE,SOVT_GLIDE
5fdfa9eb73e5,HIGH_NOTE_UNSTABLE,VOCAL_FATIGUE,REGISTER_CONNECTION,REGISTER_CONNECTION,REGISTER_CONNECTION,REGISTER_CONNECTION,0.9351,EXPECTED_SHARED_PROTOCOL,True,True,True,False,True,False,True,True,SOVT_GLIDE,SOVT_GLIDE
5fdfa9eb73e5,HIGH_NOTE_UNSTABLE,AFTER_SINGING_FATIGUE,REGISTER_CONNECTION,REGISTER_CONNECTION,REGISTER_CONNECTION,REGISTER_CONNECTION,0.9442,EXPECTED_SHARED_PROTOCOL,True,True,True,False,True,False,True,True,SOVT_GLIDE,SOVT_GLIDE
5fdfa9eb73e5,HIGH_NOTE_UNSTABLE,PITCH_UNSTABLE,REGISTER_CONNECTION,REGISTER_CONNECTION,REGISTER_CONNECTION,REGISTER_CONNECTION,0.9483,EXPECTED_SHARED_PROTOCOL,True,True,False,False,True,False,True,True,SOVT_GLIDE,SOVT_GLIDE
5fdfa9eb73e5,HIGH_NOTE_UNSTABLE,REGISTER_CONNECTION_DIFFICULT,REGISTER_CONNECTION,REGISTER_CONNECTION,REGISTER_CONNECTION,REGISTER_CONNECTION,0.9367,EXPECTED_SHARED_PROTOCOL,True,True,False,False,True,False,True,True,SOVT_GLIDE,SOVT_GLIDE
5fdfa9eb73e5,THROAT_EFFORT,LOUD_VOICE_DIFFICULT,REGISTER_CONNECTION,REGISTER_CONNECTION,REGISTER_CONNECTION,REGISTER_CONNECTION,0.9351,EXPECTED_SHARED_PROTOCOL,True,True,True,False,True,False,True,True,SOVT_GLIDE,SOVT_GLIDE
5fdfa9eb73e5,THROAT_EFFORT,VOCAL_FATIGUE,REGISTER_CONNECTION,REGISTER_CONNECTION,REGISTER_CONNECTION,REGISTER_CONNECTION,0.9565,EXPECTED_SHARED_PROTOCOL,True,True,True,False,True,False,True,True,SOVT_GLIDE,SOVT_GLIDE
5fdfa9eb73e5,THROAT_EFFORT,AFTER_SINGING_FATIGUE,REGISTER_CONNECTION,REGISTER_CONNECTION,REGISTER_CONNECTION,REGISTER_CONNECTION,0.931,EXPECTED_SHARED_PROTOCOL,True,True,True,False,True,False,True,True,SOVT_GLIDE,SOVT_GLIDE
5fdfa9eb73e5,THROAT_EFFORT,PITCH_UNSTABLE,REGISTER_CONNECTION,REGISTER_CONNECTION,REGISTER_CONNECTION,REGISTER_CONNECTION,0.9437,EXPECTED_SHARED_PROTOCOL,True,True,False,False,True,False,True,True,SOVT_GLIDE,SOVT_GLIDE
5fdfa9eb73e5,THROAT_EFFORT,REGISTER_CONNECTION_DIFFICULT,REGISTER_CONNECTION,REGISTER_CONNECTION,REGISTER_CONNECTION,REGISTER_CONNECTION,0.9407,EXPECTED_SHARED_PROTOCOL,True,True,False,False,True,False,True,True,SOVT_GLIDE,SOVT_GLIDE
5fdfa9eb73e5,LOUD_VOICE_DIFFICULT,VOCAL_FATIGUE,REGISTER_CONNECTION,REGISTER_CONNECTION,REGISTER_CONNECTION,REGISTER_CONNECTION,0.9351,EXPECTED_SHARED_PROTOCOL,True,True,True,False,True,False,True,True,SOVT_GLIDE,SOVT_GLIDE
5fdfa9eb73e5,LOUD_VOICE_DIFFICULT,AFTER_SINGING_FATIGUE,REGISTER_CONNECTION,REGISTER_CONNECTION,REGISTER_CONNECTION,REGISTER_CONNECTION,0.9356,EXPECTED_SHARED_PROTOCOL,True,True,True,False,True,False,True,True,SOVT_GLIDE,SOVT_GLIDE
5fdfa9eb73e5,LOUD_VOICE_DIFFICULT,PITCH_UNSTABLE,REGISTER_CONNECTION,REGISTER_CONNECTION,REGISTER_CONNECTION,REGISTER_CONNECTION,0.931,EXPECTED_SHARED_PROTOCOL,True,True,False,False,True,False,True,True,SOVT_GLIDE,SOVT_GLIDE
5fdfa9eb73e5,LOUD_VOICE_DIFFICULT,REGISTER_CONNECTION_DIFFICULT,REGISTER_CONNECTION,REGISTER_CONNECTION,REGISTER_CONNECTION,REGISTER_CONNECTION,0.9114,EXPECTED_SHARED_PROTOCOL,True,True,False,False,True,False,True,True,SOVT_GLIDE,SOVT_GLIDE
5fdfa9eb73e5,VOCAL_FATIGUE,AFTER_SINGING_FATIGUE,REGISTER_CONNECTION,REGISTER_CONNECTION,REGISTER_CONNECTION,REGISTER_CONNECTION,0.9569,EXPECTED_SHARED_PROTOCOL,True,True,True,False,True,False,True,True,SOVT_GLIDE,SOVT_GLIDE
5fdfa9eb73e5,VOCAL_FATIGUE,PITCH_UNSTABLE,REGISTER_CONNECTION,REGISTER_CONNECTION,REGISTER_CONNECTION,REGISTER_CONNECTION,0.9524,EXPECTED_SHARED_PROTOCOL,True,True,False,False,True,False,True,True,SOVT_GLIDE,SOVT_GLIDE
5fdfa9eb73e5,VOCAL_FATIGUE,REGISTER_CONNECTION_DIFFICULT,REGISTER_CONNECTION,REGISTER_CONNECTION,REGISTER_CONNECTION,REGISTER_CONNECTION,0.9237,EXPECTED_SHARED_PROTOCOL,True,True,False,False,True,False,True,True,SOVT_GLIDE,SOVT_GLIDE
5fdfa9eb73e5,AFTER_SINGING_FATIGUE,PITCH_UNSTABLE,REGISTER_CONNECTION,REGISTER_CONNECTION,REGISTER_CONNECTION,REGISTER_CONNECTION,0.927,EXPECTED_SHARED_PROTOCOL,True,True,False,False,True,False,True,True,SOVT_GLIDE,SOVT_GLIDE
5fdfa9eb73e5,AFTER_SINGING_FATIGUE,REGISTER_CONNECTION_DIFFICULT,REGISTER_CONNECTION,REGISTER_CONNECTION,REGISTER_CONNECTION,REGISTER_CONNECTION,0.916,EXPECTED_SHARED_PROTOCOL,True,True,False,False,True,False,True,True,SOVT_GLIDE,SOVT_GLIDE
5fdfa9eb73e5,VOICE_TOO_THIN,TIMBRE_CHANGES_HIGH,REGISTER_CONNECTION,REGISTER_CONNECTION,REGISTER_CONNECTION,REGISTER_CONNECTION,0.9137,EXPECTED_SHARED_PROTOCOL,True,True,True,False,True,False,True,True,SOVT_GLIDE,SOVT_GLIDE
5fdfa9eb73e5,VOICE_TOO_DARK_MUFFLED,OTHER_CONCERN,REGISTER_CONNECTION,REGISTER_CONNECTION,REGISTER_CONNECTION,REGISTER_CONNECTION,0.8942,EXPECTED_SHARED_PROTOCOL,True,True,False,False,True,False,False,True,ARTICULATION,ARTICULATION
5fdfa9eb73e5,VOICE_TOO_SHARP,VOICE_ROUGH,REGISTER_CONNECTION,REGISTER_CONNECTION,REGISTER_CONNECTION,REGISTER_CONNECTION,0.9529,EXPECTED_SHARED_PROTOCOL,True,True,True,True,True,False,False,True,REGISTER_CONNECTION,REGISTER_CONNECTION
5fdfa9eb73e5,PITCH_UNSTABLE,REGISTER_CONNECTION_DIFFICULT,REGISTER_CONNECTION,REGISTER_CONNECTION,REGISTER_CONNECTION,REGISTER_CONNECTION,0.9367,EXPECTED_SHARED_PROTOCOL,True,True,True,False,True,False,True,True,SOVT_GLIDE,SOVT_GLIDE
6b3aa0d0ddfb,HIGH_NOTE_CANNOT_REACH,HIGH_NOTE_TOO_EFFORTFUL,REGISTER_CONNECTION,REGISTER_CONNECTION,REGISTER_CONNECTION,REGISTER_CONNECTION,0.9442,EXPECTED_SHARED_PROTOCOL,True,True,True,True,True,False,True,True,SOVT_GLIDE,SOVT_GLIDE
6b3aa0d0ddfb,HIGH_NOTE_CANNOT_REACH,HIGH_NOTE_FLIPS,REGISTER_CONNECTION,REGISTER_CONNECTION,REGISTER_CONNECTION,REGISTER_CONNECTION,0.9561,EXPECTED_SHARED_PROTOCOL,True,True,True,True,True,False,True,True,SOVT_GLIDE,SOVT_GLIDE
6b3aa0d0ddfb,HIGH_NOTE_CANNOT_REACH,HIGH_NOTE_UNSTABLE,REGISTER_CONNECTION,REGISTER_CONNECTION,REGISTER_CONNECTION,REGISTER_CONNECTION,0.9697,EXPECTED_SHARED_PROTOCOL,True,True,True,True,True,False,True,True,SOVT_GLIDE,SOVT_GLIDE
6b3aa0d0ddfb,HIGH_NOTE_CANNOT_REACH,THROAT_EFFORT,REGISTER_CONNECTION,REGISTER_CONNECTION,REGISTER_CONNECTION,REGISTER_CONNECTION,0.9391,EXPECTED_SHARED_PROTOCOL,True,True,True,False,True,False,True,True,SOVT_GLIDE,SOVT_GLIDE
6b3aa0d0ddfb,HIGH_NOTE_CANNOT_REACH,LOUD_VOICE_DIFFICULT,REGISTER_CONNECTION,REGISTER_CONNECTION,REGISTER_CONNECTION,REGISTER_CONNECTION,0.9524,EXPECTED_SHARED_PROTOCOL,True,True,True,False,True,False,True,True,SOVT_GLIDE,SOVT_GLIDE
6b3aa0d0ddfb,HIGH_NOTE_CANNOT_REACH,VOCAL_FATIGUE,REGISTER_CONNECTION,REGISTER_CONNECTION,REGISTER_CONNECTION,REGISTER_CONNECTION,0.9391,EXPECTED_SHARED_PROTOCOL,True,True,True,False,True,False,True,True,SOVT_GLIDE,SOVT_GLIDE
6b3aa0d0ddfb,HIGH_NOTE_CANNOT_REACH,AFTER_SINGING_FATIGUE,REGISTER_CONNECTION,REGISTER_CONNECTION,REGISTER_CONNECTION,REGISTER_CONNECTION,0.9397,EXPECTED_SHARED_PROTOCOL,True,True,True,False,True,False,True,True,SOVT_GLIDE,SOVT_GLIDE
6b3aa0d0ddfb,HIGH_NOTE_CANNOT_REACH,PITCH_UNSTABLE,REGISTER_CONNECTION,REGISTER_CONNECTION,REGISTER_CONNECTION,REGISTER_CONNECTION,0.9437,EXPECTED_SHARED_PROTOCOL,True,True,False,False,True,False,True,True,SOVT_GLIDE,SOVT_GLIDE
6b3aa0d0ddfb,HIGH_NOTE_CANNOT_REACH,REGISTER_CONNECTION_DIFFICULT,REGISTER_CONNECTION,REGISTER_CONNECTION,REGISTER_CONNECTION,REGISTER_CONNECTION,0.9407,EXPECTED_SHARED_PROTOCOL,True,True,False,False,True,False,True,True,SOVT_GLIDE,SOVT_GLIDE
6b3aa0d0ddfb,HIGH_NOTE_TOO_EFFORTFUL,HIGH_NOTE_FLIPS,REGISTER_CONNECTION,REGISTER_CONNECTION,REGISTER_CONNECTION,REGISTER_CONNECTION,0.9437,EXPECTED_SHARED_PROTOCOL,True,True,True,True,True,False,True,True,SOVT_GLIDE,SOVT_GLIDE
6b3aa0d0ddfb,HIGH_NOTE_TOO_EFFORTFUL,HIGH_NOTE_UNSTABLE,REGISTER_CONNECTION,REGISTER_CONNECTION,REGISTER_CONNECTION,REGISTER_CONNECTION,0.9487,EXPECTED_SHARED_PROTOCOL,True,True,True,True,True,False,True,True,SOVT_GLIDE,SOVT_GLIDE
6b3aa0d0ddfb,HIGH_NOTE_TOO_EFFORTFUL,THROAT_EFFORT,REGISTER_CONNECTION,REGISTER_CONNECTION,REGISTER_CONNECTION,REGISTER_CONNECTION,0.9356,EXPECTED_SHARED_PROTOCOL,True,True,True,False,True,False,True,True,SOVT_GLIDE,SOVT_GLIDE
6b3aa0d0ddfb,HIGH_NOTE_TOO_EFFORTFUL,LOUD_VOICE_DIFFICULT,REGISTER_CONNECTION,REGISTER_CONNECTION,REGISTER_CONNECTION,REGISTER_CONNECTION,0.9316,EXPECTED_SHARED_PROTOCOL,True,True,True,False,True,False,True,True,SOVT_GLIDE,SOVT_GLIDE
6b3aa0d0ddfb,HIGH_NOTE_TOO_EFFORTFUL,VOCAL_FATIGUE,REGISTER_CONNECTION,REGISTER_CONNECTION,REGISTER_CONNECTION,REGISTER_CONNECTION,0.9442,EXPECTED_SHARED_PROTOCOL,True,True,True,False,True,False,True,True,SOVT_GLIDE,SOVT_GLIDE
6b3aa0d0ddfb,HIGH_NOTE_TOO_EFFORTFUL,AFTER_SINGING_FATIGUE,REGISTER_CONNECTION,REGISTER_CONNECTION,REGISTER_CONNECTION,REGISTER_CONNECTION,0.9277,EXPECTED_SHARED_PROTOCOL,True,True,True,False,True,False,True,True,SOVT_GLIDE,SOVT_GLIDE
6b3aa0d0ddfb,HIGH_NOTE_TOO_EFFORTFUL,PITCH_UNSTABLE,REGISTER_CONNECTION,REGISTER_CONNECTION,REGISTER_CONNECTION,REGISTER_CONNECTION,0.9487,EXPECTED_SHARED_PROTOCOL,True,True,False,False,True,False,True,True,SOVT_GLIDE,SOVT_GLIDE
6b3aa0d0ddfb,HIGH_NOTE_TOO_EFFORTFUL,REGISTER_CONNECTION_DIFFICULT,REGISTER_CONNECTION,REGISTER_CONNECTION,REGISTER_CONNECTION,REGISTER_CONNECTION,0.9372,EXPECTED_SHARED_PROTOCOL,True,True,False,False,True,False,True,True,SOVT_GLIDE,SOVT_GLIDE
6b3aa0d0ddfb,HIGH_NOTE_FLIPS,HIGH_NOTE_UNSTABLE,REGISTER_CONNECTION,REGISTER_CONNECTION,REGISTER_CONNECTION,REGISTER_CONNECTION,0.9607,EXPECTED_SHARED_PROTOCOL,True,True,True,True,True,False,True,True,SOVT_GLIDE,SOVT_GLIDE
6b3aa0d0ddfb,HIGH_NOTE_FLIPS,THROAT_EFFORT,REGISTER_CONNECTION,REGISTER_CONNECTION,REGISTER_CONNECTION,REGISTER_CONNECTION,0.9386,EXPECTED_SHARED_PROTOCOL,True,True,True,False,True,False,True,True,SOVT_GLIDE,SOVT_GLIDE
6b3aa0d0ddfb,HIGH_NOTE_FLIPS,LOUD_VOICE_DIFFICULT,REGISTER_CONNECTION,REGISTER_CONNECTION,REGISTER_CONNECTION,REGISTER_CONNECTION,0.9432,EXPECTED_SHARED_PROTOCOL,True,True,True,False,True,False,True,True,SOVT_GLIDE,SOVT_GLIDE
6b3aa0d0ddfb,HIGH_NOTE_FLIPS,VOCAL_FATIGUE,REGISTER_CONNECTION,REGISTER_CONNECTION,REGISTER_CONNECTION,REGISTER_CONNECTION,0.9474,EXPECTED_SHARED_PROTOCOL,True,True,True,False,True,False,True,True,SOVT_GLIDE,SOVT_GLIDE
6b3aa0d0ddfb,HIGH_NOTE_FLIPS,AFTER_SINGING_FATIGUE,REGISTER_CONNECTION,REGISTER_CONNECTION,REGISTER_CONNECTION,REGISTER_CONNECTION,0.9565,EXPECTED_SHARED_PROTOCOL,True,True,True,False,True,False,True,True,SOVT_GLIDE,SOVT_GLIDE
6b3aa0d0ddfb,HIGH_NOTE_FLIPS,PITCH_UNSTABLE,REGISTER_CONNECTION,REGISTER_CONNECTION,REGISTER_CONNECTION,REGISTER_CONNECTION,0.952,EXPECTED_SHARED_PROTOCOL,True,True,False,False,True,False,True,True,SOVT_GLIDE,SOVT_GLIDE
6b3aa0d0ddfb,HIGH_NOTE_FLIPS,REGISTER_CONNECTION_DIFFICULT,REGISTER_CONNECTION,REGISTER_CONNECTION,REGISTER_CONNECTION,REGISTER_CONNECTION,0.9231,EXPECTED_SHARED_PROTOCOL,True,True,False,False,True,False,True,True,SOVT_GLIDE,SOVT_GLIDE
6b3aa0d0ddfb,HIGH_NOTE_THINS,TIMBRE_CHANGES_HIGH,REGISTER_CONNECTION,REGISTER_CONNECTION,REGISTER_CONNECTION,REGISTER_CONNECTION,0.9246,EXPECTED_SHARED_PROTOCOL,True,True,True,False,True,False,False,True,SOVT_GLIDE,SOVT_GLIDE
6b3aa0d0ddfb,HIGH_NOTE_UNSTABLE,THROAT_EFFORT,REGISTER_CONNECTION,REGISTER_CONNECTION,REGISTER_CONNECTION,REGISTER_CONNECTION,0.9351,EXPECTED_SHARED_PROTOCOL,True,True,True,False,True,False,True,True,SOVT_GLIDE,SOVT_GLIDE
6b3aa0d0ddfb,HIGH_NOTE_UNSTABLE,LOUD_VOICE_DIFFICULT,REGISTER_CONNECTION,REGISTER_CONNECTION,REGISTER_CONNECTION,REGISTER_CONNECTION,0.9397,EXPECTED_SHARED_PROTOCOL,True,True,True,False,True,False,True,True,SOVT_GLIDE,SOVT_GLIDE
6b3aa0d0ddfb,HIGH_NOTE_UNSTABLE,VOCAL_FATIGUE,REGISTER_CONNECTION,REGISTER_CONNECTION,REGISTER_CONNECTION,REGISTER_CONNECTION,0.9351,EXPECTED_SHARED_PROTOCOL,True,True,True,False,True,False,True,True,SOVT_GLIDE,SOVT_GLIDE
6b3aa0d0ddfb,HIGH_NOTE_UNSTABLE,AFTER_SINGING_FATIGUE,REGISTER_CONNECTION,REGISTER_CONNECTION,REGISTER_CONNECTION,REGISTER_CONNECTION,0.9442,EXPECTED_SHARED_PROTOCOL,True,True,True,False,True,False,True,True,SOVT_GLIDE,SOVT_GLIDE
6b3aa0d0ddfb,HIGH_NOTE_UNSTABLE,PITCH_UNSTABLE,REGISTER_CONNECTION,REGISTER_CONNECTION,REGISTER_CONNECTION,REGISTER_CONNECTION,0.9483,EXPECTED_SHARED_PROTOCOL,True,True,False,False,True,False,True,True,SOVT_GLIDE,SOVT_GLIDE
6b3aa0d0ddfb,HIGH_NOTE_UNSTABLE,REGISTER_CONNECTION_DIFFICULT,REGISTER_CONNECTION,REGISTER_CONNECTION,REGISTER_CONNECTION,REGISTER_CONNECTION,0.9367,EXPECTED_SHARED_PROTOCOL,True,True,False,False,True,False,True,True,SOVT_GLIDE,SOVT_GLIDE
6b3aa0d0ddfb,THROAT_EFFORT,LOUD_VOICE_DIFFICULT,REGISTER_CONNECTION,REGISTER_CONNECTION,REGISTER_CONNECTION,REGISTER_CONNECTION,0.9351,EXPECTED_SHARED_PROTOCOL,True,True,True,False,True,False,True,True,SOVT_GLIDE,SOVT_GLIDE
6b3aa0d0ddfb,THROAT_EFFORT,VOCAL_FATIGUE,REGISTER_CONNECTION,REGISTER_CONNECTION,REGISTER_CONNECTION,REGISTER_CONNECTION,0.9565,EXPECTED_SHARED_PROTOCOL,True,True,True,False,True,False,True,True,SOVT_GLIDE,SOVT_GLIDE
6b3aa0d0ddfb,THROAT_EFFORT,AFTER_SINGING_FATIGUE,REGISTER_CONNECTION,REGISTER_CONNECTION,REGISTER_CONNECTION,REGISTER_CONNECTION,0.931,EXPECTED_SHARED_PROTOCOL,True,True,True,False,True,False,True,True,SOVT_GLIDE,SOVT_GLIDE
6b3aa0d0ddfb,THROAT_EFFORT,PITCH_UNSTABLE,REGISTER_CONNECTION,REGISTER_CONNECTION,REGISTER_CONNECTION,REGISTER_CONNECTION,0.9437,EXPECTED_SHARED_PROTOCOL,True,True,False,False,True,False,True,True,SOVT_GLIDE,SOVT_GLIDE
6b3aa0d0ddfb,THROAT_EFFORT,REGISTER_CONNECTION_DIFFICULT,REGISTER_CONNECTION,REGISTER_CONNECTION,REGISTER_CONNECTION,REGISTER_CONNECTION,0.9407,EXPECTED_SHARED_PROTOCOL,True,True,False,False,True,False,True,True,SOVT_GLIDE,SOVT_GLIDE
6b3aa0d0ddfb,LOUD_VOICE_DIFFICULT,VOCAL_FATIGUE,REGISTER_CONNECTION,REGISTER_CONNECTION,REGISTER_CONNECTION,REGISTER_CONNECTION,0.9351,EXPECTED_SHARED_PROTOCOL,True,True,True,False,True,False,True,True,SOVT_GLIDE,SOVT_GLIDE
6b3aa0d0ddfb,LOUD_VOICE_DIFFICULT,AFTER_SINGING_FATIGUE,REGISTER_CONNECTION,REGISTER_CONNECTION,REGISTER_CONNECTION,REGISTER_CONNECTION,0.9356,EXPECTED_SHARED_PROTOCOL,True,True,True,False,True,False,True,True,SOVT_GLIDE,SOVT_GLIDE
6b3aa0d0ddfb,LOUD_VOICE_DIFFICULT,PITCH_UNSTABLE,REGISTER_CONNECTION,REGISTER_CONNECTION,REGISTER_CONNECTION,REGISTER_CONNECTION,0.931,EXPECTED_SHARED_PROTOCOL,True,True,False,False,True,False,True,True,SOVT_GLIDE,SOVT_GLIDE
6b3aa0d0ddfb,LOUD_VOICE_DIFFICULT,REGISTER_CONNECTION_DIFFICULT,REGISTER_CONNECTION,REGISTER_CONNECTION,REGISTER_CONNECTION,REGISTER_CONNECTION,0.9114,EXPECTED_SHARED_PROTOCOL,True,True,False,False,True,False,True,True,SOVT_GLIDE,SOVT_GLIDE
6b3aa0d0ddfb,VOCAL_FATIGUE,AFTER_SINGING_FATIGUE,REGISTER_CONNECTION,REGISTER_CONNECTION,REGISTER_CONNECTION,REGISTER_CONNECTION,0.9569,EXPECTED_SHARED_PROTOCOL,True,True,True,False,True,False,True,True,SOVT_GLIDE,SOVT_GLIDE
6b3aa0d0ddfb,VOCAL_FATIGUE,PITCH_UNSTABLE,REGISTER_CONNECTION,REGISTER_CONNECTION,REGISTER_CONNECTION,REGISTER_CONNECTION,0.9524,EXPECTED_SHARED_PROTOCOL,True,True,False,False,True,False,True,True,SOVT_GLIDE,SOVT_GLIDE
6b3aa0d0ddfb,VOCAL_FATIGUE,REGISTER_CONNECTION_DIFFICULT,REGISTER_CONNECTION,REGISTER_CONNECTION,REGISTER_CONNECTION,REGISTER_CONNECTION,0.9237,EXPECTED_SHARED_PROTOCOL,True,True,False,False,True,False,True,True,SOVT_GLIDE,SOVT_GLIDE
6b3aa0d0ddfb,AFTER_SINGING_FATIGUE,PITCH_UNSTABLE,REGISTER_CONNECTION,REGISTER_CONNECTION,REGISTER_CONNECTION,REGISTER_CONNECTION,0.927,EXPECTED_SHARED_PROTOCOL,True,True,False,False,True,False,True,True,SOVT_GLIDE,SOVT_GLIDE
6b3aa0d0ddfb,AFTER_SINGING_FATIGUE,REGISTER_CONNECTION_DIFFICULT,REGISTER_CONNECTION,REGISTER_CONNECTION,REGISTER_CONNECTION,REGISTER_CONNECTION,0.916,EXPECTED_SHARED_PROTOCOL,True,True,False,False,True,False,True,True,SOVT_GLIDE,SOVT_GLIDE
6b3aa0d0ddfb,VOICE_TOO_SHARP,VOICE_ROUGH,REGISTER_CONNECTION,REGISTER_CONNECTION,REGISTER_CONNECTION,REGISTER_CONNECTION,0.9529,EXPECTED_SHARED_PROTOCOL,True,True,True,True,True,False,True,True,REGISTER_CONNECTION,REGISTER_CONNECTION
6b3aa0d0ddfb,PITCH_UNSTABLE,REGISTER_CONNECTION_DIFFICULT,REGISTER_CONNECTION,REGISTER_CONNECTION,REGISTER_CONNECTION,REGISTER_CONNECTION,0.9367,EXPECTED_SHARED_PROTOCOL,True,True,True,False,True,False,True,True,SOVT_GLIDE,SOVT_GLIDE
6fb8c8208c80,HIGH_NOTE_CANNOT_REACH,HIGH_NOTE_TOO_EFFORTFUL,REGISTER_CONNECTION,REGISTER_CONNECTION,REGISTER_CONNECTION,REGISTER_CONNECTION,0.9442,EXPECTED_SHARED_PROTOCOL,True,True,True,True,True,False,True,True,SOVT_GLIDE,SOVT_GLIDE
6fb8c8208c80,HIGH_NOTE_CANNOT_REACH,HIGH_NOTE_FLIPS,REGISTER_CONNECTION,REGISTER_CONNECTION,REGISTER_CONNECTION,REGISTER_CONNECTION,0.9561,EXPECTED_SHARED_PROTOCOL,True,True,True,True,True,False,True,True,SOVT_GLIDE,SOVT_GLIDE
6fb8c8208c80,HIGH_NOTE_CANNOT_REACH,HIGH_NOTE_UNSTABLE,REGISTER_CONNECTION,REGISTER_CONNECTION,REGISTER_CONNECTION,REGISTER_CONNECTION,0.9697,EXPECTED_SHARED_PROTOCOL,True,True,True,True,True,False,True,True,SOVT_GLIDE,SOVT_GLIDE
6fb8c8208c80,HIGH_NOTE_CANNOT_REACH,THROAT_EFFORT,REGISTER_CONNECTION,REGISTER_CONNECTION,REGISTER_CONNECTION,REGISTER_CONNECTION,0.9391,EXPECTED_SHARED_PROTOCOL,True,True,True,False,True,False,True,True,SOVT_GLIDE,SOVT_GLIDE
6fb8c8208c80,HIGH_NOTE_CANNOT_REACH,LOUD_VOICE_DIFFICULT,REGISTER_CONNECTION,REGISTER_CONNECTION,REGISTER_CONNECTION,REGISTER_CONNECTION,0.9524,EXPECTED_SHARED_PROTOCOL,True,True,True,False,True,False,True,True,SOVT_GLIDE,SOVT_GLIDE
6fb8c8208c80,HIGH_NOTE_CANNOT_REACH,VOCAL_FATIGUE,REGISTER_CONNECTION,REGISTER_CONNECTION,REGISTER_CONNECTION,REGISTER_CONNECTION,0.9391,EXPECTED_SHARED_PROTOCOL,True,True,True,False,True,False,True,True,SOVT_GLIDE,SOVT_GLIDE
6fb8c8208c80,HIGH_NOTE_CANNOT_REACH,AFTER_SINGING_FATIGUE,REGISTER_CONNECTION,REGISTER_CONNECTION,REGISTER_CONNECTION,REGISTER_CONNECTION,0.9397,EXPECTED_SHARED_PROTOCOL,True,True,True,False,True,False,True,True,SOVT_GLIDE,SOVT_GLIDE
6fb8c8208c80,HIGH_NOTE_CANNOT_REACH,PITCH_UNSTABLE,REGISTER_CONNECTION,REGISTER_CONNECTION,REGISTER_CONNECTION,REGISTER_CONNECTION,0.9437,EXPECTED_SHARED_PROTOCOL,True,True,False,False,True,False,True,True,SOVT_GLIDE,SOVT_GLIDE
6fb8c8208c80,HIGH_NOTE_CANNOT_REACH,REGISTER_CONNECTION_DIFFICULT,REGISTER_CONNECTION,REGISTER_CONNECTION,REGISTER_CONNECTION,REGISTER_CONNECTION,0.9407,EXPECTED_SHARED_PROTOCOL,True,True,False,False,True,False,True,True,SOVT_GLIDE,SOVT_GLIDE
6fb8c8208c80,HIGH_NOTE_TOO_EFFORTFUL,HIGH_NOTE_FLIPS,REGISTER_CONNECTION,REGISTER_CONNECTION,REGISTER_CONNECTION,REGISTER_CONNECTION,0.9437,EXPECTED_SHARED_PROTOCOL,True,True,True,True,True,False,True,True,SOVT_GLIDE,SOVT_GLIDE
6fb8c8208c80,HIGH_NOTE_TOO_EFFORTFUL,HIGH_NOTE_UNSTABLE,REGISTER_CONNECTION,REGISTER_CONNECTION,REGISTER_CONNECTION,REGISTER_CONNECTION,0.9487,EXPECTED_SHARED_PROTOCOL,True,True,True,True,True,False,True,True,SOVT_GLIDE,SOVT_GLIDE
6fb8c8208c80,HIGH_NOTE_TOO_EFFORTFUL,THROAT_EFFORT,REGISTER_CONNECTION,REGISTER_CONNECTION,REGISTER_CONNECTION,REGISTER_CONNECTION,0.9356,EXPECTED_SHARED_PROTOCOL,True,True,True,False,True,False,True,True,SOVT_GLIDE,SOVT_GLIDE
6fb8c8208c80,HIGH_NOTE_TOO_EFFORTFUL,LOUD_VOICE_DIFFICULT,REGISTER_CONNECTION,REGISTER_CONNECTION,REGISTER_CONNECTION,REGISTER_CONNECTION,0.9316,EXPECTED_SHARED_PROTOCOL,True,True,True,False,True,False,True,True,SOVT_GLIDE,SOVT_GLIDE
6fb8c8208c80,HIGH_NOTE_TOO_EFFORTFUL,VOCAL_FATIGUE,REGISTER_CONNECTION,REGISTER_CONNECTION,REGISTER_CONNECTION,REGISTER_CONNECTION,0.9442,EXPECTED_SHARED_PROTOCOL,True,True,True,False,True,False,True,True,SOVT_GLIDE,SOVT_GLIDE
6fb8c8208c80,HIGH_NOTE_TOO_EFFORTFUL,AFTER_SINGING_FATIGUE,REGISTER_CONNECTION,REGISTER_CONNECTION,REGISTER_CONNECTION,REGISTER_CONNECTION,0.9277,EXPECTED_SHARED_PROTOCOL,True,True,True,False,True,False,True,True,SOVT_GLIDE,SOVT_GLIDE
6fb8c8208c80,HIGH_NOTE_TOO_EFFORTFUL,PITCH_UNSTABLE,REGISTER_CONNECTION,REGISTER_CONNECTION,REGISTER_CONNECTION,REGISTER_CONNECTION,0.9487,EXPECTED_SHARED_PROTOCOL,True,True,False,False,True,False,True,True,SOVT_GLIDE,SOVT_GLIDE
6fb8c8208c80,HIGH_NOTE_TOO_EFFORTFUL,REGISTER_CONNECTION_DIFFICULT,REGISTER_CONNECTION,REGISTER_CONNECTION,REGISTER_CONNECTION,REGISTER_CONNECTION,0.9372,EXPECTED_SHARED_PROTOCOL,True,True,False,False,True,False,True,True,SOVT_GLIDE,SOVT_GLIDE
6fb8c8208c80,HIGH_NOTE_FLIPS,HIGH_NOTE_UNSTABLE,REGISTER_CONNECTION,REGISTER_CONNECTION,REGISTER_CONNECTION,REGISTER_CONNECTION,0.9607,EXPECTED_SHARED_PROTOCOL,True,True,True,True,True,False,True,True,SOVT_GLIDE,SOVT_GLIDE
6fb8c8208c80,HIGH_NOTE_FLIPS,THROAT_EFFORT,REGISTER_CONNECTION,REGISTER_CONNECTION,REGISTER_CONNECTION,REGISTER_CONNECTION,0.9386,EXPECTED_SHARED_PROTOCOL,True,True,True,False,True,False,True,True,SOVT_GLIDE,SOVT_GLIDE
6fb8c8208c80,HIGH_NOTE_FLIPS,LOUD_VOICE_DIFFICULT,REGISTER_CONNECTION,REGISTER_CONNECTION,REGISTER_CONNECTION,REGISTER_CONNECTION,0.9432,EXPECTED_SHARED_PROTOCOL,True,True,True,False,True,False,True,True,SOVT_GLIDE,SOVT_GLIDE
6fb8c8208c80,HIGH_NOTE_FLIPS,VOCAL_FATIGUE,REGISTER_CONNECTION,REGISTER_CONNECTION,REGISTER_CONNECTION,REGISTER_CONNECTION,0.9474,EXPECTED_SHARED_PROTOCOL,True,True,True,False,True,False,True,True,SOVT_GLIDE,SOVT_GLIDE
6fb8c8208c80,HIGH_NOTE_FLIPS,AFTER_SINGING_FATIGUE,REGISTER_CONNECTION,REGISTER_CONNECTION,REGISTER_CONNECTION,REGISTER_CONNECTION,0.9565,EXPECTED_SHARED_PROTOCOL,True,True,True,False,True,False,True,True,SOVT_GLIDE,SOVT_GLIDE
6fb8c8208c80,HIGH_NOTE_FLIPS,PITCH_UNSTABLE,REGISTER_CONNECTION,REGISTER_CONNECTION,REGISTER_CONNECTION,REGISTER_CONNECTION,0.952,EXPECTED_SHARED_PROTOCOL,True,True,False,False,True,False,True,True,SOVT_GLIDE,SOVT_GLIDE
6fb8c8208c80,HIGH_NOTE_FLIPS,REGISTER_CONNECTION_DIFFICULT,REGISTER_CONNECTION,REGISTER_CONNECTION,REGISTER_CONNECTION,REGISTER_CONNECTION,0.9231,EXPECTED_SHARED_PROTOCOL,True,True,False,False,True,False,True,True,SOVT_GLIDE,SOVT_GLIDE
6fb8c8208c80,HIGH_NOTE_THINS,VOICE_TOO_THIN,REGISTER_CONNECTION,REGISTER_CONNECTION,REGISTER_CONNECTION,REGISTER_CONNECTION,0.9479,EXPECTED_SHARED_PROTOCOL,True,True,True,False,True,False,True,True,SOVT_GLIDE,SOVT_GLIDE
6fb8c8208c80,HIGH_NOTE_THINS,TIMBRE_CHANGES_HIGH,REGISTER_CONNECTION,REGISTER_CONNECTION,REGISTER_CONNECTION,REGISTER_CONNECTION,0.9246,EXPECTED_SHARED_PROTOCOL,True,True,True,False,True,False,True,True,SOVT_GLIDE,SOVT_GLIDE
6fb8c8208c80,HIGH_NOTE_UNSTABLE,THROAT_EFFORT,REGISTER_CONNECTION,REGISTER_CONNECTION,REGISTER_CONNECTION,REGISTER_CONNECTION,0.9351,EXPECTED_SHARED_PROTOCOL,True,True,True,False,True,False,True,True,SOVT_GLIDE,SOVT_GLIDE
6fb8c8208c80,HIGH_NOTE_UNSTABLE,LOUD_VOICE_DIFFICULT,REGISTER_CONNECTION,REGISTER_CONNECTION,REGISTER_CONNECTION,REGISTER_CONNECTION,0.9397,EXPECTED_SHARED_PROTOCOL,True,True,True,False,True,False,True,True,SOVT_GLIDE,SOVT_GLIDE
6fb8c8208c80,HIGH_NOTE_UNSTABLE,VOCAL_FATIGUE,REGISTER_CONNECTION,REGISTER_CONNECTION,REGISTER_CONNECTION,REGISTER_CONNECTION,0.9351,EXPECTED_SHARED_PROTOCOL,True,True,True,False,True,False,True,True,SOVT_GLIDE,SOVT_GLIDE
6fb8c8208c80,HIGH_NOTE_UNSTABLE,AFTER_SINGING_FATIGUE,REGISTER_CONNECTION,REGISTER_CONNECTION,REGISTER_CONNECTION,REGISTER_CONNECTION,0.9442,EXPECTED_SHARED_PROTOCOL,True,True,True,False,True,False,True,True,SOVT_GLIDE,SOVT_GLIDE
6fb8c8208c80,HIGH_NOTE_UNSTABLE,PITCH_UNSTABLE,REGISTER_CONNECTION,REGISTER_CONNECTION,REGISTER_CONNECTION,REGISTER_CONNECTION,0.9483,EXPECTED_SHARED_PROTOCOL,True,True,False,False,True,False,True,True,SOVT_GLIDE,SOVT_GLIDE
6fb8c8208c80,HIGH_NOTE_UNSTABLE,REGISTER_CONNECTION_DIFFICULT,REGISTER_CONNECTION,REGISTER_CONNECTION,REGISTER_CONNECTION,REGISTER_CONNECTION,0.9367,EXPECTED_SHARED_PROTOCOL,True,True,False,False,True,False,True,True,SOVT_GLIDE,SOVT_GLIDE
6fb8c8208c80,THROAT_EFFORT,LOUD_VOICE_DIFFICULT,REGISTER_CONNECTION,REGISTER_CONNECTION,REGISTER_CONNECTION,REGISTER_CONNECTION,0.9351,EXPECTED_SHARED_PROTOCOL,True,True,True,False,True,False,True,True,SOVT_GLIDE,SOVT_GLIDE
6fb8c8208c80,THROAT_EFFORT,VOCAL_FATIGUE,REGISTER_CONNECTION,REGISTER_CONNECTION,REGISTER_CONNECTION,REGISTER_CONNECTION,0.9565,EXPECTED_SHARED_PROTOCOL,True,True,True,False,True,False,True,True,SOVT_GLIDE,SOVT_GLIDE
6fb8c8208c80,THROAT_EFFORT,AFTER_SINGING_FATIGUE,REGISTER_CONNECTION,REGISTER_CONNECTION,REGISTER_CONNECTION,REGISTER_CONNECTION,0.931,EXPECTED_SHARED_PROTOCOL,True,True,True,False,True,False,True,True,SOVT_GLIDE,SOVT_GLIDE
6fb8c8208c80,THROAT_EFFORT,PITCH_UNSTABLE,REGISTER_CONNECTION,REGISTER_CONNECTION,REGISTER_CONNECTION,REGISTER_CONNECTION,0.9437,EXPECTED_SHARED_PROTOCOL,True,True,False,False,True,False,True,True,SOVT_GLIDE,SOVT_GLIDE
6fb8c8208c80,THROAT_EFFORT,REGISTER_CONNECTION_DIFFICULT,REGISTER_CONNECTION,REGISTER_CONNECTION,REGISTER_CONNECTION,REGISTER_CONNECTION,0.9407,EXPECTED_SHARED_PROTOCOL,True,True,False,False,True,False,True,True,SOVT_GLIDE,SOVT_GLIDE
6fb8c8208c80,LOUD_VOICE_DIFFICULT,VOCAL_FATIGUE,REGISTER_CONNECTION,REGISTER_CONNECTION,REGISTER_CONNECTION,REGISTER_CONNECTION,0.9351,EXPECTED_SHARED_PROTOCOL,True,True,True,False,True,False,True,True,SOVT_GLIDE,SOVT_GLIDE
6fb8c8208c80,LOUD_VOICE_DIFFICULT,AFTER_SINGING_FATIGUE,REGISTER_CONNECTION,REGISTER_CONNECTION,REGISTER_CONNECTION,REGISTER_CONNECTION,0.9356,EXPECTED_SHARED_PROTOCOL,True,True,True,False,True,False,True,True,SOVT_GLIDE,SOVT_GLIDE
6fb8c8208c80,LOUD_VOICE_DIFFICULT,PITCH_UNSTABLE,REGISTER_CONNECTION,REGISTER_CONNECTION,REGISTER_CONNECTION,REGISTER_CONNECTION,0.931,EXPECTED_SHARED_PROTOCOL,True,True,False,False,True,False,True,True,SOVT_GLIDE,SOVT_GLIDE
6fb8c8208c80,LOUD_VOICE_DIFFICULT,REGISTER_CONNECTION_DIFFICULT,REGISTER_CONNECTION,REGISTER_CONNECTION,REGISTER_CONNECTION,REGISTER_CONNECTION,0.9114,EXPECTED_SHARED_PROTOCOL,True,True,False,False,True,False,True,True,SOVT_GLIDE,SOVT_GLIDE
6fb8c8208c80,VOCAL_FATIGUE,AFTER_SINGING_FATIGUE,REGISTER_CONNECTION,REGISTER_CONNECTION,REGISTER_CONNECTION,REGISTER_CONNECTION,0.9569,EXPECTED_SHARED_PROTOCOL,True,True,True,False,True,False,True,True,SOVT_GLIDE,SOVT_GLIDE
6fb8c8208c80,VOCAL_FATIGUE,PITCH_UNSTABLE,REGISTER_CONNECTION,REGISTER_CONNECTION,REGISTER_CONNECTION,REGISTER_CONNECTION,0.9524,EXPECTED_SHARED_PROTOCOL,True,True,False,False,True,False,True,True,SOVT_GLIDE,SOVT_GLIDE
6fb8c8208c80,VOCAL_FATIGUE,REGISTER_CONNECTION_DIFFICULT,REGISTER_CONNECTION,REGISTER_CONNECTION,REGISTER_CONNECTION,REGISTER_CONNECTION,0.9237,EXPECTED_SHARED_PROTOCOL,True,True,False,False,True,False,True,True,SOVT_GLIDE,SOVT_GLIDE
6fb8c8208c80,AFTER_SINGING_FATIGUE,PITCH_UNSTABLE,REGISTER_CONNECTION,REGISTER_CONNECTION,REGISTER_CONNECTION,REGISTER_CONNECTION,0.927,EXPECTED_SHARED_PROTOCOL,True,True,False,False,True,False,True,True,SOVT_GLIDE,SOVT_GLIDE
6fb8c8208c80,AFTER_SINGING_FATIGUE,REGISTER_CONNECTION_DIFFICULT,REGISTER_CONNECTION,REGISTER_CONNECTION,REGISTER_CONNECTION,REGISTER_CONNECTION,0.916,EXPECTED_SHARED_PROTOCOL,True,True,False,False,True,False,True,True,SOVT_GLIDE,SOVT_GLIDE
6fb8c8208c80,VOICE_TOO_THIN,TIMBRE_CHANGES_HIGH,REGISTER_CONNECTION,REGISTER_CONNECTION,REGISTER_CONNECTION,REGISTER_CONNECTION,0.9137,EXPECTED_SHARED_PROTOCOL,True,True,True,False,True,False,True,True,SOVT_GLIDE,SOVT_GLIDE
6fb8c8208c80,VOICE_TOO_DARK_MUFFLED,OTHER_CONCERN,REGISTER_CONNECTION,REGISTER_CONNECTION,REGISTER_CONNECTION,REGISTER_CONNECTION,0.8942,EXPECTED_SHARED_PROTOCOL,True,True,False,False,True,False,False,True,ARTICULATION,ARTICULATION
6fb8c8208c80,PITCH_UNSTABLE,REGISTER_CONNECTION_DIFFICULT,REGISTER_CONNECTION,REGISTER_CONNECTION,REGISTER_CONNECTION,REGISTER_CONNECTION,0.9367,EXPECTED_SHARED_PROTOCOL,True,True,True,False,True,False,True,True,SOVT_GLIDE,SOVT_GLIDE
70479ec67665,HIGH_NOTE_CANNOT_REACH,HIGH_NOTE_TOO_EFFORTFUL,REGISTER_CONNECTION,REGISTER_CONNECTION,REGISTER_CONNECTION,REGISTER_CONNECTION,0.9442,EXPECTED_SHARED_PROTOCOL,True,True,True,True,True,False,True,True,SOVT_GLIDE,SOVT_GLIDE
70479ec67665,HIGH_NOTE_CANNOT_REACH,HIGH_NOTE_FLIPS,REGISTER_CONNECTION,REGISTER_CONNECTION,REGISTER_CONNECTION,REGISTER_CONNECTION,0.9561,EXPECTED_SHARED_PROTOCOL,True,True,True,True,True,False,True,True,SOVT_GLIDE,SOVT_GLIDE
70479ec67665,HIGH_NOTE_CANNOT_REACH,HIGH_NOTE_UNSTABLE,REGISTER_CONNECTION,REGISTER_CONNECTION,REGISTER_CONNECTION,REGISTER_CONNECTION,0.9697,EXPECTED_SHARED_PROTOCOL,True,True,True,True,True,False,True,True,SOVT_GLIDE,SOVT_GLIDE
70479ec67665,HIGH_NOTE_CANNOT_REACH,THROAT_EFFORT,REGISTER_CONNECTION,REGISTER_CONNECTION,REGISTER_CONNECTION,REGISTER_CONNECTION,0.9391,EXPECTED_SHARED_PROTOCOL,True,True,True,False,True,False,True,True,SOVT_GLIDE,SOVT_GLIDE
70479ec67665,HIGH_NOTE_CANNOT_REACH,LOUD_VOICE_DIFFICULT,REGISTER_CONNECTION,REGISTER_CONNECTION,REGISTER_CONNECTION,REGISTER_CONNECTION,0.9524,EXPECTED_SHARED_PROTOCOL,True,True,True,False,True,False,True,True,SOVT_GLIDE,SOVT_GLIDE
70479ec67665,HIGH_NOTE_CANNOT_REACH,VOCAL_FATIGUE,REGISTER_CONNECTION,REGISTER_CONNECTION,REGISTER_CONNECTION,REGISTER_CONNECTION,0.9391,EXPECTED_SHARED_PROTOCOL,True,True,True,False,True,False,True,True,SOVT_GLIDE,SOVT_GLIDE
70479ec67665,HIGH_NOTE_CANNOT_REACH,AFTER_SINGING_FATIGUE,REGISTER_CONNECTION,REGISTER_CONNECTION,REGISTER_CONNECTION,REGISTER_CONNECTION,0.9397,EXPECTED_SHARED_PROTOCOL,True,True,True,False,True,False,True,True,SOVT_GLIDE,SOVT_GLIDE
70479ec67665,HIGH_NOTE_CANNOT_REACH,PITCH_UNSTABLE,REGISTER_CONNECTION,REGISTER_CONNECTION,REGISTER_CONNECTION,REGISTER_CONNECTION,0.9437,EXPECTED_SHARED_PROTOCOL,True,True,False,False,True,False,True,True,SOVT_GLIDE,SOVT_GLIDE
70479ec67665,HIGH_NOTE_CANNOT_REACH,REGISTER_CONNECTION_DIFFICULT,REGISTER_CONNECTION,REGISTER_CONNECTION,REGISTER_CONNECTION,REGISTER_CONNECTION,0.9407,EXPECTED_SHARED_PROTOCOL,True,True,False,False,True,False,True,True,SOVT_GLIDE,SOVT_GLIDE
70479ec67665,HIGH_NOTE_TOO_EFFORTFUL,HIGH_NOTE_FLIPS,REGISTER_CONNECTION,REGISTER_CONNECTION,REGISTER_CONNECTION,REGISTER_CONNECTION,0.9437,EXPECTED_SHARED_PROTOCOL,True,True,True,True,True,False,True,True,SOVT_GLIDE,SOVT_GLIDE
70479ec67665,HIGH_NOTE_TOO_EFFORTFUL,HIGH_NOTE_UNSTABLE,REGISTER_CONNECTION,REGISTER_CONNECTION,REGISTER_CONNECTION,REGISTER_CONNECTION,0.9487,EXPECTED_SHARED_PROTOCOL,True,True,True,True,True,False,True,True,SOVT_GLIDE,SOVT_GLIDE
70479ec67665,HIGH_NOTE_TOO_EFFORTFUL,THROAT_EFFORT,REGISTER_CONNECTION,REGISTER_CONNECTION,REGISTER_CONNECTION,REGISTER_CONNECTION,0.9356,EXPECTED_SHARED_PROTOCOL,True,True,True,False,True,False,True,True,SOVT_GLIDE,SOVT_GLIDE
70479ec67665,HIGH_NOTE_TOO_EFFORTFUL,LOUD_VOICE_DIFFICULT,REGISTER_CONNECTION,REGISTER_CONNECTION,REGISTER_CONNECTION,REGISTER_CONNECTION,0.9316,EXPECTED_SHARED_PROTOCOL,True,True,True,False,True,False,True,True,SOVT_GLIDE,SOVT_GLIDE
70479ec67665,HIGH_NOTE_TOO_EFFORTFUL,VOCAL_FATIGUE,REGISTER_CONNECTION,REGISTER_CONNECTION,REGISTER_CONNECTION,REGISTER_CONNECTION,0.9442,EXPECTED_SHARED_PROTOCOL,True,True,True,False,True,False,True,True,SOVT_GLIDE,SOVT_GLIDE
70479ec67665,HIGH_NOTE_TOO_EFFORTFUL,AFTER_SINGING_FATIGUE,REGISTER_CONNECTION,REGISTER_CONNECTION,REGISTER_CONNECTION,REGISTER_CONNECTION,0.9277,EXPECTED_SHARED_PROTOCOL,True,True,True,False,True,False,True,True,SOVT_GLIDE,SOVT_GLIDE
70479ec67665,HIGH_NOTE_TOO_EFFORTFUL,PITCH_UNSTABLE,REGISTER_CONNECTION,REGISTER_CONNECTION,REGISTER_CONNECTION,REGISTER_CONNECTION,0.9487,EXPECTED_SHARED_PROTOCOL,True,True,False,False,True,False,True,True,SOVT_GLIDE,SOVT_GLIDE
70479ec67665,HIGH_NOTE_TOO_EFFORTFUL,REGISTER_CONNECTION_DIFFICULT,REGISTER_CONNECTION,REGISTER_CONNECTION,REGISTER_CONNECTION,REGISTER_CONNECTION,0.9372,EXPECTED_SHARED_PROTOCOL,True,True,False,False,True,False,True,True,SOVT_GLIDE,SOVT_GLIDE
70479ec67665,HIGH_NOTE_FLIPS,HIGH_NOTE_UNSTABLE,REGISTER_CONNECTION,REGISTER_CONNECTION,REGISTER_CONNECTION,REGISTER_CONNECTION,0.9607,EXPECTED_SHARED_PROTOCOL,True,True,True,True,True,False,True,True,SOVT_GLIDE,SOVT_GLIDE
70479ec67665,HIGH_NOTE_FLIPS,THROAT_EFFORT,REGISTER_CONNECTION,REGISTER_CONNECTION,REGISTER_CONNECTION,REGISTER_CONNECTION,0.9386,EXPECTED_SHARED_PROTOCOL,True,True,True,False,True,False,True,True,SOVT_GLIDE,SOVT_GLIDE
70479ec67665,HIGH_NOTE_FLIPS,LOUD_VOICE_DIFFICULT,REGISTER_CONNECTION,REGISTER_CONNECTION,REGISTER_CONNECTION,REGISTER_CONNECTION,0.9432,EXPECTED_SHARED_PROTOCOL,True,True,True,False,True,False,True,True,SOVT_GLIDE,SOVT_GLIDE
70479ec67665,HIGH_NOTE_FLIPS,VOCAL_FATIGUE,REGISTER_CONNECTION,REGISTER_CONNECTION,REGISTER_CONNECTION,REGISTER_CONNECTION,0.9474,EXPECTED_SHARED_PROTOCOL,True,True,True,False,True,False,True,True,SOVT_GLIDE,SOVT_GLIDE
70479ec67665,HIGH_NOTE_FLIPS,AFTER_SINGING_FATIGUE,REGISTER_CONNECTION,REGISTER_CONNECTION,REGISTER_CONNECTION,REGISTER_CONNECTION,0.9565,EXPECTED_SHARED_PROTOCOL,True,True,True,False,True,False,True,True,SOVT_GLIDE,SOVT_GLIDE
70479ec67665,HIGH_NOTE_FLIPS,PITCH_UNSTABLE,REGISTER_CONNECTION,REGISTER_CONNECTION,REGISTER_CONNECTION,REGISTER_CONNECTION,0.952,EXPECTED_SHARED_PROTOCOL,True,True,False,False,True,False,True,True,SOVT_GLIDE,SOVT_GLIDE
70479ec67665,HIGH_NOTE_FLIPS,REGISTER_CONNECTION_DIFFICULT,REGISTER_CONNECTION,REGISTER_CONNECTION,REGISTER_CONNECTION,REGISTER_CONNECTION,0.9231,EXPECTED_SHARED_PROTOCOL,True,True,False,False,True,False,True,True,SOVT_GLIDE,SOVT_GLIDE
70479ec67665,HIGH_NOTE_THINS,TIMBRE_CHANGES_HIGH,REGISTER_CONNECTION,REGISTER_CONNECTION,REGISTER_CONNECTION,REGISTER_CONNECTION,0.9246,EXPECTED_SHARED_PROTOCOL,True,True,True,False,True,False,True,True,SOVT_GLIDE,SOVT_GLIDE
70479ec67665,HIGH_NOTE_UNSTABLE,THROAT_EFFORT,REGISTER_CONNECTION,REGISTER_CONNECTION,REGISTER_CONNECTION,REGISTER_CONNECTION,0.9351,EXPECTED_SHARED_PROTOCOL,True,True,True,False,True,False,True,True,SOVT_GLIDE,SOVT_GLIDE
70479ec67665,HIGH_NOTE_UNSTABLE,LOUD_VOICE_DIFFICULT,REGISTER_CONNECTION,REGISTER_CONNECTION,REGISTER_CONNECTION,REGISTER_CONNECTION,0.9397,EXPECTED_SHARED_PROTOCOL,True,True,True,False,True,False,True,True,SOVT_GLIDE,SOVT_GLIDE
70479ec67665,HIGH_NOTE_UNSTABLE,VOCAL_FATIGUE,REGISTER_CONNECTION,REGISTER_CONNECTION,REGISTER_CONNECTION,REGISTER_CONNECTION,0.9351,EXPECTED_SHARED_PROTOCOL,True,True,True,False,True,False,True,True,SOVT_GLIDE,SOVT_GLIDE
70479ec67665,HIGH_NOTE_UNSTABLE,AFTER_SINGING_FATIGUE,REGISTER_CONNECTION,REGISTER_CONNECTION,REGISTER_CONNECTION,REGISTER_CONNECTION,0.9442,EXPECTED_SHARED_PROTOCOL,True,True,True,False,True,False,True,True,SOVT_GLIDE,SOVT_GLIDE
70479ec67665,HIGH_NOTE_UNSTABLE,PITCH_UNSTABLE,REGISTER_CONNECTION,REGISTER_CONNECTION,REGISTER_CONNECTION,REGISTER_CONNECTION,0.9483,EXPECTED_SHARED_PROTOCOL,True,True,False,False,True,False,True,True,SOVT_GLIDE,SOVT_GLIDE
70479ec67665,HIGH_NOTE_UNSTABLE,REGISTER_CONNECTION_DIFFICULT,REGISTER_CONNECTION,REGISTER_CONNECTION,REGISTER_CONNECTION,REGISTER_CONNECTION,0.9367,EXPECTED_SHARED_PROTOCOL,True,True,False,False,True,False,True,True,SOVT_GLIDE,SOVT_GLIDE
70479ec67665,THROAT_EFFORT,LOUD_VOICE_DIFFICULT,REGISTER_CONNECTION,REGISTER_CONNECTION,REGISTER_CONNECTION,REGISTER_CONNECTION,0.9351,EXPECTED_SHARED_PROTOCOL,True,True,True,False,True,False,True,True,SOVT_GLIDE,SOVT_GLIDE
70479ec67665,THROAT_EFFORT,VOCAL_FATIGUE,REGISTER_CONNECTION,REGISTER_CONNECTION,REGISTER_CONNECTION,REGISTER_CONNECTION,0.9565,EXPECTED_SHARED_PROTOCOL,True,True,True,False,True,False,True,True,SOVT_GLIDE,SOVT_GLIDE
70479ec67665,THROAT_EFFORT,AFTER_SINGING_FATIGUE,REGISTER_CONNECTION,REGISTER_CONNECTION,REGISTER_CONNECTION,REGISTER_CONNECTION,0.931,EXPECTED_SHARED_PROTOCOL,True,True,True,False,True,False,True,True,SOVT_GLIDE,SOVT_GLIDE
70479ec67665,THROAT_EFFORT,PITCH_UNSTABLE,REGISTER_CONNECTION,REGISTER_CONNECTION,REGISTER_CONNECTION,REGISTER_CONNECTION,0.9437,EXPECTED_SHARED_PROTOCOL,True,True,False,False,True,False,True,True,SOVT_GLIDE,SOVT_GLIDE
70479ec67665,THROAT_EFFORT,REGISTER_CONNECTION_DIFFICULT,REGISTER_CONNECTION,REGISTER_CONNECTION,REGISTER_CONNECTION,REGISTER_CONNECTION,0.9407,EXPECTED_SHARED_PROTOCOL,True,True,False,False,True,False,True,True,SOVT_GLIDE,SOVT_GLIDE
70479ec67665,LOUD_VOICE_DIFFICULT,VOCAL_FATIGUE,REGISTER_CONNECTION,REGISTER_CONNECTION,REGISTER_CONNECTION,REGISTER_CONNECTION,0.9351,EXPECTED_SHARED_PROTOCOL,True,True,True,False,True,False,True,True,SOVT_GLIDE,SOVT_GLIDE
70479ec67665,LOUD_VOICE_DIFFICULT,AFTER_SINGING_FATIGUE,REGISTER_CONNECTION,REGISTER_CONNECTION,REGISTER_CONNECTION,REGISTER_CONNECTION,0.9356,EXPECTED_SHARED_PROTOCOL,True,True,True,False,True,False,True,True,SOVT_GLIDE,SOVT_GLIDE
70479ec67665,LOUD_VOICE_DIFFICULT,PITCH_UNSTABLE,REGISTER_CONNECTION,REGISTER_CONNECTION,REGISTER_CONNECTION,REGISTER_CONNECTION,0.931,EXPECTED_SHARED_PROTOCOL,True,True,False,False,True,False,True,True,SOVT_GLIDE,SOVT_GLIDE
70479ec67665,LOUD_VOICE_DIFFICULT,REGISTER_CONNECTION_DIFFICULT,REGISTER_CONNECTION,REGISTER_CONNECTION,REGISTER_CONNECTION,REGISTER_CONNECTION,0.9114,EXPECTED_SHARED_PROTOCOL,True,True,False,False,True,False,True,True,SOVT_GLIDE,SOVT_GLIDE
70479ec67665,VOCAL_FATIGUE,AFTER_SINGING_FATIGUE,REGISTER_CONNECTION,REGISTER_CONNECTION,REGISTER_CONNECTION,REGISTER_CONNECTION,0.9569,EXPECTED_SHARED_PROTOCOL,True,True,True,False,True,False,True,True,SOVT_GLIDE,SOVT_GLIDE
70479ec67665,VOCAL_FATIGUE,PITCH_UNSTABLE,REGISTER_CONNECTION,REGISTER_CONNECTION,REGISTER_CONNECTION,REGISTER_CONNECTION,0.9524,EXPECTED_SHARED_PROTOCOL,True,True,False,False,True,False,True,True,SOVT_GLIDE,SOVT_GLIDE
70479ec67665,VOCAL_FATIGUE,REGISTER_CONNECTION_DIFFICULT,REGISTER_CONNECTION,REGISTER_CONNECTION,REGISTER_CONNECTION,REGISTER_CONNECTION,0.9237,EXPECTED_SHARED_PROTOCOL,True,True,False,False,True,False,True,True,SOVT_GLIDE,SOVT_GLIDE
70479ec67665,AFTER_SINGING_FATIGUE,PITCH_UNSTABLE,REGISTER_CONNECTION,REGISTER_CONNECTION,REGISTER_CONNECTION,REGISTER_CONNECTION,0.927,EXPECTED_SHARED_PROTOCOL,True,True,False,False,True,False,True,True,SOVT_GLIDE,SOVT_GLIDE
70479ec67665,AFTER_SINGING_FATIGUE,REGISTER_CONNECTION_DIFFICULT,REGISTER_CONNECTION,REGISTER_CONNECTION,REGISTER_CONNECTION,REGISTER_CONNECTION,0.916,EXPECTED_SHARED_PROTOCOL,True,True,False,False,True,False,True,True,SOVT_GLIDE,SOVT_GLIDE
70479ec67665,PITCH_UNSTABLE,REGISTER_CONNECTION_DIFFICULT,REGISTER_CONNECTION,REGISTER_CONNECTION,REGISTER_CONNECTION,REGISTER_CONNECTION,0.9367,EXPECTED_SHARED_PROTOCOL,True,True,True,False,True,False,True,True,SOVT_GLIDE,SOVT_GLIDE
7436d634b9bf,HIGH_NOTE_CANNOT_REACH,HIGH_NOTE_TOO_EFFORTFUL,REGISTER_CONNECTION,REGISTER_CONNECTION,REGISTER_CONNECTION,REGISTER_CONNECTION,0.9442,EXPECTED_SHARED_PROTOCOL,True,True,True,True,True,False,True,True,SOVT_GLIDE,SOVT_GLIDE
7436d634b9bf,HIGH_NOTE_CANNOT_REACH,HIGH_NOTE_FLIPS,REGISTER_CONNECTION,REGISTER_CONNECTION,REGISTER_CONNECTION,REGISTER_CONNECTION,0.9561,EXPECTED_SHARED_PROTOCOL,True,True,True,True,True,False,True,True,SOVT_GLIDE,SOVT_GLIDE
7436d634b9bf,HIGH_NOTE_CANNOT_REACH,HIGH_NOTE_UNSTABLE,REGISTER_CONNECTION,REGISTER_CONNECTION,REGISTER_CONNECTION,REGISTER_CONNECTION,0.9697,EXPECTED_SHARED_PROTOCOL,True,True,True,True,True,False,True,True,SOVT_GLIDE,SOVT_GLIDE
7436d634b9bf,HIGH_NOTE_CANNOT_REACH,THROAT_EFFORT,REGISTER_CONNECTION,REGISTER_CONNECTION,REGISTER_CONNECTION,REGISTER_CONNECTION,0.9391,EXPECTED_SHARED_PROTOCOL,True,True,True,False,True,False,True,True,SOVT_GLIDE,SOVT_GLIDE
7436d634b9bf,HIGH_NOTE_CANNOT_REACH,LOUD_VOICE_DIFFICULT,REGISTER_CONNECTION,REGISTER_CONNECTION,REGISTER_CONNECTION,REGISTER_CONNECTION,0.9524,EXPECTED_SHARED_PROTOCOL,True,True,True,False,True,False,True,True,SOVT_GLIDE,SOVT_GLIDE
7436d634b9bf,HIGH_NOTE_CANNOT_REACH,VOCAL_FATIGUE,REGISTER_CONNECTION,REGISTER_CONNECTION,REGISTER_CONNECTION,REGISTER_CONNECTION,0.9391,EXPECTED_SHARED_PROTOCOL,True,True,True,False,True,False,True,True,SOVT_GLIDE,SOVT_GLIDE
7436d634b9bf,HIGH_NOTE_CANNOT_REACH,AFTER_SINGING_FATIGUE,REGISTER_CONNECTION,REGISTER_CONNECTION,REGISTER_CONNECTION,REGISTER_CONNECTION,0.9397,EXPECTED_SHARED_PROTOCOL,True,True,True,False,True,False,True,True,SOVT_GLIDE,SOVT_GLIDE
7436d634b9bf,HIGH_NOTE_CANNOT_REACH,PITCH_UNSTABLE,REGISTER_CONNECTION,REGISTER_CONNECTION,REGISTER_CONNECTION,REGISTER_CONNECTION,0.9437,EXPECTED_SHARED_PROTOCOL,True,True,False,False,True,False,True,True,SOVT_GLIDE,SOVT_GLIDE
7436d634b9bf,HIGH_NOTE_CANNOT_REACH,REGISTER_CONNECTION_DIFFICULT,REGISTER_CONNECTION,REGISTER_CONNECTION,REGISTER_CONNECTION,REGISTER_CONNECTION,0.9407,EXPECTED_SHARED_PROTOCOL,True,True,False,False,True,False,True,True,SOVT_GLIDE,SOVT_GLIDE
7436d634b9bf,HIGH_NOTE_TOO_EFFORTFUL,HIGH_NOTE_FLIPS,REGISTER_CONNECTION,REGISTER_CONNECTION,REGISTER_CONNECTION,REGISTER_CONNECTION,0.9437,EXPECTED_SHARED_PROTOCOL,True,True,True,True,True,False,True,True,SOVT_GLIDE,SOVT_GLIDE
7436d634b9bf,HIGH_NOTE_TOO_EFFORTFUL,HIGH_NOTE_UNSTABLE,REGISTER_CONNECTION,REGISTER_CONNECTION,REGISTER_CONNECTION,REGISTER_CONNECTION,0.9487,EXPECTED_SHARED_PROTOCOL,True,True,True,True,True,False,True,True,SOVT_GLIDE,SOVT_GLIDE
7436d634b9bf,HIGH_NOTE_TOO_EFFORTFUL,THROAT_EFFORT,REGISTER_CONNECTION,REGISTER_CONNECTION,REGISTER_CONNECTION,REGISTER_CONNECTION,0.9356,EXPECTED_SHARED_PROTOCOL,True,True,True,False,True,False,True,True,SOVT_GLIDE,SOVT_GLIDE
7436d634b9bf,HIGH_NOTE_TOO_EFFORTFUL,LOUD_VOICE_DIFFICULT,REGISTER_CONNECTION,REGISTER_CONNECTION,REGISTER_CONNECTION,REGISTER_CONNECTION,0.9316,EXPECTED_SHARED_PROTOCOL,True,True,True,False,True,False,True,True,SOVT_GLIDE,SOVT_GLIDE
7436d634b9bf,HIGH_NOTE_TOO_EFFORTFUL,VOCAL_FATIGUE,REGISTER_CONNECTION,REGISTER_CONNECTION,REGISTER_CONNECTION,REGISTER_CONNECTION,0.9442,EXPECTED_SHARED_PROTOCOL,True,True,True,False,True,False,True,True,SOVT_GLIDE,SOVT_GLIDE
7436d634b9bf,HIGH_NOTE_TOO_EFFORTFUL,AFTER_SINGING_FATIGUE,REGISTER_CONNECTION,REGISTER_CONNECTION,REGISTER_CONNECTION,REGISTER_CONNECTION,0.9277,EXPECTED_SHARED_PROTOCOL,True,True,True,False,True,False,True,True,SOVT_GLIDE,SOVT_GLIDE
7436d634b9bf,HIGH_NOTE_TOO_EFFORTFUL,PITCH_UNSTABLE,REGISTER_CONNECTION,REGISTER_CONNECTION,REGISTER_CONNECTION,REGISTER_CONNECTION,0.9487,EXPECTED_SHARED_PROTOCOL,True,True,False,False,True,False,True,True,SOVT_GLIDE,SOVT_GLIDE
7436d634b9bf,HIGH_NOTE_TOO_EFFORTFUL,REGISTER_CONNECTION_DIFFICULT,REGISTER_CONNECTION,REGISTER_CONNECTION,REGISTER_CONNECTION,REGISTER_CONNECTION,0.9372,EXPECTED_SHARED_PROTOCOL,True,True,False,False,True,False,True,True,SOVT_GLIDE,SOVT_GLIDE
7436d634b9bf,HIGH_NOTE_FLIPS,HIGH_NOTE_UNSTABLE,REGISTER_CONNECTION,REGISTER_CONNECTION,REGISTER_CONNECTION,REGISTER_CONNECTION,0.9607,EXPECTED_SHARED_PROTOCOL,True,True,True,True,True,False,True,True,SOVT_GLIDE,SOVT_GLIDE
7436d634b9bf,HIGH_NOTE_FLIPS,THROAT_EFFORT,REGISTER_CONNECTION,REGISTER_CONNECTION,REGISTER_CONNECTION,REGISTER_CONNECTION,0.9386,EXPECTED_SHARED_PROTOCOL,True,True,True,False,True,False,True,True,SOVT_GLIDE,SOVT_GLIDE
7436d634b9bf,HIGH_NOTE_FLIPS,LOUD_VOICE_DIFFICULT,REGISTER_CONNECTION,REGISTER_CONNECTION,REGISTER_CONNECTION,REGISTER_CONNECTION,0.9432,EXPECTED_SHARED_PROTOCOL,True,True,True,False,True,False,True,True,SOVT_GLIDE,SOVT_GLIDE
7436d634b9bf,HIGH_NOTE_FLIPS,VOCAL_FATIGUE,REGISTER_CONNECTION,REGISTER_CONNECTION,REGISTER_CONNECTION,REGISTER_CONNECTION,0.9474,EXPECTED_SHARED_PROTOCOL,True,True,True,False,True,False,True,True,SOVT_GLIDE,SOVT_GLIDE
7436d634b9bf,HIGH_NOTE_FLIPS,AFTER_SINGING_FATIGUE,REGISTER_CONNECTION,REGISTER_CONNECTION,REGISTER_CONNECTION,REGISTER_CONNECTION,0.9565,EXPECTED_SHARED_PROTOCOL,True,True,True,False,True,False,True,True,SOVT_GLIDE,SOVT_GLIDE
7436d634b9bf,HIGH_NOTE_FLIPS,PITCH_UNSTABLE,REGISTER_CONNECTION,REGISTER_CONNECTION,REGISTER_CONNECTION,REGISTER_CONNECTION,0.952,EXPECTED_SHARED_PROTOCOL,True,True,False,False,True,False,True,True,SOVT_GLIDE,SOVT_GLIDE
7436d634b9bf,HIGH_NOTE_FLIPS,REGISTER_CONNECTION_DIFFICULT,REGISTER_CONNECTION,REGISTER_CONNECTION,REGISTER_CONNECTION,REGISTER_CONNECTION,0.9231,EXPECTED_SHARED_PROTOCOL,True,True,False,False,True,False,True,True,SOVT_GLIDE,SOVT_GLIDE
7436d634b9bf,HIGH_NOTE_THINS,TIMBRE_CHANGES_HIGH,REGISTER_CONNECTION,REGISTER_CONNECTION,REGISTER_CONNECTION,REGISTER_CONNECTION,0.9246,EXPECTED_SHARED_PROTOCOL,True,True,True,False,True,False,False,True,SOVT_GLIDE,SOVT_GLIDE
7436d634b9bf,HIGH_NOTE_UNSTABLE,THROAT_EFFORT,REGISTER_CONNECTION,REGISTER_CONNECTION,REGISTER_CONNECTION,REGISTER_CONNECTION,0.9351,EXPECTED_SHARED_PROTOCOL,True,True,True,False,True,False,True,True,SOVT_GLIDE,SOVT_GLIDE
7436d634b9bf,HIGH_NOTE_UNSTABLE,LOUD_VOICE_DIFFICULT,REGISTER_CONNECTION,REGISTER_CONNECTION,REGISTER_CONNECTION,REGISTER_CONNECTION,0.9397,EXPECTED_SHARED_PROTOCOL,True,True,True,False,True,False,True,True,SOVT_GLIDE,SOVT_GLIDE
7436d634b9bf,HIGH_NOTE_UNSTABLE,VOCAL_FATIGUE,REGISTER_CONNECTION,REGISTER_CONNECTION,REGISTER_CONNECTION,REGISTER_CONNECTION,0.9351,EXPECTED_SHARED_PROTOCOL,True,True,True,False,True,False,True,True,SOVT_GLIDE,SOVT_GLIDE
7436d634b9bf,HIGH_NOTE_UNSTABLE,AFTER_SINGING_FATIGUE,REGISTER_CONNECTION,REGISTER_CONNECTION,REGISTER_CONNECTION,REGISTER_CONNECTION,0.9442,EXPECTED_SHARED_PROTOCOL,True,True,True,False,True,False,True,True,SOVT_GLIDE,SOVT_GLIDE
7436d634b9bf,HIGH_NOTE_UNSTABLE,PITCH_UNSTABLE,REGISTER_CONNECTION,REGISTER_CONNECTION,REGISTER_CONNECTION,REGISTER_CONNECTION,0.9483,EXPECTED_SHARED_PROTOCOL,True,True,False,False,True,False,True,True,SOVT_GLIDE,SOVT_GLIDE
7436d634b9bf,HIGH_NOTE_UNSTABLE,REGISTER_CONNECTION_DIFFICULT,REGISTER_CONNECTION,REGISTER_CONNECTION,REGISTER_CONNECTION,REGISTER_CONNECTION,0.9367,EXPECTED_SHARED_PROTOCOL,True,True,False,False,True,False,True,True,SOVT_GLIDE,SOVT_GLIDE
7436d634b9bf,THROAT_EFFORT,LOUD_VOICE_DIFFICULT,REGISTER_CONNECTION,REGISTER_CONNECTION,REGISTER_CONNECTION,REGISTER_CONNECTION,0.9351,EXPECTED_SHARED_PROTOCOL,True,True,True,False,True,False,True,True,SOVT_GLIDE,SOVT_GLIDE
7436d634b9bf,THROAT_EFFORT,VOCAL_FATIGUE,REGISTER_CONNECTION,REGISTER_CONNECTION,REGISTER_CONNECTION,REGISTER_CONNECTION,0.9565,EXPECTED_SHARED_PROTOCOL,True,True,True,False,True,False,True,True,SOVT_GLIDE,SOVT_GLIDE
7436d634b9bf,THROAT_EFFORT,AFTER_SINGING_FATIGUE,REGISTER_CONNECTION,REGISTER_CONNECTION,REGISTER_CONNECTION,REGISTER_CONNECTION,0.931,EXPECTED_SHARED_PROTOCOL,True,True,True,False,True,False,True,True,SOVT_GLIDE,SOVT_GLIDE
7436d634b9bf,THROAT_EFFORT,PITCH_UNSTABLE,REGISTER_CONNECTION,REGISTER_CONNECTION,REGISTER_CONNECTION,REGISTER_CONNECTION,0.9437,EXPECTED_SHARED_PROTOCOL,True,True,False,False,True,False,True,True,SOVT_GLIDE,SOVT_GLIDE
7436d634b9bf,THROAT_EFFORT,REGISTER_CONNECTION_DIFFICULT,REGISTER_CONNECTION,REGISTER_CONNECTION,REGISTER_CONNECTION,REGISTER_CONNECTION,0.9407,EXPECTED_SHARED_PROTOCOL,True,True,False,False,True,False,True,True,SOVT_GLIDE,SOVT_GLIDE
7436d634b9bf,LOUD_VOICE_DIFFICULT,VOCAL_FATIGUE,REGISTER_CONNECTION,REGISTER_CONNECTION,REGISTER_CONNECTION,REGISTER_CONNECTION,0.9351,EXPECTED_SHARED_PROTOCOL,True,True,True,False,True,False,True,True,SOVT_GLIDE,SOVT_GLIDE
7436d634b9bf,LOUD_VOICE_DIFFICULT,AFTER_SINGING_FATIGUE,REGISTER_CONNECTION,REGISTER_CONNECTION,REGISTER_CONNECTION,REGISTER_CONNECTION,0.9356,EXPECTED_SHARED_PROTOCOL,True,True,True,False,True,False,True,True,SOVT_GLIDE,SOVT_GLIDE
7436d634b9bf,LOUD_VOICE_DIFFICULT,PITCH_UNSTABLE,REGISTER_CONNECTION,REGISTER_CONNECTION,REGISTER_CONNECTION,REGISTER_CONNECTION,0.931,EXPECTED_SHARED_PROTOCOL,True,True,False,False,True,False,True,True,SOVT_GLIDE,SOVT_GLIDE
7436d634b9bf,LOUD_VOICE_DIFFICULT,REGISTER_CONNECTION_DIFFICULT,REGISTER_CONNECTION,REGISTER_CONNECTION,REGISTER_CONNECTION,REGISTER_CONNECTION,0.9114,EXPECTED_SHARED_PROTOCOL,True,True,False,False,True,False,True,True,SOVT_GLIDE,SOVT_GLIDE
7436d634b9bf,VOCAL_FATIGUE,AFTER_SINGING_FATIGUE,REGISTER_CONNECTION,REGISTER_CONNECTION,REGISTER_CONNECTION,REGISTER_CONNECTION,0.9569,EXPECTED_SHARED_PROTOCOL,True,True,True,False,True,False,True,True,SOVT_GLIDE,SOVT_GLIDE
7436d634b9bf,VOCAL_FATIGUE,PITCH_UNSTABLE,REGISTER_CONNECTION,REGISTER_CONNECTION,REGISTER_CONNECTION,REGISTER_CONNECTION,0.9524,EXPECTED_SHARED_PROTOCOL,True,True,False,False,True,False,True,True,SOVT_GLIDE,SOVT_GLIDE
7436d634b9bf,VOCAL_FATIGUE,REGISTER_CONNECTION_DIFFICULT,REGISTER_CONNECTION,REGISTER_CONNECTION,REGISTER_CONNECTION,REGISTER_CONNECTION,0.9237,EXPECTED_SHARED_PROTOCOL,True,True,False,False,True,False,True,True,SOVT_GLIDE,SOVT_GLIDE
7436d634b9bf,AFTER_SINGING_FATIGUE,PITCH_UNSTABLE,REGISTER_CONNECTION,REGISTER_CONNECTION,REGISTER_CONNECTION,REGISTER_CONNECTION,0.927,EXPECTED_SHARED_PROTOCOL,True,True,False,False,True,False,True,True,SOVT_GLIDE,SOVT_GLIDE
7436d634b9bf,AFTER_SINGING_FATIGUE,REGISTER_CONNECTION_DIFFICULT,REGISTER_CONNECTION,REGISTER_CONNECTION,REGISTER_CONNECTION,REGISTER_CONNECTION,0.916,EXPECTED_SHARED_PROTOCOL,True,True,False,False,True,False,True,True,SOVT_GLIDE,SOVT_GLIDE
7436d634b9bf,VOICE_TOO_SHARP,VOICE_ROUGH,REGISTER_CONNECTION,REGISTER_CONNECTION,REGISTER_CONNECTION,REGISTER_CONNECTION,0.9529,EXPECTED_SHARED_PROTOCOL,True,True,True,True,True,False,True,True,REGISTER_CONNECTION,REGISTER_CONNECTION
7436d634b9bf,PITCH_UNSTABLE,REGISTER_CONNECTION_DIFFICULT,REGISTER_CONNECTION,REGISTER_CONNECTION,REGISTER_CONNECTION,REGISTER_CONNECTION,0.9367,EXPECTED_SHARED_PROTOCOL,True,True,True,False,True,False,True,True,SOVT_GLIDE,SOVT_GLIDE
7abf49d0b4cd,HIGH_NOTE_CANNOT_REACH,HIGH_NOTE_TOO_EFFORTFUL,REGISTER_CONNECTION,REGISTER_CONNECTION,REGISTER_CONNECTION,REGISTER_CONNECTION,0.9442,EXPECTED_SHARED_PROTOCOL,True,True,True,True,True,False,True,True,SOVT_GLIDE,SOVT_GLIDE
7abf49d0b4cd,HIGH_NOTE_CANNOT_REACH,HIGH_NOTE_FLIPS,REGISTER_CONNECTION,REGISTER_CONNECTION,REGISTER_CONNECTION,REGISTER_CONNECTION,0.9561,EXPECTED_SHARED_PROTOCOL,True,True,True,True,True,False,True,True,SOVT_GLIDE,SOVT_GLIDE
7abf49d0b4cd,HIGH_NOTE_CANNOT_REACH,HIGH_NOTE_UNSTABLE,REGISTER_CONNECTION,REGISTER_CONNECTION,REGISTER_CONNECTION,REGISTER_CONNECTION,0.9697,EXPECTED_SHARED_PROTOCOL,True,True,True,True,True,False,True,True,SOVT_GLIDE,SOVT_GLIDE
7abf49d0b4cd,HIGH_NOTE_CANNOT_REACH,THROAT_EFFORT,REGISTER_CONNECTION,REGISTER_CONNECTION,REGISTER_CONNECTION,REGISTER_CONNECTION,0.9391,EXPECTED_SHARED_PROTOCOL,True,True,True,False,True,False,True,True,SOVT_GLIDE,SOVT_GLIDE
7abf49d0b4cd,HIGH_NOTE_CANNOT_REACH,LOUD_VOICE_DIFFICULT,REGISTER_CONNECTION,REGISTER_CONNECTION,REGISTER_CONNECTION,REGISTER_CONNECTION,0.9524,EXPECTED_SHARED_PROTOCOL,True,True,True,False,True,False,True,True,SOVT_GLIDE,SOVT_GLIDE
7abf49d0b4cd,HIGH_NOTE_CANNOT_REACH,VOCAL_FATIGUE,REGISTER_CONNECTION,REGISTER_CONNECTION,REGISTER_CONNECTION,REGISTER_CONNECTION,0.9391,EXPECTED_SHARED_PROTOCOL,True,True,True,False,True,False,True,True,SOVT_GLIDE,SOVT_GLIDE
7abf49d0b4cd,HIGH_NOTE_CANNOT_REACH,AFTER_SINGING_FATIGUE,REGISTER_CONNECTION,REGISTER_CONNECTION,REGISTER_CONNECTION,REGISTER_CONNECTION,0.9397,EXPECTED_SHARED_PROTOCOL,True,True,True,False,True,False,True,True,SOVT_GLIDE,SOVT_GLIDE
7abf49d0b4cd,HIGH_NOTE_CANNOT_REACH,PITCH_UNSTABLE,REGISTER_CONNECTION,REGISTER_CONNECTION,REGISTER_CONNECTION,REGISTER_CONNECTION,0.9437,EXPECTED_SHARED_PROTOCOL,True,True,False,False,True,False,True,True,SOVT_GLIDE,SOVT_GLIDE
7abf49d0b4cd,HIGH_NOTE_CANNOT_REACH,REGISTER_CONNECTION_DIFFICULT,REGISTER_CONNECTION,REGISTER_CONNECTION,REGISTER_CONNECTION,REGISTER_CONNECTION,0.9407,EXPECTED_SHARED_PROTOCOL,True,True,False,False,True,False,True,True,SOVT_GLIDE,SOVT_GLIDE
7abf49d0b4cd,HIGH_NOTE_TOO_EFFORTFUL,HIGH_NOTE_FLIPS,REGISTER_CONNECTION,REGISTER_CONNECTION,REGISTER_CONNECTION,REGISTER_CONNECTION,0.9437,EXPECTED_SHARED_PROTOCOL,True,True,True,True,True,False,True,True,SOVT_GLIDE,SOVT_GLIDE
7abf49d0b4cd,HIGH_NOTE_TOO_EFFORTFUL,HIGH_NOTE_UNSTABLE,REGISTER_CONNECTION,REGISTER_CONNECTION,REGISTER_CONNECTION,REGISTER_CONNECTION,0.9487,EXPECTED_SHARED_PROTOCOL,True,True,True,True,True,False,True,True,SOVT_GLIDE,SOVT_GLIDE
7abf49d0b4cd,HIGH_NOTE_TOO_EFFORTFUL,THROAT_EFFORT,REGISTER_CONNECTION,REGISTER_CONNECTION,REGISTER_CONNECTION,REGISTER_CONNECTION,0.9356,EXPECTED_SHARED_PROTOCOL,True,True,True,False,True,False,True,True,SOVT_GLIDE,SOVT_GLIDE
7abf49d0b4cd,HIGH_NOTE_TOO_EFFORTFUL,LOUD_VOICE_DIFFICULT,REGISTER_CONNECTION,REGISTER_CONNECTION,REGISTER_CONNECTION,REGISTER_CONNECTION,0.9316,EXPECTED_SHARED_PROTOCOL,True,True,True,False,True,False,True,True,SOVT_GLIDE,SOVT_GLIDE
7abf49d0b4cd,HIGH_NOTE_TOO_EFFORTFUL,VOCAL_FATIGUE,REGISTER_CONNECTION,REGISTER_CONNECTION,REGISTER_CONNECTION,REGISTER_CONNECTION,0.9442,EXPECTED_SHARED_PROTOCOL,True,True,True,False,True,False,True,True,SOVT_GLIDE,SOVT_GLIDE
7abf49d0b4cd,HIGH_NOTE_TOO_EFFORTFUL,AFTER_SINGING_FATIGUE,REGISTER_CONNECTION,REGISTER_CONNECTION,REGISTER_CONNECTION,REGISTER_CONNECTION,0.9277,EXPECTED_SHARED_PROTOCOL,True,True,True,False,True,False,True,True,SOVT_GLIDE,SOVT_GLIDE
7abf49d0b4cd,HIGH_NOTE_TOO_EFFORTFUL,PITCH_UNSTABLE,REGISTER_CONNECTION,REGISTER_CONNECTION,REGISTER_CONNECTION,REGISTER_CONNECTION,0.9487,EXPECTED_SHARED_PROTOCOL,True,True,False,False,True,False,True,True,SOVT_GLIDE,SOVT_GLIDE
7abf49d0b4cd,HIGH_NOTE_TOO_EFFORTFUL,REGISTER_CONNECTION_DIFFICULT,REGISTER_CONNECTION,REGISTER_CONNECTION,REGISTER_CONNECTION,REGISTER_CONNECTION,0.9372,EXPECTED_SHARED_PROTOCOL,True,True,False,False,True,False,True,True,SOVT_GLIDE,SOVT_GLIDE
7abf49d0b4cd,HIGH_NOTE_FLIPS,HIGH_NOTE_UNSTABLE,REGISTER_CONNECTION,REGISTER_CONNECTION,REGISTER_CONNECTION,REGISTER_CONNECTION,0.9607,EXPECTED_SHARED_PROTOCOL,True,True,True,True,True,False,True,True,SOVT_GLIDE,SOVT_GLIDE
7abf49d0b4cd,HIGH_NOTE_FLIPS,THROAT_EFFORT,REGISTER_CONNECTION,REGISTER_CONNECTION,REGISTER_CONNECTION,REGISTER_CONNECTION,0.9386,EXPECTED_SHARED_PROTOCOL,True,True,True,False,True,False,True,True,SOVT_GLIDE,SOVT_GLIDE
7abf49d0b4cd,HIGH_NOTE_FLIPS,LOUD_VOICE_DIFFICULT,REGISTER_CONNECTION,REGISTER_CONNECTION,REGISTER_CONNECTION,REGISTER_CONNECTION,0.9432,EXPECTED_SHARED_PROTOCOL,True,True,True,False,True,False,True,True,SOVT_GLIDE,SOVT_GLIDE
7abf49d0b4cd,HIGH_NOTE_FLIPS,VOCAL_FATIGUE,REGISTER_CONNECTION,REGISTER_CONNECTION,REGISTER_CONNECTION,REGISTER_CONNECTION,0.9474,EXPECTED_SHARED_PROTOCOL,True,True,True,False,True,False,True,True,SOVT_GLIDE,SOVT_GLIDE
7abf49d0b4cd,HIGH_NOTE_FLIPS,AFTER_SINGING_FATIGUE,REGISTER_CONNECTION,REGISTER_CONNECTION,REGISTER_CONNECTION,REGISTER_CONNECTION,0.9565,EXPECTED_SHARED_PROTOCOL,True,True,True,False,True,False,True,True,SOVT_GLIDE,SOVT_GLIDE
7abf49d0b4cd,HIGH_NOTE_FLIPS,PITCH_UNSTABLE,REGISTER_CONNECTION,REGISTER_CONNECTION,REGISTER_CONNECTION,REGISTER_CONNECTION,0.952,EXPECTED_SHARED_PROTOCOL,True,True,False,False,True,False,True,True,SOVT_GLIDE,SOVT_GLIDE
7abf49d0b4cd,HIGH_NOTE_FLIPS,REGISTER_CONNECTION_DIFFICULT,REGISTER_CONNECTION,REGISTER_CONNECTION,REGISTER_CONNECTION,REGISTER_CONNECTION,0.9231,EXPECTED_SHARED_PROTOCOL,True,True,False,False,True,False,True,True,SOVT_GLIDE,SOVT_GLIDE
7abf49d0b4cd,HIGH_NOTE_THINS,TIMBRE_CHANGES_HIGH,REGISTER_CONNECTION,REGISTER_CONNECTION,REGISTER_CONNECTION,REGISTER_CONNECTION,0.9246,EXPECTED_SHARED_PROTOCOL,True,True,True,False,True,False,False,True,SOVT_GLIDE,SOVT_GLIDE
7abf49d0b4cd,HIGH_NOTE_UNSTABLE,THROAT_EFFORT,REGISTER_CONNECTION,REGISTER_CONNECTION,REGISTER_CONNECTION,REGISTER_CONNECTION,0.9351,EXPECTED_SHARED_PROTOCOL,True,True,True,False,True,False,True,True,SOVT_GLIDE,SOVT_GLIDE
7abf49d0b4cd,HIGH_NOTE_UNSTABLE,LOUD_VOICE_DIFFICULT,REGISTER_CONNECTION,REGISTER_CONNECTION,REGISTER_CONNECTION,REGISTER_CONNECTION,0.9397,EXPECTED_SHARED_PROTOCOL,True,True,True,False,True,False,True,True,SOVT_GLIDE,SOVT_GLIDE
7abf49d0b4cd,HIGH_NOTE_UNSTABLE,VOCAL_FATIGUE,REGISTER_CONNECTION,REGISTER_CONNECTION,REGISTER_CONNECTION,REGISTER_CONNECTION,0.9351,EXPECTED_SHARED_PROTOCOL,True,True,True,False,True,False,True,True,SOVT_GLIDE,SOVT_GLIDE
7abf49d0b4cd,HIGH_NOTE_UNSTABLE,AFTER_SINGING_FATIGUE,REGISTER_CONNECTION,REGISTER_CONNECTION,REGISTER_CONNECTION,REGISTER_CONNECTION,0.9442,EXPECTED_SHARED_PROTOCOL,True,True,True,False,True,False,True,True,SOVT_GLIDE,SOVT_GLIDE
7abf49d0b4cd,HIGH_NOTE_UNSTABLE,PITCH_UNSTABLE,REGISTER_CONNECTION,REGISTER_CONNECTION,REGISTER_CONNECTION,REGISTER_CONNECTION,0.9483,EXPECTED_SHARED_PROTOCOL,True,True,False,False,True,False,True,True,SOVT_GLIDE,SOVT_GLIDE
7abf49d0b4cd,HIGH_NOTE_UNSTABLE,REGISTER_CONNECTION_DIFFICULT,REGISTER_CONNECTION,REGISTER_CONNECTION,REGISTER_CONNECTION,REGISTER_CONNECTION,0.9367,EXPECTED_SHARED_PROTOCOL,True,True,False,False,True,False,True,True,SOVT_GLIDE,SOVT_GLIDE
7abf49d0b4cd,THROAT_EFFORT,LOUD_VOICE_DIFFICULT,REGISTER_CONNECTION,REGISTER_CONNECTION,REGISTER_CONNECTION,REGISTER_CONNECTION,0.9351,EXPECTED_SHARED_PROTOCOL,True,True,True,False,True,False,True,True,SOVT_GLIDE,SOVT_GLIDE
7abf49d0b4cd,THROAT_EFFORT,VOCAL_FATIGUE,REGISTER_CONNECTION,REGISTER_CONNECTION,REGISTER_CONNECTION,REGISTER_CONNECTION,0.9565,EXPECTED_SHARED_PROTOCOL,True,True,True,False,True,False,True,True,SOVT_GLIDE,SOVT_GLIDE
7abf49d0b4cd,THROAT_EFFORT,AFTER_SINGING_FATIGUE,REGISTER_CONNECTION,REGISTER_CONNECTION,REGISTER_CONNECTION,REGISTER_CONNECTION,0.931,EXPECTED_SHARED_PROTOCOL,True,True,True,False,True,False,True,True,SOVT_GLIDE,SOVT_GLIDE
7abf49d0b4cd,THROAT_EFFORT,PITCH_UNSTABLE,REGISTER_CONNECTION,REGISTER_CONNECTION,REGISTER_CONNECTION,REGISTER_CONNECTION,0.9437,EXPECTED_SHARED_PROTOCOL,True,True,False,False,True,False,True,True,SOVT_GLIDE,SOVT_GLIDE
7abf49d0b4cd,THROAT_EFFORT,REGISTER_CONNECTION_DIFFICULT,REGISTER_CONNECTION,REGISTER_CONNECTION,REGISTER_CONNECTION,REGISTER_CONNECTION,0.9407,EXPECTED_SHARED_PROTOCOL,True,True,False,False,True,False,True,True,SOVT_GLIDE,SOVT_GLIDE
7abf49d0b4cd,LOUD_VOICE_DIFFICULT,VOCAL_FATIGUE,REGISTER_CONNECTION,REGISTER_CONNECTION,REGISTER_CONNECTION,REGISTER_CONNECTION,0.9351,EXPECTED_SHARED_PROTOCOL,True,True,True,False,True,False,True,True,SOVT_GLIDE,SOVT_GLIDE
7abf49d0b4cd,LOUD_VOICE_DIFFICULT,AFTER_SINGING_FATIGUE,REGISTER_CONNECTION,REGISTER_CONNECTION,REGISTER_CONNECTION,REGISTER_CONNECTION,0.9356,EXPECTED_SHARED_PROTOCOL,True,True,True,False,True,False,True,True,SOVT_GLIDE,SOVT_GLIDE
7abf49d0b4cd,LOUD_VOICE_DIFFICULT,PITCH_UNSTABLE,REGISTER_CONNECTION,REGISTER_CONNECTION,REGISTER_CONNECTION,REGISTER_CONNECTION,0.931,EXPECTED_SHARED_PROTOCOL,True,True,False,False,True,False,True,True,SOVT_GLIDE,SOVT_GLIDE
7abf49d0b4cd,LOUD_VOICE_DIFFICULT,REGISTER_CONNECTION_DIFFICULT,REGISTER_CONNECTION,REGISTER_CONNECTION,REGISTER_CONNECTION,REGISTER_CONNECTION,0.9114,EXPECTED_SHARED_PROTOCOL,True,True,False,False,True,False,True,True,SOVT_GLIDE,SOVT_GLIDE
7abf49d0b4cd,VOCAL_FATIGUE,AFTER_SINGING_FATIGUE,REGISTER_CONNECTION,REGISTER_CONNECTION,REGISTER_CONNECTION,REGISTER_CONNECTION,0.9569,EXPECTED_SHARED_PROTOCOL,True,True,True,False,True,False,True,True,SOVT_GLIDE,SOVT_GLIDE
7abf49d0b4cd,VOCAL_FATIGUE,PITCH_UNSTABLE,REGISTER_CONNECTION,REGISTER_CONNECTION,REGISTER_CONNECTION,REGISTER_CONNECTION,0.9524,EXPECTED_SHARED_PROTOCOL,True,True,False,False,True,False,True,True,SOVT_GLIDE,SOVT_GLIDE
7abf49d0b4cd,VOCAL_FATIGUE,REGISTER_CONNECTION_DIFFICULT,REGISTER_CONNECTION,REGISTER_CONNECTION,REGISTER_CONNECTION,REGISTER_CONNECTION,0.9237,EXPECTED_SHARED_PROTOCOL,True,True,False,False,True,False,True,True,SOVT_GLIDE,SOVT_GLIDE
7abf49d0b4cd,AFTER_SINGING_FATIGUE,PITCH_UNSTABLE,REGISTER_CONNECTION,REGISTER_CONNECTION,REGISTER_CONNECTION,REGISTER_CONNECTION,0.927,EXPECTED_SHARED_PROTOCOL,True,True,False,False,True,False,True,True,SOVT_GLIDE,SOVT_GLIDE
7abf49d0b4cd,AFTER_SINGING_FATIGUE,REGISTER_CONNECTION_DIFFICULT,REGISTER_CONNECTION,REGISTER_CONNECTION,REGISTER_CONNECTION,REGISTER_CONNECTION,0.916,EXPECTED_SHARED_PROTOCOL,True,True,False,False,True,False,True,True,SOVT_GLIDE,SOVT_GLIDE
7abf49d0b4cd,PITCH_UNSTABLE,REGISTER_CONNECTION_DIFFICULT,REGISTER_CONNECTION,REGISTER_CONNECTION,REGISTER_CONNECTION,REGISTER_CONNECTION,0.9367,EXPECTED_SHARED_PROTOCOL,True,True,True,False,True,False,True,True,SOVT_GLIDE,SOVT_GLIDE
7b8c45cdd16b,HIGH_NOTE_CANNOT_REACH,HIGH_NOTE_TOO_EFFORTFUL,REGISTER_CONNECTION,REGISTER_CONNECTION,REGISTER_CONNECTION,REGISTER_CONNECTION,0.9442,EXPECTED_SHARED_PROTOCOL,True,True,True,True,True,False,True,True,SOVT_GLIDE,SOVT_GLIDE
7b8c45cdd16b,HIGH_NOTE_CANNOT_REACH,HIGH_NOTE_FLIPS,REGISTER_CONNECTION,REGISTER_CONNECTION,REGISTER_CONNECTION,REGISTER_CONNECTION,0.9561,EXPECTED_SHARED_PROTOCOL,True,True,True,True,True,False,True,True,SOVT_GLIDE,SOVT_GLIDE
7b8c45cdd16b,HIGH_NOTE_CANNOT_REACH,HIGH_NOTE_UNSTABLE,REGISTER_CONNECTION,REGISTER_CONNECTION,REGISTER_CONNECTION,REGISTER_CONNECTION,0.9697,EXPECTED_SHARED_PROTOCOL,True,True,True,True,True,False,True,True,SOVT_GLIDE,SOVT_GLIDE
7b8c45cdd16b,HIGH_NOTE_CANNOT_REACH,THROAT_EFFORT,REGISTER_CONNECTION,REGISTER_CONNECTION,REGISTER_CONNECTION,REGISTER_CONNECTION,0.9391,EXPECTED_SHARED_PROTOCOL,True,True,True,False,True,False,True,True,SOVT_GLIDE,SOVT_GLIDE
7b8c45cdd16b,HIGH_NOTE_CANNOT_REACH,LOUD_VOICE_DIFFICULT,REGISTER_CONNECTION,REGISTER_CONNECTION,REGISTER_CONNECTION,REGISTER_CONNECTION,0.9524,EXPECTED_SHARED_PROTOCOL,True,True,True,False,True,False,True,True,SOVT_GLIDE,SOVT_GLIDE
7b8c45cdd16b,HIGH_NOTE_CANNOT_REACH,VOCAL_FATIGUE,REGISTER_CONNECTION,REGISTER_CONNECTION,REGISTER_CONNECTION,REGISTER_CONNECTION,0.9391,EXPECTED_SHARED_PROTOCOL,True,True,True,False,True,False,True,True,SOVT_GLIDE,SOVT_GLIDE
7b8c45cdd16b,HIGH_NOTE_CANNOT_REACH,AFTER_SINGING_FATIGUE,REGISTER_CONNECTION,REGISTER_CONNECTION,REGISTER_CONNECTION,REGISTER_CONNECTION,0.9397,EXPECTED_SHARED_PROTOCOL,True,True,True,False,True,False,True,True,SOVT_GLIDE,SOVT_GLIDE
7b8c45cdd16b,HIGH_NOTE_CANNOT_REACH,PITCH_UNSTABLE,REGISTER_CONNECTION,REGISTER_CONNECTION,REGISTER_CONNECTION,REGISTER_CONNECTION,0.9437,EXPECTED_SHARED_PROTOCOL,True,True,False,False,True,False,True,True,SOVT_GLIDE,SOVT_GLIDE
7b8c45cdd16b,HIGH_NOTE_CANNOT_REACH,REGISTER_CONNECTION_DIFFICULT,REGISTER_CONNECTION,REGISTER_CONNECTION,REGISTER_CONNECTION,REGISTER_CONNECTION,0.9407,EXPECTED_SHARED_PROTOCOL,True,True,False,False,True,False,True,True,SOVT_GLIDE,SOVT_GLIDE
7b8c45cdd16b,HIGH_NOTE_TOO_EFFORTFUL,HIGH_NOTE_FLIPS,REGISTER_CONNECTION,REGISTER_CONNECTION,REGISTER_CONNECTION,REGISTER_CONNECTION,0.9437,EXPECTED_SHARED_PROTOCOL,True,True,True,True,True,False,True,True,SOVT_GLIDE,SOVT_GLIDE
7b8c45cdd16b,HIGH_NOTE_TOO_EFFORTFUL,HIGH_NOTE_UNSTABLE,REGISTER_CONNECTION,REGISTER_CONNECTION,REGISTER_CONNECTION,REGISTER_CONNECTION,0.9487,EXPECTED_SHARED_PROTOCOL,True,True,True,True,True,False,True,True,SOVT_GLIDE,SOVT_GLIDE
7b8c45cdd16b,HIGH_NOTE_TOO_EFFORTFUL,THROAT_EFFORT,REGISTER_CONNECTION,REGISTER_CONNECTION,REGISTER_CONNECTION,REGISTER_CONNECTION,0.9356,EXPECTED_SHARED_PROTOCOL,True,True,True,False,True,False,True,True,SOVT_GLIDE,SOVT_GLIDE
7b8c45cdd16b,HIGH_NOTE_TOO_EFFORTFUL,LOUD_VOICE_DIFFICULT,REGISTER_CONNECTION,REGISTER_CONNECTION,REGISTER_CONNECTION,REGISTER_CONNECTION,0.9316,EXPECTED_SHARED_PROTOCOL,True,True,True,False,True,False,True,True,SOVT_GLIDE,SOVT_GLIDE
7b8c45cdd16b,HIGH_NOTE_TOO_EFFORTFUL,VOCAL_FATIGUE,REGISTER_CONNECTION,REGISTER_CONNECTION,REGISTER_CONNECTION,REGISTER_CONNECTION,0.9442,EXPECTED_SHARED_PROTOCOL,True,True,True,False,True,False,True,True,SOVT_GLIDE,SOVT_GLIDE
7b8c45cdd16b,HIGH_NOTE_TOO_EFFORTFUL,AFTER_SINGING_FATIGUE,REGISTER_CONNECTION,REGISTER_CONNECTION,REGISTER_CONNECTION,REGISTER_CONNECTION,0.9277,EXPECTED_SHARED_PROTOCOL,True,True,True,False,True,False,True,True,SOVT_GLIDE,SOVT_GLIDE
7b8c45cdd16b,HIGH_NOTE_TOO_EFFORTFUL,PITCH_UNSTABLE,REGISTER_CONNECTION,REGISTER_CONNECTION,REGISTER_CONNECTION,REGISTER_CONNECTION,0.9487,EXPECTED_SHARED_PROTOCOL,True,True,False,False,True,False,True,True,SOVT_GLIDE,SOVT_GLIDE
7b8c45cdd16b,HIGH_NOTE_TOO_EFFORTFUL,REGISTER_CONNECTION_DIFFICULT,REGISTER_CONNECTION,REGISTER_CONNECTION,REGISTER_CONNECTION,REGISTER_CONNECTION,0.9372,EXPECTED_SHARED_PROTOCOL,True,True,False,False,True,False,True,True,SOVT_GLIDE,SOVT_GLIDE
7b8c45cdd16b,HIGH_NOTE_FLIPS,HIGH_NOTE_UNSTABLE,REGISTER_CONNECTION,REGISTER_CONNECTION,REGISTER_CONNECTION,REGISTER_CONNECTION,0.9607,EXPECTED_SHARED_PROTOCOL,True,True,True,True,True,False,True,True,SOVT_GLIDE,SOVT_GLIDE
7b8c45cdd16b,HIGH_NOTE_FLIPS,THROAT_EFFORT,REGISTER_CONNECTION,REGISTER_CONNECTION,REGISTER_CONNECTION,REGISTER_CONNECTION,0.9386,EXPECTED_SHARED_PROTOCOL,True,True,True,False,True,False,True,True,SOVT_GLIDE,SOVT_GLIDE
7b8c45cdd16b,HIGH_NOTE_FLIPS,LOUD_VOICE_DIFFICULT,REGISTER_CONNECTION,REGISTER_CONNECTION,REGISTER_CONNECTION,REGISTER_CONNECTION,0.9432,EXPECTED_SHARED_PROTOCOL,True,True,True,False,True,False,True,True,SOVT_GLIDE,SOVT_GLIDE
7b8c45cdd16b,HIGH_NOTE_FLIPS,VOCAL_FATIGUE,REGISTER_CONNECTION,REGISTER_CONNECTION,REGISTER_CONNECTION,REGISTER_CONNECTION,0.9474,EXPECTED_SHARED_PROTOCOL,True,True,True,False,True,False,True,True,SOVT_GLIDE,SOVT_GLIDE
7b8c45cdd16b,HIGH_NOTE_FLIPS,AFTER_SINGING_FATIGUE,REGISTER_CONNECTION,REGISTER_CONNECTION,REGISTER_CONNECTION,REGISTER_CONNECTION,0.9565,EXPECTED_SHARED_PROTOCOL,True,True,True,False,True,False,True,True,SOVT_GLIDE,SOVT_GLIDE
7b8c45cdd16b,HIGH_NOTE_FLIPS,PITCH_UNSTABLE,REGISTER_CONNECTION,REGISTER_CONNECTION,REGISTER_CONNECTION,REGISTER_CONNECTION,0.952,EXPECTED_SHARED_PROTOCOL,True,True,False,False,True,False,True,True,SOVT_GLIDE,SOVT_GLIDE
7b8c45cdd16b,HIGH_NOTE_FLIPS,REGISTER_CONNECTION_DIFFICULT,REGISTER_CONNECTION,REGISTER_CONNECTION,REGISTER_CONNECTION,REGISTER_CONNECTION,0.9231,EXPECTED_SHARED_PROTOCOL,True,True,False,False,True,False,True,True,SOVT_GLIDE,SOVT_GLIDE
7b8c45cdd16b,HIGH_NOTE_UNSTABLE,THROAT_EFFORT,REGISTER_CONNECTION,REGISTER_CONNECTION,REGISTER_CONNECTION,REGISTER_CONNECTION,0.9351,EXPECTED_SHARED_PROTOCOL,True,True,True,False,True,False,True,True,SOVT_GLIDE,SOVT_GLIDE
7b8c45cdd16b,HIGH_NOTE_UNSTABLE,LOUD_VOICE_DIFFICULT,REGISTER_CONNECTION,REGISTER_CONNECTION,REGISTER_CONNECTION,REGISTER_CONNECTION,0.9397,EXPECTED_SHARED_PROTOCOL,True,True,True,False,True,False,True,True,SOVT_GLIDE,SOVT_GLIDE
7b8c45cdd16b,HIGH_NOTE_UNSTABLE,VOCAL_FATIGUE,REGISTER_CONNECTION,REGISTER_CONNECTION,REGISTER_CONNECTION,REGISTER_CONNECTION,0.9351,EXPECTED_SHARED_PROTOCOL,True,True,True,False,True,False,True,True,SOVT_GLIDE,SOVT_GLIDE
7b8c45cdd16b,HIGH_NOTE_UNSTABLE,AFTER_SINGING_FATIGUE,REGISTER_CONNECTION,REGISTER_CONNECTION,REGISTER_CONNECTION,REGISTER_CONNECTION,0.9442,EXPECTED_SHARED_PROTOCOL,True,True,True,False,True,False,True,True,SOVT_GLIDE,SOVT_GLIDE
7b8c45cdd16b,HIGH_NOTE_UNSTABLE,PITCH_UNSTABLE,REGISTER_CONNECTION,REGISTER_CONNECTION,REGISTER_CONNECTION,REGISTER_CONNECTION,0.9483,EXPECTED_SHARED_PROTOCOL,True,True,False,False,True,False,True,True,SOVT_GLIDE,SOVT_GLIDE
7b8c45cdd16b,HIGH_NOTE_UNSTABLE,REGISTER_CONNECTION_DIFFICULT,REGISTER_CONNECTION,REGISTER_CONNECTION,REGISTER_CONNECTION,REGISTER_CONNECTION,0.9367,EXPECTED_SHARED_PROTOCOL,True,True,False,False,True,False,True,True,SOVT_GLIDE,SOVT_GLIDE
7b8c45cdd16b,THROAT_EFFORT,LOUD_VOICE_DIFFICULT,REGISTER_CONNECTION,REGISTER_CONNECTION,REGISTER_CONNECTION,REGISTER_CONNECTION,0.9351,EXPECTED_SHARED_PROTOCOL,True,True,True,False,True,False,True,True,SOVT_GLIDE,SOVT_GLIDE
7b8c45cdd16b,THROAT_EFFORT,VOCAL_FATIGUE,REGISTER_CONNECTION,REGISTER_CONNECTION,REGISTER_CONNECTION,REGISTER_CONNECTION,0.9565,EXPECTED_SHARED_PROTOCOL,True,True,True,False,True,False,True,True,SOVT_GLIDE,SOVT_GLIDE
7b8c45cdd16b,THROAT_EFFORT,AFTER_SINGING_FATIGUE,REGISTER_CONNECTION,REGISTER_CONNECTION,REGISTER_CONNECTION,REGISTER_CONNECTION,0.931,EXPECTED_SHARED_PROTOCOL,True,True,True,False,True,False,True,True,SOVT_GLIDE,SOVT_GLIDE
7b8c45cdd16b,THROAT_EFFORT,PITCH_UNSTABLE,REGISTER_CONNECTION,REGISTER_CONNECTION,REGISTER_CONNECTION,REGISTER_CONNECTION,0.9437,EXPECTED_SHARED_PROTOCOL,True,True,False,False,True,False,True,True,SOVT_GLIDE,SOVT_GLIDE
7b8c45cdd16b,THROAT_EFFORT,REGISTER_CONNECTION_DIFFICULT,REGISTER_CONNECTION,REGISTER_CONNECTION,REGISTER_CONNECTION,REGISTER_CONNECTION,0.9407,EXPECTED_SHARED_PROTOCOL,True,True,False,False,True,False,True,True,SOVT_GLIDE,SOVT_GLIDE
7b8c45cdd16b,LOUD_VOICE_DIFFICULT,VOCAL_FATIGUE,REGISTER_CONNECTION,REGISTER_CONNECTION,REGISTER_CONNECTION,REGISTER_CONNECTION,0.9351,EXPECTED_SHARED_PROTOCOL,True,True,True,False,True,False,True,True,SOVT_GLIDE,SOVT_GLIDE
7b8c45cdd16b,LOUD_VOICE_DIFFICULT,AFTER_SINGING_FATIGUE,REGISTER_CONNECTION,REGISTER_CONNECTION,REGISTER_CONNECTION,REGISTER_CONNECTION,0.9356,EXPECTED_SHARED_PROTOCOL,True,True,True,False,True,False,True,True,SOVT_GLIDE,SOVT_GLIDE
7b8c45cdd16b,LOUD_VOICE_DIFFICULT,PITCH_UNSTABLE,REGISTER_CONNECTION,REGISTER_CONNECTION,REGISTER_CONNECTION,REGISTER_CONNECTION,0.931,EXPECTED_SHARED_PROTOCOL,True,True,False,False,True,False,True,True,SOVT_GLIDE,SOVT_GLIDE
7b8c45cdd16b,LOUD_VOICE_DIFFICULT,REGISTER_CONNECTION_DIFFICULT,REGISTER_CONNECTION,REGISTER_CONNECTION,REGISTER_CONNECTION,REGISTER_CONNECTION,0.9114,EXPECTED_SHARED_PROTOCOL,True,True,False,False,True,False,True,True,SOVT_GLIDE,SOVT_GLIDE
7b8c45cdd16b,VOCAL_FATIGUE,AFTER_SINGING_FATIGUE,REGISTER_CONNECTION,REGISTER_CONNECTION,REGISTER_CONNECTION,REGISTER_CONNECTION,0.9569,EXPECTED_SHARED_PROTOCOL,True,True,True,False,True,False,True,True,SOVT_GLIDE,SOVT_GLIDE
7b8c45cdd16b,VOCAL_FATIGUE,PITCH_UNSTABLE,REGISTER_CONNECTION,REGISTER_CONNECTION,REGISTER_CONNECTION,REGISTER_CONNECTION,0.9524,EXPECTED_SHARED_PROTOCOL,True,True,False,False,True,False,True,True,SOVT_GLIDE,SOVT_GLIDE
7b8c45cdd16b,VOCAL_FATIGUE,REGISTER_CONNECTION_DIFFICULT,REGISTER_CONNECTION,REGISTER_CONNECTION,REGISTER_CONNECTION,REGISTER_CONNECTION,0.9237,EXPECTED_SHARED_PROTOCOL,True,True,False,False,True,False,True,True,SOVT_GLIDE,SOVT_GLIDE
7b8c45cdd16b,AFTER_SINGING_FATIGUE,PITCH_UNSTABLE,REGISTER_CONNECTION,REGISTER_CONNECTION,REGISTER_CONNECTION,REGISTER_CONNECTION,0.927,EXPECTED_SHARED_PROTOCOL,True,True,False,False,True,False,True,True,SOVT_GLIDE,SOVT_GLIDE
7b8c45cdd16b,AFTER_SINGING_FATIGUE,REGISTER_CONNECTION_DIFFICULT,REGISTER_CONNECTION,REGISTER_CONNECTION,REGISTER_CONNECTION,REGISTER_CONNECTION,0.916,EXPECTED_SHARED_PROTOCOL,True,True,False,False,True,False,True,True,SOVT_GLIDE,SOVT_GLIDE
7b8c45cdd16b,PITCH_UNSTABLE,REGISTER_CONNECTION_DIFFICULT,REGISTER_CONNECTION,REGISTER_CONNECTION,REGISTER_CONNECTION,REGISTER_CONNECTION,0.9367,EXPECTED_SHARED_PROTOCOL,True,True,True,False,True,False,True,True,SOVT_GLIDE,SOVT_GLIDE
8156c1254947,HIGH_NOTE_CANNOT_REACH,HIGH_NOTE_FLIPS,REGISTER_CONNECTION,REGISTER_CONNECTION,REGISTER_CONNECTION,REGISTER_CONNECTION,0.9561,EXPECTED_SHARED_PROTOCOL,True,True,True,True,True,False,True,True,SOVT_GLIDE,SOVT_GLIDE
8156c1254947,HIGH_NOTE_CANNOT_REACH,REGISTER_CONNECTION_DIFFICULT,REGISTER_CONNECTION,REGISTER_CONNECTION,REGISTER_CONNECTION,REGISTER_CONNECTION,0.9407,EXPECTED_SHARED_PROTOCOL,True,True,False,False,True,False,True,True,SOVT_GLIDE,SOVT_GLIDE
8156c1254947,HIGH_NOTE_TOO_EFFORTFUL,HIGH_NOTE_UNSTABLE,EFFORT,EFFORT,EFFORT,EFFORT,0.92,EXPECTED_SHARED_PROTOCOL,True,True,True,True,True,False,True,True,SAFETY_REST,SAFETY_REST
8156c1254947,HIGH_NOTE_TOO_EFFORTFUL,THROAT_EFFORT,EFFORT,EFFORT,EFFORT,EFFORT,0.8993,EXPECTED_SHARED_PROTOCOL,True,True,True,False,True,False,True,True,SAFETY_REST,SAFETY_REST
8156c1254947,HIGH_NOTE_TOO_EFFORTFUL,LOUD_VOICE_DIFFICULT,EFFORT,EFFORT,EFFORT,EFFORT,0.8933,EXPECTED_SHARED_PROTOCOL,True,True,True,False,True,False,True,True,SAFETY_REST,SAFETY_REST
8156c1254947,HIGH_NOTE_TOO_EFFORTFUL,VOCAL_FATIGUE,EFFORT,EFFORT,EFFORT,EFFORT,0.9128,EXPECTED_SHARED_PROTOCOL,True,True,True,False,True,False,True,True,SAFETY_REST,SAFETY_REST
8156c1254947,HIGH_NOTE_TOO_EFFORTFUL,AFTER_SINGING_FATIGUE,EFFORT,EFFORT,EFFORT,EFFORT,0.8874,EXPECTED_SHARED_PROTOCOL,True,True,True,False,True,False,True,True,SAFETY_REST,SAFETY_REST
8156c1254947,HIGH_NOTE_TOO_EFFORTFUL,PITCH_UNSTABLE,EFFORT,EFFORT,EFFORT,EFFORT,0.92,EXPECTED_SHARED_PROTOCOL,True,True,False,False,True,False,True,True,SAFETY_REST,SAFETY_REST
8156c1254947,HIGH_NOTE_FLIPS,REGISTER_CONNECTION_DIFFICULT,REGISTER_CONNECTION,REGISTER_CONNECTION,REGISTER_CONNECTION,REGISTER_CONNECTION,0.9231,EXPECTED_SHARED_PROTOCOL,True,True,False,False,True,False,True,True,SOVT_GLIDE,SOVT_GLIDE
8156c1254947,HIGH_NOTE_THINS,TIMBRE_CHANGES_HIGH,REGISTER_CONNECTION,REGISTER_CONNECTION,REGISTER_CONNECTION,REGISTER_CONNECTION,0.9246,EXPECTED_SHARED_PROTOCOL,True,True,True,False,True,False,False,True,SOVT_GLIDE,SOVT_GLIDE
8156c1254947,HIGH_NOTE_UNSTABLE,THROAT_EFFORT,EFFORT,EFFORT,EFFORT,EFFORT,0.898,EXPECTED_SHARED_PROTOCOL,True,True,True,False,True,False,True,True,SAFETY_REST,SAFETY_REST
8156c1254947,HIGH_NOTE_UNSTABLE,LOUD_VOICE_DIFFICULT,EFFORT,EFFORT,EFFORT,EFFORT,0.9054,EXPECTED_SHARED_PROTOCOL,True,True,True,False,True,False,True,True,SAFETY_REST,SAFETY_REST
8156c1254947,HIGH_NOTE_UNSTABLE,VOCAL_FATIGUE,EFFORT,EFFORT,EFFORT,EFFORT,0.898,EXPECTED_SHARED_PROTOCOL,True,True,True,False,True,False,True,True,SAFETY_REST,SAFETY_REST
8156c1254947,HIGH_NOTE_UNSTABLE,AFTER_SINGING_FATIGUE,EFFORT,EFFORT,EFFORT,EFFORT,0.9128,EXPECTED_SHARED_PROTOCOL,True,True,True,False,True,False,True,True,SAFETY_REST,SAFETY_REST
8156c1254947,HIGH_NOTE_UNSTABLE,PITCH_UNSTABLE,EFFORT,EFFORT,EFFORT,EFFORT,0.9189,EXPECTED_SHARED_PROTOCOL,True,True,False,False,True,False,True,True,SAFETY_REST,SAFETY_REST
8156c1254947,THROAT_EFFORT,LOUD_VOICE_DIFFICULT,EFFORT,EFFORT,EFFORT,EFFORT,0.898,EXPECTED_SHARED_PROTOCOL,True,True,True,False,True,False,True,True,SAFETY_REST,SAFETY_REST
8156c1254947,THROAT_EFFORT,VOCAL_FATIGUE,EFFORT,EFFORT,EFFORT,EFFORT,0.9315,EXPECTED_SHARED_PROTOCOL,True,True,True,False,True,False,True,True,SAFETY_REST,SAFETY_REST
8156c1254947,THROAT_EFFORT,AFTER_SINGING_FATIGUE,EFFORT,EFFORT,EFFORT,EFFORT,0.8919,EXPECTED_SHARED_PROTOCOL,True,True,True,False,True,False,True,True,SAFETY_REST,SAFETY_REST
8156c1254947,THROAT_EFFORT,PITCH_UNSTABLE,EFFORT,EFFORT,EFFORT,EFFORT,0.9116,EXPECTED_SHARED_PROTOCOL,True,True,False,False,True,False,True,True,SAFETY_REST,SAFETY_REST
8156c1254947,LOUD_VOICE_DIFFICULT,VOCAL_FATIGUE,EFFORT,EFFORT,EFFORT,EFFORT,0.898,EXPECTED_SHARED_PROTOCOL,True,True,True,False,True,False,True,True,SAFETY_REST,SAFETY_REST
8156c1254947,LOUD_VOICE_DIFFICULT,AFTER_SINGING_FATIGUE,EFFORT,EFFORT,EFFORT,EFFORT,0.8993,EXPECTED_SHARED_PROTOCOL,True,True,True,False,True,False,True,True,SAFETY_REST,SAFETY_REST
8156c1254947,LOUD_VOICE_DIFFICULT,PITCH_UNSTABLE,EFFORT,EFFORT,EFFORT,EFFORT,0.8919,EXPECTED_SHARED_PROTOCOL,True,True,False,False,True,False,True,True,SAFETY_REST,SAFETY_REST
8156c1254947,VOCAL_FATIGUE,AFTER_SINGING_FATIGUE,EFFORT,EFFORT,EFFORT,EFFORT,0.9324,EXPECTED_SHARED_PROTOCOL,True,True,True,False,True,False,True,True,SAFETY_REST,SAFETY_REST
8156c1254947,VOCAL_FATIGUE,PITCH_UNSTABLE,EFFORT,EFFORT,EFFORT,EFFORT,0.9252,EXPECTED_SHARED_PROTOCOL,True,True,False,False,True,False,True,True,SAFETY_REST,SAFETY_REST
8156c1254947,AFTER_SINGING_FATIGUE,PITCH_UNSTABLE,EFFORT,EFFORT,EFFORT,EFFORT,0.8859,EXPECTED_SHARED_PROTOCOL,True,True,False,False,True,False,True,True,SAFETY_REST,SAFETY_REST
8156c1254947,VOICE_TOO_THIN,VOICE_TOO_DARK_MUFFLED,REGISTER_CONNECTION,REGISTER_CONNECTION,REGISTER_CONNECTION,REGISTER_CONNECTION,0.9005,EXPECTED_SHARED_PROTOCOL,True,True,True,True,True,False,True,True,VOWEL_CONNECT,VOWEL_CONNECT
8156c1254947,VOICE_TOO_SHARP,VOICE_ROUGH,REGISTER_CONNECTION,REGISTER_CONNECTION,REGISTER_CONNECTION,REGISTER_CONNECTION,0.9529,EXPECTED_SHARED_PROTOCOL,True,True,True,True,True,False,False,True,REGISTER_CONNECTION,REGISTER_CONNECTION
882c5cd5a0c8,HIGH_NOTE_CANNOT_REACH,HIGH_NOTE_TOO_EFFORTFUL,REGISTER_CONNECTION,REGISTER_CONNECTION,REGISTER_CONNECTION,REGISTER_CONNECTION,0.9442,EXPECTED_SHARED_PROTOCOL,True,True,True,True,True,False,True,True,SOVT_GLIDE,SOVT_GLIDE
882c5cd5a0c8,HIGH_NOTE_CANNOT_REACH,HIGH_NOTE_FLIPS,REGISTER_CONNECTION,REGISTER_CONNECTION,REGISTER_CONNECTION,REGISTER_CONNECTION,0.9561,EXPECTED_SHARED_PROTOCOL,True,True,True,True,True,False,True,True,SOVT_GLIDE,SOVT_GLIDE
882c5cd5a0c8,HIGH_NOTE_CANNOT_REACH,HIGH_NOTE_UNSTABLE,REGISTER_CONNECTION,REGISTER_CONNECTION,REGISTER_CONNECTION,REGISTER_CONNECTION,0.9697,EXPECTED_SHARED_PROTOCOL,True,True,True,True,True,False,True,True,SOVT_GLIDE,SOVT_GLIDE
882c5cd5a0c8,HIGH_NOTE_CANNOT_REACH,THROAT_EFFORT,REGISTER_CONNECTION,REGISTER_CONNECTION,REGISTER_CONNECTION,REGISTER_CONNECTION,0.9391,EXPECTED_SHARED_PROTOCOL,True,True,True,False,True,False,True,True,SOVT_GLIDE,SOVT_GLIDE
882c5cd5a0c8,HIGH_NOTE_CANNOT_REACH,LOUD_VOICE_DIFFICULT,REGISTER_CONNECTION,REGISTER_CONNECTION,REGISTER_CONNECTION,REGISTER_CONNECTION,0.9524,EXPECTED_SHARED_PROTOCOL,True,True,True,False,True,False,True,True,SOVT_GLIDE,SOVT_GLIDE
882c5cd5a0c8,HIGH_NOTE_CANNOT_REACH,VOCAL_FATIGUE,REGISTER_CONNECTION,REGISTER_CONNECTION,REGISTER_CONNECTION,REGISTER_CONNECTION,0.9391,EXPECTED_SHARED_PROTOCOL,True,True,True,False,True,False,True,True,SOVT_GLIDE,SOVT_GLIDE
882c5cd5a0c8,HIGH_NOTE_CANNOT_REACH,AFTER_SINGING_FATIGUE,REGISTER_CONNECTION,REGISTER_CONNECTION,REGISTER_CONNECTION,REGISTER_CONNECTION,0.9397,EXPECTED_SHARED_PROTOCOL,True,True,True,False,True,False,True,True,SOVT_GLIDE,SOVT_GLIDE
882c5cd5a0c8,HIGH_NOTE_CANNOT_REACH,PITCH_UNSTABLE,REGISTER_CONNECTION,REGISTER_CONNECTION,REGISTER_CONNECTION,REGISTER_CONNECTION,0.9437,EXPECTED_SHARED_PROTOCOL,True,True,False,False,True,False,True,True,SOVT_GLIDE,SOVT_GLIDE
882c5cd5a0c8,HIGH_NOTE_CANNOT_REACH,REGISTER_CONNECTION_DIFFICULT,REGISTER_CONNECTION,REGISTER_CONNECTION,REGISTER_CONNECTION,REGISTER_CONNECTION,0.9407,EXPECTED_SHARED_PROTOCOL,True,True,False,False,True,False,True,True,SOVT_GLIDE,SOVT_GLIDE
882c5cd5a0c8,HIGH_NOTE_TOO_EFFORTFUL,HIGH_NOTE_FLIPS,REGISTER_CONNECTION,REGISTER_CONNECTION,REGISTER_CONNECTION,REGISTER_CONNECTION,0.9437,EXPECTED_SHARED_PROTOCOL,True,True,True,True,True,False,True,True,SOVT_GLIDE,SOVT_GLIDE
882c5cd5a0c8,HIGH_NOTE_TOO_EFFORTFUL,HIGH_NOTE_UNSTABLE,REGISTER_CONNECTION,REGISTER_CONNECTION,REGISTER_CONNECTION,REGISTER_CONNECTION,0.9487,EXPECTED_SHARED_PROTOCOL,True,True,True,True,True,False,True,True,SOVT_GLIDE,SOVT_GLIDE
882c5cd5a0c8,HIGH_NOTE_TOO_EFFORTFUL,THROAT_EFFORT,REGISTER_CONNECTION,REGISTER_CONNECTION,REGISTER_CONNECTION,REGISTER_CONNECTION,0.9356,EXPECTED_SHARED_PROTOCOL,True,True,True,False,True,False,True,True,SOVT_GLIDE,SOVT_GLIDE
882c5cd5a0c8,HIGH_NOTE_TOO_EFFORTFUL,LOUD_VOICE_DIFFICULT,REGISTER_CONNECTION,REGISTER_CONNECTION,REGISTER_CONNECTION,REGISTER_CONNECTION,0.9316,EXPECTED_SHARED_PROTOCOL,True,True,True,False,True,False,True,True,SOVT_GLIDE,SOVT_GLIDE
882c5cd5a0c8,HIGH_NOTE_TOO_EFFORTFUL,VOCAL_FATIGUE,REGISTER_CONNECTION,REGISTER_CONNECTION,REGISTER_CONNECTION,REGISTER_CONNECTION,0.9442,EXPECTED_SHARED_PROTOCOL,True,True,True,False,True,False,True,True,SOVT_GLIDE,SOVT_GLIDE
882c5cd5a0c8,HIGH_NOTE_TOO_EFFORTFUL,AFTER_SINGING_FATIGUE,REGISTER_CONNECTION,REGISTER_CONNECTION,REGISTER_CONNECTION,REGISTER_CONNECTION,0.9277,EXPECTED_SHARED_PROTOCOL,True,True,True,False,True,False,True,True,SOVT_GLIDE,SOVT_GLIDE
882c5cd5a0c8,HIGH_NOTE_TOO_EFFORTFUL,PITCH_UNSTABLE,REGISTER_CONNECTION,REGISTER_CONNECTION,REGISTER_CONNECTION,REGISTER_CONNECTION,0.9487,EXPECTED_SHARED_PROTOCOL,True,True,False,False,True,False,True,True,SOVT_GLIDE,SOVT_GLIDE
882c5cd5a0c8,HIGH_NOTE_TOO_EFFORTFUL,REGISTER_CONNECTION_DIFFICULT,REGISTER_CONNECTION,REGISTER_CONNECTION,REGISTER_CONNECTION,REGISTER_CONNECTION,0.9372,EXPECTED_SHARED_PROTOCOL,True,True,False,False,True,False,True,True,SOVT_GLIDE,SOVT_GLIDE
882c5cd5a0c8,HIGH_NOTE_FLIPS,HIGH_NOTE_UNSTABLE,REGISTER_CONNECTION,REGISTER_CONNECTION,REGISTER_CONNECTION,REGISTER_CONNECTION,0.9607,EXPECTED_SHARED_PROTOCOL,True,True,True,True,True,False,True,True,SOVT_GLIDE,SOVT_GLIDE
882c5cd5a0c8,HIGH_NOTE_FLIPS,THROAT_EFFORT,REGISTER_CONNECTION,REGISTER_CONNECTION,REGISTER_CONNECTION,REGISTER_CONNECTION,0.9386,EXPECTED_SHARED_PROTOCOL,True,True,True,False,True,False,True,True,SOVT_GLIDE,SOVT_GLIDE
882c5cd5a0c8,HIGH_NOTE_FLIPS,LOUD_VOICE_DIFFICULT,REGISTER_CONNECTION,REGISTER_CONNECTION,REGISTER_CONNECTION,REGISTER_CONNECTION,0.9432,EXPECTED_SHARED_PROTOCOL,True,True,True,False,True,False,True,True,SOVT_GLIDE,SOVT_GLIDE
882c5cd5a0c8,HIGH_NOTE_FLIPS,VOCAL_FATIGUE,REGISTER_CONNECTION,REGISTER_CONNECTION,REGISTER_CONNECTION,REGISTER_CONNECTION,0.9474,EXPECTED_SHARED_PROTOCOL,True,True,True,False,True,False,True,True,SOVT_GLIDE,SOVT_GLIDE
882c5cd5a0c8,HIGH_NOTE_FLIPS,AFTER_SINGING_FATIGUE,REGISTER_CONNECTION,REGISTER_CONNECTION,REGISTER_CONNECTION,REGISTER_CONNECTION,0.9565,EXPECTED_SHARED_PROTOCOL,True,True,True,False,True,False,True,True,SOVT_GLIDE,SOVT_GLIDE
882c5cd5a0c8,HIGH_NOTE_FLIPS,PITCH_UNSTABLE,REGISTER_CONNECTION,REGISTER_CONNECTION,REGISTER_CONNECTION,REGISTER_CONNECTION,0.952,EXPECTED_SHARED_PROTOCOL,True,True,False,False,True,False,True,True,SOVT_GLIDE,SOVT_GLIDE
882c5cd5a0c8,HIGH_NOTE_FLIPS,REGISTER_CONNECTION_DIFFICULT,REGISTER_CONNECTION,REGISTER_CONNECTION,REGISTER_CONNECTION,REGISTER_CONNECTION,0.9231,EXPECTED_SHARED_PROTOCOL,True,True,False,False,True,False,True,True,SOVT_GLIDE,SOVT_GLIDE
882c5cd5a0c8,HIGH_NOTE_UNSTABLE,THROAT_EFFORT,REGISTER_CONNECTION,REGISTER_CONNECTION,REGISTER_CONNECTION,REGISTER_CONNECTION,0.9351,EXPECTED_SHARED_PROTOCOL,True,True,True,False,True,False,True,True,SOVT_GLIDE,SOVT_GLIDE
882c5cd5a0c8,HIGH_NOTE_UNSTABLE,LOUD_VOICE_DIFFICULT,REGISTER_CONNECTION,REGISTER_CONNECTION,REGISTER_CONNECTION,REGISTER_CONNECTION,0.9397,EXPECTED_SHARED_PROTOCOL,True,True,True,False,True,False,True,True,SOVT_GLIDE,SOVT_GLIDE
882c5cd5a0c8,HIGH_NOTE_UNSTABLE,VOCAL_FATIGUE,REGISTER_CONNECTION,REGISTER_CONNECTION,REGISTER_CONNECTION,REGISTER_CONNECTION,0.9351,EXPECTED_SHARED_PROTOCOL,True,True,True,False,True,False,True,True,SOVT_GLIDE,SOVT_GLIDE
882c5cd5a0c8,HIGH_NOTE_UNSTABLE,AFTER_SINGING_FATIGUE,REGISTER_CONNECTION,REGISTER_CONNECTION,REGISTER_CONNECTION,REGISTER_CONNECTION,0.9442,EXPECTED_SHARED_PROTOCOL,True,True,True,False,True,False,True,True,SOVT_GLIDE,SOVT_GLIDE
882c5cd5a0c8,HIGH_NOTE_UNSTABLE,PITCH_UNSTABLE,REGISTER_CONNECTION,REGISTER_CONNECTION,REGISTER_CONNECTION,REGISTER_CONNECTION,0.9483,EXPECTED_SHARED_PROTOCOL,True,True,False,False,True,False,True,True,SOVT_GLIDE,SOVT_GLIDE
882c5cd5a0c8,HIGH_NOTE_UNSTABLE,REGISTER_CONNECTION_DIFFICULT,REGISTER_CONNECTION,REGISTER_CONNECTION,REGISTER_CONNECTION,REGISTER_CONNECTION,0.9367,EXPECTED_SHARED_PROTOCOL,True,True,False,False,True,False,True,True,SOVT_GLIDE,SOVT_GLIDE
882c5cd5a0c8,THROAT_EFFORT,LOUD_VOICE_DIFFICULT,REGISTER_CONNECTION,REGISTER_CONNECTION,REGISTER_CONNECTION,REGISTER_CONNECTION,0.9351,EXPECTED_SHARED_PROTOCOL,True,True,True,False,True,False,True,True,SOVT_GLIDE,SOVT_GLIDE
882c5cd5a0c8,THROAT_EFFORT,VOCAL_FATIGUE,REGISTER_CONNECTION,REGISTER_CONNECTION,REGISTER_CONNECTION,REGISTER_CONNECTION,0.9565,EXPECTED_SHARED_PROTOCOL,True,True,True,False,True,False,True,True,SOVT_GLIDE,SOVT_GLIDE
882c5cd5a0c8,THROAT_EFFORT,AFTER_SINGING_FATIGUE,REGISTER_CONNECTION,REGISTER_CONNECTION,REGISTER_CONNECTION,REGISTER_CONNECTION,0.931,EXPECTED_SHARED_PROTOCOL,True,True,True,False,True,False,True,True,SOVT_GLIDE,SOVT_GLIDE
882c5cd5a0c8,THROAT_EFFORT,PITCH_UNSTABLE,REGISTER_CONNECTION,REGISTER_CONNECTION,REGISTER_CONNECTION,REGISTER_CONNECTION,0.9437,EXPECTED_SHARED_PROTOCOL,True,True,False,False,True,False,True,True,SOVT_GLIDE,SOVT_GLIDE
882c5cd5a0c8,THROAT_EFFORT,REGISTER_CONNECTION_DIFFICULT,REGISTER_CONNECTION,REGISTER_CONNECTION,REGISTER_CONNECTION,REGISTER_CONNECTION,0.9407,EXPECTED_SHARED_PROTOCOL,True,True,False,False,True,False,True,True,SOVT_GLIDE,SOVT_GLIDE
882c5cd5a0c8,LOUD_VOICE_DIFFICULT,VOCAL_FATIGUE,REGISTER_CONNECTION,REGISTER_CONNECTION,REGISTER_CONNECTION,REGISTER_CONNECTION,0.9351,EXPECTED_SHARED_PROTOCOL,True,True,True,False,True,False,True,True,SOVT_GLIDE,SOVT_GLIDE
882c5cd5a0c8,LOUD_VOICE_DIFFICULT,AFTER_SINGING_FATIGUE,REGISTER_CONNECTION,REGISTER_CONNECTION,REGISTER_CONNECTION,REGISTER_CONNECTION,0.9356,EXPECTED_SHARED_PROTOCOL,True,True,True,False,True,False,True,True,SOVT_GLIDE,SOVT_GLIDE
882c5cd5a0c8,LOUD_VOICE_DIFFICULT,PITCH_UNSTABLE,REGISTER_CONNECTION,REGISTER_CONNECTION,REGISTER_CONNECTION,REGISTER_CONNECTION,0.931,EXPECTED_SHARED_PROTOCOL,True,True,False,False,True,False,True,True,SOVT_GLIDE,SOVT_GLIDE
882c5cd5a0c8,LOUD_VOICE_DIFFICULT,REGISTER_CONNECTION_DIFFICULT,REGISTER_CONNECTION,REGISTER_CONNECTION,REGISTER_CONNECTION,REGISTER_CONNECTION,0.9114,EXPECTED_SHARED_PROTOCOL,True,True,False,False,True,False,True,True,SOVT_GLIDE,SOVT_GLIDE
882c5cd5a0c8,VOCAL_FATIGUE,AFTER_SINGING_FATIGUE,REGISTER_CONNECTION,REGISTER_CONNECTION,REGISTER_CONNECTION,REGISTER_CONNECTION,0.9569,EXPECTED_SHARED_PROTOCOL,True,True,True,False,True,False,True,True,SOVT_GLIDE,SOVT_GLIDE
882c5cd5a0c8,VOCAL_FATIGUE,PITCH_UNSTABLE,REGISTER_CONNECTION,REGISTER_CONNECTION,REGISTER_CONNECTION,REGISTER_CONNECTION,0.9524,EXPECTED_SHARED_PROTOCOL,True,True,False,False,True,False,True,True,SOVT_GLIDE,SOVT_GLIDE
882c5cd5a0c8,VOCAL_FATIGUE,REGISTER_CONNECTION_DIFFICULT,REGISTER_CONNECTION,REGISTER_CONNECTION,REGISTER_CONNECTION,REGISTER_CONNECTION,0.9237,EXPECTED_SHARED_PROTOCOL,True,True,False,False,True,False,True,True,SOVT_GLIDE,SOVT_GLIDE
882c5cd5a0c8,AFTER_SINGING_FATIGUE,PITCH_UNSTABLE,REGISTER_CONNECTION,REGISTER_CONNECTION,REGISTER_CONNECTION,REGISTER_CONNECTION,0.927,EXPECTED_SHARED_PROTOCOL,True,True,False,False,True,False,True,True,SOVT_GLIDE,SOVT_GLIDE
882c5cd5a0c8,AFTER_SINGING_FATIGUE,REGISTER_CONNECTION_DIFFICULT,REGISTER_CONNECTION,REGISTER_CONNECTION,REGISTER_CONNECTION,REGISTER_CONNECTION,0.916,EXPECTED_SHARED_PROTOCOL,True,True,False,False,True,False,True,True,SOVT_GLIDE,SOVT_GLIDE
882c5cd5a0c8,PITCH_UNSTABLE,REGISTER_CONNECTION_DIFFICULT,REGISTER_CONNECTION,REGISTER_CONNECTION,REGISTER_CONNECTION,REGISTER_CONNECTION,0.9367,EXPECTED_SHARED_PROTOCOL,True,True,True,False,True,False,True,True,SOVT_GLIDE,SOVT_GLIDE
8b5617784c9c,HIGH_NOTE_TOO_EFFORTFUL,HIGH_NOTE_FLIPS,REGISTER_CONNECTION,REGISTER_CONNECTION,REGISTER_CONNECTION,REGISTER_CONNECTION,0.9437,EXPECTED_SHARED_PROTOCOL,True,True,True,True,True,False,True,True,SOVT_GLIDE,SOVT_GLIDE
8b5617784c9c,HIGH_NOTE_UNSTABLE,PITCH_UNSTABLE,STABILITY,STABILITY,STABILITY,STABILITY,0.9048,EXPECTED_SHARED_PROTOCOL,True,True,False,False,True,False,True,True,SUSTAIN_HOLD,SUSTAIN_HOLD
8b5617784c9c,HIGH_NOTE_UNSTABLE,REGISTER_CONNECTION_DIFFICULT,STABILITY,STABILITY,STABILITY,STABILITY,0.8855,EXPECTED_SHARED_PROTOCOL,True,True,False,False,True,False,True,True,SUSTAIN_HOLD,SUSTAIN_HOLD
8b5617784c9c,THROAT_EFFORT,LOUD_VOICE_DIFFICULT,EFFORT,EFFORT,MAINTAIN,MAINTAIN,0.8819,EXPECTED_SHARED_PROTOCOL,True,True,True,False,True,False,True,True,SUSTAIN_HOLD,SUSTAIN_HOLD
8b5617784c9c,THROAT_EFFORT,VOCAL_FATIGUE,EFFORT,EFFORT,MAINTAIN,MAINTAIN,0.9206,EXPECTED_SHARED_PROTOCOL,True,True,True,False,True,False,True,True,SUSTAIN_HOLD,SUSTAIN_HOLD
8b5617784c9c,LOUD_VOICE_DIFFICULT,VOCAL_FATIGUE,EFFORT,EFFORT,MAINTAIN,MAINTAIN,0.8819,EXPECTED_SHARED_PROTOCOL,True,True,True,False,True,False,True,True,SUSTAIN_HOLD,SUSTAIN_HOLD
8b5617784c9c,LOUD_VOICE_DIFFICULT,AFTER_SINGING_FATIGUE,EFFORT,EFFORT,MAINTAIN,MAINTAIN,0.8837,EXPECTED_SHARED_PROTOCOL,True,True,True,False,True,False,True,True,SUSTAIN_HOLD,SUSTAIN_HOLD
8b5617784c9c,VOCAL_FATIGUE,AFTER_SINGING_FATIGUE,EFFORT,EFFORT,MAINTAIN,MAINTAIN,0.9219,EXPECTED_SHARED_PROTOCOL,True,True,True,False,True,False,True,True,SUSTAIN_HOLD,SUSTAIN_HOLD
8b5617784c9c,PITCH_UNSTABLE,REGISTER_CONNECTION_DIFFICULT,STABILITY,STABILITY,STABILITY,STABILITY,0.8855,EXPECTED_SHARED_PROTOCOL,True,True,True,False,True,False,True,True,SUSTAIN_HOLD,SUSTAIN_HOLD
90147c986aae,HIGH_NOTE_TOO_EFFORTFUL,HIGH_NOTE_FLIPS,REGISTER_CONNECTION,REGISTER_CONNECTION,REGISTER_CONNECTION,REGISTER_CONNECTION,0.9437,EXPECTED_SHARED_PROTOCOL,True,True,True,True,True,False,True,True,SOVT_GLIDE,SOVT_GLIDE
90147c986aae,HIGH_NOTE_UNSTABLE,PITCH_UNSTABLE,STABILITY,STABILITY,STABILITY,STABILITY,0.9048,EXPECTED_SHARED_PROTOCOL,True,True,False,False,True,False,True,True,SUSTAIN_HOLD,SUSTAIN_HOLD
90147c986aae,HIGH_NOTE_UNSTABLE,REGISTER_CONNECTION_DIFFICULT,STABILITY,STABILITY,STABILITY,STABILITY,0.8855,EXPECTED_SHARED_PROTOCOL,True,True,False,False,True,False,True,True,SUSTAIN_HOLD,SUSTAIN_HOLD
90147c986aae,THROAT_EFFORT,LOUD_VOICE_DIFFICULT,EFFORT,EFFORT,MAINTAIN,MAINTAIN,0.8819,EXPECTED_SHARED_PROTOCOL,True,True,True,False,True,False,True,True,SUSTAIN_HOLD,SUSTAIN_HOLD
90147c986aae,THROAT_EFFORT,VOCAL_FATIGUE,EFFORT,EFFORT,MAINTAIN,MAINTAIN,0.9206,EXPECTED_SHARED_PROTOCOL,True,True,True,False,True,False,True,True,SUSTAIN_HOLD,SUSTAIN_HOLD
90147c986aae,LOUD_VOICE_DIFFICULT,VOCAL_FATIGUE,EFFORT,EFFORT,MAINTAIN,MAINTAIN,0.8819,EXPECTED_SHARED_PROTOCOL,True,True,True,False,True,False,True,True,SUSTAIN_HOLD,SUSTAIN_HOLD
90147c986aae,LOUD_VOICE_DIFFICULT,AFTER_SINGING_FATIGUE,EFFORT,EFFORT,MAINTAIN,MAINTAIN,0.8837,EXPECTED_SHARED_PROTOCOL,True,True,True,False,True,False,True,True,SUSTAIN_HOLD,SUSTAIN_HOLD
90147c986aae,VOCAL_FATIGUE,AFTER_SINGING_FATIGUE,EFFORT,EFFORT,MAINTAIN,MAINTAIN,0.9219,EXPECTED_SHARED_PROTOCOL,True,True,True,False,True,False,True,True,SUSTAIN_HOLD,SUSTAIN_HOLD
90147c986aae,PITCH_UNSTABLE,REGISTER_CONNECTION_DIFFICULT,STABILITY,STABILITY,STABILITY,STABILITY,0.8855,EXPECTED_SHARED_PROTOCOL,True,True,True,False,True,False,True,True,SUSTAIN_HOLD,SUSTAIN_HOLD
90ac5e34aedd,HIGH_NOTE_TOO_EFFORTFUL,HIGH_NOTE_FLIPS,REGISTER_CONNECTION,REGISTER_CONNECTION,REGISTER_CONNECTION,REGISTER_CONNECTION,0.9437,EXPECTED_SHARED_PROTOCOL,True,True,True,True,True,False,True,True,SOVT_GLIDE,SOVT_GLIDE
90ac5e34aedd,HIGH_NOTE_UNSTABLE,PITCH_UNSTABLE,STABILITY,STABILITY,STABILITY,STABILITY,0.9048,EXPECTED_SHARED_PROTOCOL,True,True,False,False,True,False,True,True,SUSTAIN_HOLD,SUSTAIN_HOLD
90ac5e34aedd,HIGH_NOTE_UNSTABLE,REGISTER_CONNECTION_DIFFICULT,STABILITY,STABILITY,STABILITY,STABILITY,0.8855,EXPECTED_SHARED_PROTOCOL,True,True,False,False,True,False,True,True,SUSTAIN_HOLD,SUSTAIN_HOLD
90ac5e34aedd,THROAT_EFFORT,LOUD_VOICE_DIFFICULT,EFFORT,EFFORT,MAINTAIN,MAINTAIN,0.8819,EXPECTED_SHARED_PROTOCOL,True,True,True,False,True,False,True,True,SUSTAIN_HOLD,SUSTAIN_HOLD
90ac5e34aedd,THROAT_EFFORT,VOCAL_FATIGUE,EFFORT,EFFORT,MAINTAIN,MAINTAIN,0.9206,EXPECTED_SHARED_PROTOCOL,True,True,True,False,True,False,True,True,SUSTAIN_HOLD,SUSTAIN_HOLD
90ac5e34aedd,LOUD_VOICE_DIFFICULT,VOCAL_FATIGUE,EFFORT,EFFORT,MAINTAIN,MAINTAIN,0.8819,EXPECTED_SHARED_PROTOCOL,True,True,True,False,True,False,True,True,SUSTAIN_HOLD,SUSTAIN_HOLD
90ac5e34aedd,LOUD_VOICE_DIFFICULT,AFTER_SINGING_FATIGUE,EFFORT,EFFORT,MAINTAIN,MAINTAIN,0.8837,EXPECTED_SHARED_PROTOCOL,True,True,True,False,True,False,True,True,SUSTAIN_HOLD,SUSTAIN_HOLD
90ac5e34aedd,VOCAL_FATIGUE,AFTER_SINGING_FATIGUE,EFFORT,EFFORT,MAINTAIN,MAINTAIN,0.9219,EXPECTED_SHARED_PROTOCOL,True,True,True,False,True,False,True,True,SUSTAIN_HOLD,SUSTAIN_HOLD
90ac5e34aedd,PITCH_UNSTABLE,REGISTER_CONNECTION_DIFFICULT,STABILITY,STABILITY,STABILITY,STABILITY,0.8855,EXPECTED_SHARED_PROTOCOL,True,True,True,False,True,False,True,True,SUSTAIN_HOLD,SUSTAIN_HOLD
95b54db5ba3d,HIGH_NOTE_CANNOT_REACH,HIGH_NOTE_TOO_EFFORTFUL,REGISTER_CONNECTION,REGISTER_CONNECTION,REGISTER_CONNECTION,REGISTER_CONNECTION,0.9442,EXPECTED_SHARED_PROTOCOL,True,True,True,True,True,False,True,True,SOVT_GLIDE,SOVT_GLIDE
95b54db5ba3d,HIGH_NOTE_CANNOT_REACH,HIGH_NOTE_FLIPS,REGISTER_CONNECTION,REGISTER_CONNECTION,REGISTER_CONNECTION,REGISTER_CONNECTION,0.9561,EXPECTED_SHARED_PROTOCOL,True,True,True,True,True,False,True,True,SOVT_GLIDE,SOVT_GLIDE
95b54db5ba3d,HIGH_NOTE_CANNOT_REACH,HIGH_NOTE_UNSTABLE,REGISTER_CONNECTION,REGISTER_CONNECTION,REGISTER_CONNECTION,REGISTER_CONNECTION,0.9697,EXPECTED_SHARED_PROTOCOL,True,True,True,True,True,False,True,True,SOVT_GLIDE,SOVT_GLIDE
95b54db5ba3d,HIGH_NOTE_CANNOT_REACH,THROAT_EFFORT,REGISTER_CONNECTION,REGISTER_CONNECTION,REGISTER_CONNECTION,REGISTER_CONNECTION,0.9391,EXPECTED_SHARED_PROTOCOL,True,True,True,False,True,False,True,True,SOVT_GLIDE,SOVT_GLIDE
95b54db5ba3d,HIGH_NOTE_CANNOT_REACH,LOUD_VOICE_DIFFICULT,REGISTER_CONNECTION,REGISTER_CONNECTION,REGISTER_CONNECTION,REGISTER_CONNECTION,0.9524,EXPECTED_SHARED_PROTOCOL,True,True,True,False,True,False,True,True,SOVT_GLIDE,SOVT_GLIDE
95b54db5ba3d,HIGH_NOTE_CANNOT_REACH,VOCAL_FATIGUE,REGISTER_CONNECTION,REGISTER_CONNECTION,REGISTER_CONNECTION,REGISTER_CONNECTION,0.9391,EXPECTED_SHARED_PROTOCOL,True,True,True,False,True,False,True,True,SOVT_GLIDE,SOVT_GLIDE
95b54db5ba3d,HIGH_NOTE_CANNOT_REACH,AFTER_SINGING_FATIGUE,REGISTER_CONNECTION,REGISTER_CONNECTION,REGISTER_CONNECTION,REGISTER_CONNECTION,0.9397,EXPECTED_SHARED_PROTOCOL,True,True,True,False,True,False,True,True,SOVT_GLIDE,SOVT_GLIDE
95b54db5ba3d,HIGH_NOTE_CANNOT_REACH,PITCH_UNSTABLE,REGISTER_CONNECTION,REGISTER_CONNECTION,REGISTER_CONNECTION,REGISTER_CONNECTION,0.9437,EXPECTED_SHARED_PROTOCOL,True,True,False,False,True,False,True,True,SOVT_GLIDE,SOVT_GLIDE
95b54db5ba3d,HIGH_NOTE_CANNOT_REACH,REGISTER_CONNECTION_DIFFICULT,REGISTER_CONNECTION,REGISTER_CONNECTION,REGISTER_CONNECTION,REGISTER_CONNECTION,0.9407,EXPECTED_SHARED_PROTOCOL,True,True,False,False,True,False,True,True,SOVT_GLIDE,SOVT_GLIDE
95b54db5ba3d,HIGH_NOTE_TOO_EFFORTFUL,HIGH_NOTE_FLIPS,REGISTER_CONNECTION,REGISTER_CONNECTION,REGISTER_CONNECTION,REGISTER_CONNECTION,0.9437,EXPECTED_SHARED_PROTOCOL,True,True,True,True,True,False,True,True,SOVT_GLIDE,SOVT_GLIDE
95b54db5ba3d,HIGH_NOTE_TOO_EFFORTFUL,HIGH_NOTE_UNSTABLE,REGISTER_CONNECTION,REGISTER_CONNECTION,REGISTER_CONNECTION,REGISTER_CONNECTION,0.9487,EXPECTED_SHARED_PROTOCOL,True,True,True,True,True,False,True,True,SOVT_GLIDE,SOVT_GLIDE
95b54db5ba3d,HIGH_NOTE_TOO_EFFORTFUL,THROAT_EFFORT,REGISTER_CONNECTION,REGISTER_CONNECTION,REGISTER_CONNECTION,REGISTER_CONNECTION,0.9356,EXPECTED_SHARED_PROTOCOL,True,True,True,False,True,False,True,True,SOVT_GLIDE,SOVT_GLIDE
95b54db5ba3d,HIGH_NOTE_TOO_EFFORTFUL,LOUD_VOICE_DIFFICULT,REGISTER_CONNECTION,REGISTER_CONNECTION,REGISTER_CONNECTION,REGISTER_CONNECTION,0.9316,EXPECTED_SHARED_PROTOCOL,True,True,True,False,True,False,True,True,SOVT_GLIDE,SOVT_GLIDE
95b54db5ba3d,HIGH_NOTE_TOO_EFFORTFUL,VOCAL_FATIGUE,REGISTER_CONNECTION,REGISTER_CONNECTION,REGISTER_CONNECTION,REGISTER_CONNECTION,0.9442,EXPECTED_SHARED_PROTOCOL,True,True,True,False,True,False,True,True,SOVT_GLIDE,SOVT_GLIDE
95b54db5ba3d,HIGH_NOTE_TOO_EFFORTFUL,AFTER_SINGING_FATIGUE,REGISTER_CONNECTION,REGISTER_CONNECTION,REGISTER_CONNECTION,REGISTER_CONNECTION,0.9277,EXPECTED_SHARED_PROTOCOL,True,True,True,False,True,False,True,True,SOVT_GLIDE,SOVT_GLIDE
95b54db5ba3d,HIGH_NOTE_TOO_EFFORTFUL,PITCH_UNSTABLE,REGISTER_CONNECTION,REGISTER_CONNECTION,REGISTER_CONNECTION,REGISTER_CONNECTION,0.9487,EXPECTED_SHARED_PROTOCOL,True,True,False,False,True,False,True,True,SOVT_GLIDE,SOVT_GLIDE
95b54db5ba3d,HIGH_NOTE_TOO_EFFORTFUL,REGISTER_CONNECTION_DIFFICULT,REGISTER_CONNECTION,REGISTER_CONNECTION,REGISTER_CONNECTION,REGISTER_CONNECTION,0.9372,EXPECTED_SHARED_PROTOCOL,True,True,False,False,True,False,True,True,SOVT_GLIDE,SOVT_GLIDE
95b54db5ba3d,HIGH_NOTE_FLIPS,HIGH_NOTE_UNSTABLE,REGISTER_CONNECTION,REGISTER_CONNECTION,REGISTER_CONNECTION,REGISTER_CONNECTION,0.9607,EXPECTED_SHARED_PROTOCOL,True,True,True,True,True,False,True,True,SOVT_GLIDE,SOVT_GLIDE
95b54db5ba3d,HIGH_NOTE_FLIPS,THROAT_EFFORT,REGISTER_CONNECTION,REGISTER_CONNECTION,REGISTER_CONNECTION,REGISTER_CONNECTION,0.9386,EXPECTED_SHARED_PROTOCOL,True,True,True,False,True,False,True,True,SOVT_GLIDE,SOVT_GLIDE
95b54db5ba3d,HIGH_NOTE_FLIPS,LOUD_VOICE_DIFFICULT,REGISTER_CONNECTION,REGISTER_CONNECTION,REGISTER_CONNECTION,REGISTER_CONNECTION,0.9432,EXPECTED_SHARED_PROTOCOL,True,True,True,False,True,False,True,True,SOVT_GLIDE,SOVT_GLIDE
95b54db5ba3d,HIGH_NOTE_FLIPS,VOCAL_FATIGUE,REGISTER_CONNECTION,REGISTER_CONNECTION,REGISTER_CONNECTION,REGISTER_CONNECTION,0.9474,EXPECTED_SHARED_PROTOCOL,True,True,True,False,True,False,True,True,SOVT_GLIDE,SOVT_GLIDE
95b54db5ba3d,HIGH_NOTE_FLIPS,AFTER_SINGING_FATIGUE,REGISTER_CONNECTION,REGISTER_CONNECTION,REGISTER_CONNECTION,REGISTER_CONNECTION,0.9565,EXPECTED_SHARED_PROTOCOL,True,True,True,False,True,False,True,True,SOVT_GLIDE,SOVT_GLIDE
95b54db5ba3d,HIGH_NOTE_FLIPS,PITCH_UNSTABLE,REGISTER_CONNECTION,REGISTER_CONNECTION,REGISTER_CONNECTION,REGISTER_CONNECTION,0.952,EXPECTED_SHARED_PROTOCOL,True,True,False,False,True,False,True,True,SOVT_GLIDE,SOVT_GLIDE
95b54db5ba3d,HIGH_NOTE_FLIPS,REGISTER_CONNECTION_DIFFICULT,REGISTER_CONNECTION,REGISTER_CONNECTION,REGISTER_CONNECTION,REGISTER_CONNECTION,0.9231,EXPECTED_SHARED_PROTOCOL,True,True,False,False,True,False,True,True,SOVT_GLIDE,SOVT_GLIDE
95b54db5ba3d,HIGH_NOTE_UNSTABLE,THROAT_EFFORT,REGISTER_CONNECTION,REGISTER_CONNECTION,REGISTER_CONNECTION,REGISTER_CONNECTION,0.9351,EXPECTED_SHARED_PROTOCOL,True,True,True,False,True,False,True,True,SOVT_GLIDE,SOVT_GLIDE
95b54db5ba3d,HIGH_NOTE_UNSTABLE,LOUD_VOICE_DIFFICULT,REGISTER_CONNECTION,REGISTER_CONNECTION,REGISTER_CONNECTION,REGISTER_CONNECTION,0.9397,EXPECTED_SHARED_PROTOCOL,True,True,True,False,True,False,True,True,SOVT_GLIDE,SOVT_GLIDE
95b54db5ba3d,HIGH_NOTE_UNSTABLE,VOCAL_FATIGUE,REGISTER_CONNECTION,REGISTER_CONNECTION,REGISTER_CONNECTION,REGISTER_CONNECTION,0.9351,EXPECTED_SHARED_PROTOCOL,True,True,True,False,True,False,True,True,SOVT_GLIDE,SOVT_GLIDE
95b54db5ba3d,HIGH_NOTE_UNSTABLE,AFTER_SINGING_FATIGUE,REGISTER_CONNECTION,REGISTER_CONNECTION,REGISTER_CONNECTION,REGISTER_CONNECTION,0.9442,EXPECTED_SHARED_PROTOCOL,True,True,True,False,True,False,True,True,SOVT_GLIDE,SOVT_GLIDE
95b54db5ba3d,HIGH_NOTE_UNSTABLE,PITCH_UNSTABLE,REGISTER_CONNECTION,REGISTER_CONNECTION,REGISTER_CONNECTION,REGISTER_CONNECTION,0.9483,EXPECTED_SHARED_PROTOCOL,True,True,False,False,True,False,True,True,SOVT_GLIDE,SOVT_GLIDE
95b54db5ba3d,HIGH_NOTE_UNSTABLE,REGISTER_CONNECTION_DIFFICULT,REGISTER_CONNECTION,REGISTER_CONNECTION,REGISTER_CONNECTION,REGISTER_CONNECTION,0.9367,EXPECTED_SHARED_PROTOCOL,True,True,False,False,True,False,True,True,SOVT_GLIDE,SOVT_GLIDE
95b54db5ba3d,THROAT_EFFORT,LOUD_VOICE_DIFFICULT,REGISTER_CONNECTION,REGISTER_CONNECTION,REGISTER_CONNECTION,REGISTER_CONNECTION,0.9351,EXPECTED_SHARED_PROTOCOL,True,True,True,False,True,False,True,True,SOVT_GLIDE,SOVT_GLIDE
95b54db5ba3d,THROAT_EFFORT,VOCAL_FATIGUE,REGISTER_CONNECTION,REGISTER_CONNECTION,REGISTER_CONNECTION,REGISTER_CONNECTION,0.9565,EXPECTED_SHARED_PROTOCOL,True,True,True,False,True,False,True,True,SOVT_GLIDE,SOVT_GLIDE
95b54db5ba3d,THROAT_EFFORT,AFTER_SINGING_FATIGUE,REGISTER_CONNECTION,REGISTER_CONNECTION,REGISTER_CONNECTION,REGISTER_CONNECTION,0.931,EXPECTED_SHARED_PROTOCOL,True,True,True,False,True,False,True,True,SOVT_GLIDE,SOVT_GLIDE
95b54db5ba3d,THROAT_EFFORT,PITCH_UNSTABLE,REGISTER_CONNECTION,REGISTER_CONNECTION,REGISTER_CONNECTION,REGISTER_CONNECTION,0.9437,EXPECTED_SHARED_PROTOCOL,True,True,False,False,True,False,True,True,SOVT_GLIDE,SOVT_GLIDE
95b54db5ba3d,THROAT_EFFORT,REGISTER_CONNECTION_DIFFICULT,REGISTER_CONNECTION,REGISTER_CONNECTION,REGISTER_CONNECTION,REGISTER_CONNECTION,0.9407,EXPECTED_SHARED_PROTOCOL,True,True,False,False,True,False,True,True,SOVT_GLIDE,SOVT_GLIDE
95b54db5ba3d,LOUD_VOICE_DIFFICULT,VOCAL_FATIGUE,REGISTER_CONNECTION,REGISTER_CONNECTION,REGISTER_CONNECTION,REGISTER_CONNECTION,0.9351,EXPECTED_SHARED_PROTOCOL,True,True,True,False,True,False,True,True,SOVT_GLIDE,SOVT_GLIDE
95b54db5ba3d,LOUD_VOICE_DIFFICULT,AFTER_SINGING_FATIGUE,REGISTER_CONNECTION,REGISTER_CONNECTION,REGISTER_CONNECTION,REGISTER_CONNECTION,0.9356,EXPECTED_SHARED_PROTOCOL,True,True,True,False,True,False,True,True,SOVT_GLIDE,SOVT_GLIDE
95b54db5ba3d,LOUD_VOICE_DIFFICULT,PITCH_UNSTABLE,REGISTER_CONNECTION,REGISTER_CONNECTION,REGISTER_CONNECTION,REGISTER_CONNECTION,0.931,EXPECTED_SHARED_PROTOCOL,True,True,False,False,True,False,True,True,SOVT_GLIDE,SOVT_GLIDE
95b54db5ba3d,LOUD_VOICE_DIFFICULT,REGISTER_CONNECTION_DIFFICULT,REGISTER_CONNECTION,REGISTER_CONNECTION,REGISTER_CONNECTION,REGISTER_CONNECTION,0.9114,EXPECTED_SHARED_PROTOCOL,True,True,False,False,True,False,True,True,SOVT_GLIDE,SOVT_GLIDE
95b54db5ba3d,VOCAL_FATIGUE,AFTER_SINGING_FATIGUE,REGISTER_CONNECTION,REGISTER_CONNECTION,REGISTER_CONNECTION,REGISTER_CONNECTION,0.9569,EXPECTED_SHARED_PROTOCOL,True,True,True,False,True,False,True,True,SOVT_GLIDE,SOVT_GLIDE
95b54db5ba3d,VOCAL_FATIGUE,PITCH_UNSTABLE,REGISTER_CONNECTION,REGISTER_CONNECTION,REGISTER_CONNECTION,REGISTER_CONNECTION,0.9524,EXPECTED_SHARED_PROTOCOL,True,True,False,False,True,False,True,True,SOVT_GLIDE,SOVT_GLIDE
95b54db5ba3d,VOCAL_FATIGUE,REGISTER_CONNECTION_DIFFICULT,REGISTER_CONNECTION,REGISTER_CONNECTION,REGISTER_CONNECTION,REGISTER_CONNECTION,0.9237,EXPECTED_SHARED_PROTOCOL,True,True,False,False,True,False,True,True,SOVT_GLIDE,SOVT_GLIDE
95b54db5ba3d,AFTER_SINGING_FATIGUE,PITCH_UNSTABLE,REGISTER_CONNECTION,REGISTER_CONNECTION,REGISTER_CONNECTION,REGISTER_CONNECTION,0.927,EXPECTED_SHARED_PROTOCOL,True,True,False,False,True,False,True,True,SOVT_GLIDE,SOVT_GLIDE
95b54db5ba3d,AFTER_SINGING_FATIGUE,REGISTER_CONNECTION_DIFFICULT,REGISTER_CONNECTION,REGISTER_CONNECTION,REGISTER_CONNECTION,REGISTER_CONNECTION,0.916,EXPECTED_SHARED_PROTOCOL,True,True,False,False,True,False,True,True,SOVT_GLIDE,SOVT_GLIDE
95b54db5ba3d,PITCH_UNSTABLE,REGISTER_CONNECTION_DIFFICULT,REGISTER_CONNECTION,REGISTER_CONNECTION,REGISTER_CONNECTION,REGISTER_CONNECTION,0.9367,EXPECTED_SHARED_PROTOCOL,True,True,True,False,True,False,True,True,SOVT_GLIDE,SOVT_GLIDE
983379d1fe46,HIGH_NOTE_CANNOT_REACH,HIGH_NOTE_TOO_EFFORTFUL,REGISTER_CONNECTION,REGISTER_CONNECTION,REGISTER_CONNECTION,REGISTER_CONNECTION,0.9442,EXPECTED_SHARED_PROTOCOL,True,True,True,True,True,False,True,True,SOVT_GLIDE,SOVT_GLIDE
983379d1fe46,HIGH_NOTE_CANNOT_REACH,HIGH_NOTE_FLIPS,REGISTER_CONNECTION,REGISTER_CONNECTION,REGISTER_CONNECTION,REGISTER_CONNECTION,0.9561,EXPECTED_SHARED_PROTOCOL,True,True,True,True,True,False,True,True,SOVT_GLIDE,SOVT_GLIDE
983379d1fe46,HIGH_NOTE_CANNOT_REACH,HIGH_NOTE_UNSTABLE,REGISTER_CONNECTION,REGISTER_CONNECTION,REGISTER_CONNECTION,REGISTER_CONNECTION,0.9697,EXPECTED_SHARED_PROTOCOL,True,True,True,True,True,False,True,True,SOVT_GLIDE,SOVT_GLIDE
983379d1fe46,HIGH_NOTE_CANNOT_REACH,THROAT_EFFORT,REGISTER_CONNECTION,REGISTER_CONNECTION,REGISTER_CONNECTION,REGISTER_CONNECTION,0.9391,EXPECTED_SHARED_PROTOCOL,True,True,True,False,True,False,True,True,SOVT_GLIDE,SOVT_GLIDE
983379d1fe46,HIGH_NOTE_CANNOT_REACH,LOUD_VOICE_DIFFICULT,REGISTER_CONNECTION,REGISTER_CONNECTION,REGISTER_CONNECTION,REGISTER_CONNECTION,0.9524,EXPECTED_SHARED_PROTOCOL,True,True,True,False,True,False,True,True,SOVT_GLIDE,SOVT_GLIDE
983379d1fe46,HIGH_NOTE_CANNOT_REACH,VOCAL_FATIGUE,REGISTER_CONNECTION,REGISTER_CONNECTION,REGISTER_CONNECTION,REGISTER_CONNECTION,0.9391,EXPECTED_SHARED_PROTOCOL,True,True,True,False,True,False,True,True,SOVT_GLIDE,SOVT_GLIDE
983379d1fe46,HIGH_NOTE_CANNOT_REACH,AFTER_SINGING_FATIGUE,REGISTER_CONNECTION,REGISTER_CONNECTION,REGISTER_CONNECTION,REGISTER_CONNECTION,0.9397,EXPECTED_SHARED_PROTOCOL,True,True,True,False,True,False,True,True,SOVT_GLIDE,SOVT_GLIDE
983379d1fe46,HIGH_NOTE_CANNOT_REACH,PITCH_UNSTABLE,REGISTER_CONNECTION,REGISTER_CONNECTION,REGISTER_CONNECTION,REGISTER_CONNECTION,0.9437,EXPECTED_SHARED_PROTOCOL,True,True,False,False,True,False,True,True,SOVT_GLIDE,SOVT_GLIDE
983379d1fe46,HIGH_NOTE_CANNOT_REACH,REGISTER_CONNECTION_DIFFICULT,REGISTER_CONNECTION,REGISTER_CONNECTION,REGISTER_CONNECTION,REGISTER_CONNECTION,0.9407,EXPECTED_SHARED_PROTOCOL,True,True,False,False,True,False,True,True,SOVT_GLIDE,SOVT_GLIDE
983379d1fe46,HIGH_NOTE_TOO_EFFORTFUL,HIGH_NOTE_FLIPS,REGISTER_CONNECTION,REGISTER_CONNECTION,REGISTER_CONNECTION,REGISTER_CONNECTION,0.9437,EXPECTED_SHARED_PROTOCOL,True,True,True,True,True,False,True,True,SOVT_GLIDE,SOVT_GLIDE
983379d1fe46,HIGH_NOTE_TOO_EFFORTFUL,HIGH_NOTE_UNSTABLE,REGISTER_CONNECTION,REGISTER_CONNECTION,REGISTER_CONNECTION,REGISTER_CONNECTION,0.9487,EXPECTED_SHARED_PROTOCOL,True,True,True,True,True,False,True,True,SOVT_GLIDE,SOVT_GLIDE
983379d1fe46,HIGH_NOTE_TOO_EFFORTFUL,THROAT_EFFORT,REGISTER_CONNECTION,REGISTER_CONNECTION,REGISTER_CONNECTION,REGISTER_CONNECTION,0.9356,EXPECTED_SHARED_PROTOCOL,True,True,True,False,True,False,True,True,SOVT_GLIDE,SOVT_GLIDE
983379d1fe46,HIGH_NOTE_TOO_EFFORTFUL,LOUD_VOICE_DIFFICULT,REGISTER_CONNECTION,REGISTER_CONNECTION,REGISTER_CONNECTION,REGISTER_CONNECTION,0.9316,EXPECTED_SHARED_PROTOCOL,True,True,True,False,True,False,True,True,SOVT_GLIDE,SOVT_GLIDE
983379d1fe46,HIGH_NOTE_TOO_EFFORTFUL,VOCAL_FATIGUE,REGISTER_CONNECTION,REGISTER_CONNECTION,REGISTER_CONNECTION,REGISTER_CONNECTION,0.9442,EXPECTED_SHARED_PROTOCOL,True,True,True,False,True,False,True,True,SOVT_GLIDE,SOVT_GLIDE
983379d1fe46,HIGH_NOTE_TOO_EFFORTFUL,AFTER_SINGING_FATIGUE,REGISTER_CONNECTION,REGISTER_CONNECTION,REGISTER_CONNECTION,REGISTER_CONNECTION,0.9277,EXPECTED_SHARED_PROTOCOL,True,True,True,False,True,False,True,True,SOVT_GLIDE,SOVT_GLIDE
983379d1fe46,HIGH_NOTE_TOO_EFFORTFUL,PITCH_UNSTABLE,REGISTER_CONNECTION,REGISTER_CONNECTION,REGISTER_CONNECTION,REGISTER_CONNECTION,0.9487,EXPECTED_SHARED_PROTOCOL,True,True,False,False,True,False,True,True,SOVT_GLIDE,SOVT_GLIDE
983379d1fe46,HIGH_NOTE_TOO_EFFORTFUL,REGISTER_CONNECTION_DIFFICULT,REGISTER_CONNECTION,REGISTER_CONNECTION,REGISTER_CONNECTION,REGISTER_CONNECTION,0.9372,EXPECTED_SHARED_PROTOCOL,True,True,False,False,True,False,True,True,SOVT_GLIDE,SOVT_GLIDE
983379d1fe46,HIGH_NOTE_FLIPS,HIGH_NOTE_UNSTABLE,REGISTER_CONNECTION,REGISTER_CONNECTION,REGISTER_CONNECTION,REGISTER_CONNECTION,0.9607,EXPECTED_SHARED_PROTOCOL,True,True,True,True,True,False,True,True,SOVT_GLIDE,SOVT_GLIDE
983379d1fe46,HIGH_NOTE_FLIPS,THROAT_EFFORT,REGISTER_CONNECTION,REGISTER_CONNECTION,REGISTER_CONNECTION,REGISTER_CONNECTION,0.9386,EXPECTED_SHARED_PROTOCOL,True,True,True,False,True,False,True,True,SOVT_GLIDE,SOVT_GLIDE
983379d1fe46,HIGH_NOTE_FLIPS,LOUD_VOICE_DIFFICULT,REGISTER_CONNECTION,REGISTER_CONNECTION,REGISTER_CONNECTION,REGISTER_CONNECTION,0.9432,EXPECTED_SHARED_PROTOCOL,True,True,True,False,True,False,True,True,SOVT_GLIDE,SOVT_GLIDE
983379d1fe46,HIGH_NOTE_FLIPS,VOCAL_FATIGUE,REGISTER_CONNECTION,REGISTER_CONNECTION,REGISTER_CONNECTION,REGISTER_CONNECTION,0.9474,EXPECTED_SHARED_PROTOCOL,True,True,True,False,True,False,True,True,SOVT_GLIDE,SOVT_GLIDE
983379d1fe46,HIGH_NOTE_FLIPS,AFTER_SINGING_FATIGUE,REGISTER_CONNECTION,REGISTER_CONNECTION,REGISTER_CONNECTION,REGISTER_CONNECTION,0.9565,EXPECTED_SHARED_PROTOCOL,True,True,True,False,True,False,True,True,SOVT_GLIDE,SOVT_GLIDE
983379d1fe46,HIGH_NOTE_FLIPS,PITCH_UNSTABLE,REGISTER_CONNECTION,REGISTER_CONNECTION,REGISTER_CONNECTION,REGISTER_CONNECTION,0.952,EXPECTED_SHARED_PROTOCOL,True,True,False,False,True,False,True,True,SOVT_GLIDE,SOVT_GLIDE
983379d1fe46,HIGH_NOTE_FLIPS,REGISTER_CONNECTION_DIFFICULT,REGISTER_CONNECTION,REGISTER_CONNECTION,REGISTER_CONNECTION,REGISTER_CONNECTION,0.9231,EXPECTED_SHARED_PROTOCOL,True,True,False,False,True,False,True,True,SOVT_GLIDE,SOVT_GLIDE
983379d1fe46,HIGH_NOTE_UNSTABLE,THROAT_EFFORT,REGISTER_CONNECTION,REGISTER_CONNECTION,REGISTER_CONNECTION,REGISTER_CONNECTION,0.9351,EXPECTED_SHARED_PROTOCOL,True,True,True,False,True,False,True,True,SOVT_GLIDE,SOVT_GLIDE
983379d1fe46,HIGH_NOTE_UNSTABLE,LOUD_VOICE_DIFFICULT,REGISTER_CONNECTION,REGISTER_CONNECTION,REGISTER_CONNECTION,REGISTER_CONNECTION,0.9397,EXPECTED_SHARED_PROTOCOL,True,True,True,False,True,False,True,True,SOVT_GLIDE,SOVT_GLIDE
983379d1fe46,HIGH_NOTE_UNSTABLE,VOCAL_FATIGUE,REGISTER_CONNECTION,REGISTER_CONNECTION,REGISTER_CONNECTION,REGISTER_CONNECTION,0.9351,EXPECTED_SHARED_PROTOCOL,True,True,True,False,True,False,True,True,SOVT_GLIDE,SOVT_GLIDE
983379d1fe46,HIGH_NOTE_UNSTABLE,AFTER_SINGING_FATIGUE,REGISTER_CONNECTION,REGISTER_CONNECTION,REGISTER_CONNECTION,REGISTER_CONNECTION,0.9442,EXPECTED_SHARED_PROTOCOL,True,True,True,False,True,False,True,True,SOVT_GLIDE,SOVT_GLIDE
983379d1fe46,HIGH_NOTE_UNSTABLE,PITCH_UNSTABLE,REGISTER_CONNECTION,REGISTER_CONNECTION,REGISTER_CONNECTION,REGISTER_CONNECTION,0.9483,EXPECTED_SHARED_PROTOCOL,True,True,False,False,True,False,True,True,SOVT_GLIDE,SOVT_GLIDE
983379d1fe46,HIGH_NOTE_UNSTABLE,REGISTER_CONNECTION_DIFFICULT,REGISTER_CONNECTION,REGISTER_CONNECTION,REGISTER_CONNECTION,REGISTER_CONNECTION,0.9367,EXPECTED_SHARED_PROTOCOL,True,True,False,False,True,False,True,True,SOVT_GLIDE,SOVT_GLIDE
983379d1fe46,THROAT_EFFORT,LOUD_VOICE_DIFFICULT,REGISTER_CONNECTION,REGISTER_CONNECTION,REGISTER_CONNECTION,REGISTER_CONNECTION,0.9351,EXPECTED_SHARED_PROTOCOL,True,True,True,False,True,False,True,True,SOVT_GLIDE,SOVT_GLIDE
983379d1fe46,THROAT_EFFORT,VOCAL_FATIGUE,REGISTER_CONNECTION,REGISTER_CONNECTION,REGISTER_CONNECTION,REGISTER_CONNECTION,0.9565,EXPECTED_SHARED_PROTOCOL,True,True,True,False,True,False,True,True,SOVT_GLIDE,SOVT_GLIDE
983379d1fe46,THROAT_EFFORT,AFTER_SINGING_FATIGUE,REGISTER_CONNECTION,REGISTER_CONNECTION,REGISTER_CONNECTION,REGISTER_CONNECTION,0.931,EXPECTED_SHARED_PROTOCOL,True,True,True,False,True,False,True,True,SOVT_GLIDE,SOVT_GLIDE
983379d1fe46,THROAT_EFFORT,PITCH_UNSTABLE,REGISTER_CONNECTION,REGISTER_CONNECTION,REGISTER_CONNECTION,REGISTER_CONNECTION,0.9437,EXPECTED_SHARED_PROTOCOL,True,True,False,False,True,False,True,True,SOVT_GLIDE,SOVT_GLIDE
983379d1fe46,THROAT_EFFORT,REGISTER_CONNECTION_DIFFICULT,REGISTER_CONNECTION,REGISTER_CONNECTION,REGISTER_CONNECTION,REGISTER_CONNECTION,0.9407,EXPECTED_SHARED_PROTOCOL,True,True,False,False,True,False,True,True,SOVT_GLIDE,SOVT_GLIDE
983379d1fe46,LOUD_VOICE_DIFFICULT,VOCAL_FATIGUE,REGISTER_CONNECTION,REGISTER_CONNECTION,REGISTER_CONNECTION,REGISTER_CONNECTION,0.9351,EXPECTED_SHARED_PROTOCOL,True,True,True,False,True,False,True,True,SOVT_GLIDE,SOVT_GLIDE
983379d1fe46,LOUD_VOICE_DIFFICULT,AFTER_SINGING_FATIGUE,REGISTER_CONNECTION,REGISTER_CONNECTION,REGISTER_CONNECTION,REGISTER_CONNECTION,0.9356,EXPECTED_SHARED_PROTOCOL,True,True,True,False,True,False,True,True,SOVT_GLIDE,SOVT_GLIDE
983379d1fe46,LOUD_VOICE_DIFFICULT,PITCH_UNSTABLE,REGISTER_CONNECTION,REGISTER_CONNECTION,REGISTER_CONNECTION,REGISTER_CONNECTION,0.931,EXPECTED_SHARED_PROTOCOL,True,True,False,False,True,False,True,True,SOVT_GLIDE,SOVT_GLIDE
983379d1fe46,LOUD_VOICE_DIFFICULT,REGISTER_CONNECTION_DIFFICULT,REGISTER_CONNECTION,REGISTER_CONNECTION,REGISTER_CONNECTION,REGISTER_CONNECTION,0.9114,EXPECTED_SHARED_PROTOCOL,True,True,False,False,True,False,True,True,SOVT_GLIDE,SOVT_GLIDE
983379d1fe46,VOCAL_FATIGUE,AFTER_SINGING_FATIGUE,REGISTER_CONNECTION,REGISTER_CONNECTION,REGISTER_CONNECTION,REGISTER_CONNECTION,0.9569,EXPECTED_SHARED_PROTOCOL,True,True,True,False,True,False,True,True,SOVT_GLIDE,SOVT_GLIDE
983379d1fe46,VOCAL_FATIGUE,PITCH_UNSTABLE,REGISTER_CONNECTION,REGISTER_CONNECTION,REGISTER_CONNECTION,REGISTER_CONNECTION,0.9524,EXPECTED_SHARED_PROTOCOL,True,True,False,False,True,False,True,True,SOVT_GLIDE,SOVT_GLIDE
983379d1fe46,VOCAL_FATIGUE,REGISTER_CONNECTION_DIFFICULT,REGISTER_CONNECTION,REGISTER_CONNECTION,REGISTER_CONNECTION,REGISTER_CONNECTION,0.9237,EXPECTED_SHARED_PROTOCOL,True,True,False,False,True,False,True,True,SOVT_GLIDE,SOVT_GLIDE
983379d1fe46,AFTER_SINGING_FATIGUE,PITCH_UNSTABLE,REGISTER_CONNECTION,REGISTER_CONNECTION,REGISTER_CONNECTION,REGISTER_CONNECTION,0.927,EXPECTED_SHARED_PROTOCOL,True,True,False,False,True,False,True,True,SOVT_GLIDE,SOVT_GLIDE
983379d1fe46,AFTER_SINGING_FATIGUE,REGISTER_CONNECTION_DIFFICULT,REGISTER_CONNECTION,REGISTER_CONNECTION,REGISTER_CONNECTION,REGISTER_CONNECTION,0.916,EXPECTED_SHARED_PROTOCOL,True,True,False,False,True,False,True,True,SOVT_GLIDE,SOVT_GLIDE
983379d1fe46,PITCH_UNSTABLE,REGISTER_CONNECTION_DIFFICULT,REGISTER_CONNECTION,REGISTER_CONNECTION,REGISTER_CONNECTION,REGISTER_CONNECTION,0.9367,EXPECTED_SHARED_PROTOCOL,True,True,True,False,True,False,True,True,SOVT_GLIDE,SOVT_GLIDE
99023e55f0f5,HIGH_NOTE_CANNOT_REACH,HIGH_NOTE_TOO_EFFORTFUL,REGISTER_CONNECTION,REGISTER_CONNECTION,REGISTER_CONNECTION,REGISTER_CONNECTION,0.9442,EXPECTED_SHARED_PROTOCOL,True,True,True,True,True,False,True,True,SOVT_GLIDE,SOVT_GLIDE
99023e55f0f5,HIGH_NOTE_CANNOT_REACH,HIGH_NOTE_FLIPS,REGISTER_CONNECTION,REGISTER_CONNECTION,REGISTER_CONNECTION,REGISTER_CONNECTION,0.9561,EXPECTED_SHARED_PROTOCOL,True,True,True,True,True,False,True,True,SOVT_GLIDE,SOVT_GLIDE
99023e55f0f5,HIGH_NOTE_CANNOT_REACH,HIGH_NOTE_UNSTABLE,REGISTER_CONNECTION,REGISTER_CONNECTION,REGISTER_CONNECTION,REGISTER_CONNECTION,0.9697,EXPECTED_SHARED_PROTOCOL,True,True,True,True,True,False,True,True,SOVT_GLIDE,SOVT_GLIDE
99023e55f0f5,HIGH_NOTE_CANNOT_REACH,THROAT_EFFORT,REGISTER_CONNECTION,REGISTER_CONNECTION,REGISTER_CONNECTION,REGISTER_CONNECTION,0.9391,EXPECTED_SHARED_PROTOCOL,True,True,True,False,True,False,True,True,SOVT_GLIDE,SOVT_GLIDE
99023e55f0f5,HIGH_NOTE_CANNOT_REACH,LOUD_VOICE_DIFFICULT,REGISTER_CONNECTION,REGISTER_CONNECTION,REGISTER_CONNECTION,REGISTER_CONNECTION,0.9524,EXPECTED_SHARED_PROTOCOL,True,True,True,False,True,False,True,True,SOVT_GLIDE,SOVT_GLIDE
99023e55f0f5,HIGH_NOTE_CANNOT_REACH,VOCAL_FATIGUE,REGISTER_CONNECTION,REGISTER_CONNECTION,REGISTER_CONNECTION,REGISTER_CONNECTION,0.9391,EXPECTED_SHARED_PROTOCOL,True,True,True,False,True,False,True,True,SOVT_GLIDE,SOVT_GLIDE
99023e55f0f5,HIGH_NOTE_CANNOT_REACH,AFTER_SINGING_FATIGUE,REGISTER_CONNECTION,REGISTER_CONNECTION,REGISTER_CONNECTION,REGISTER_CONNECTION,0.9397,EXPECTED_SHARED_PROTOCOL,True,True,True,False,True,False,True,True,SOVT_GLIDE,SOVT_GLIDE
99023e55f0f5,HIGH_NOTE_CANNOT_REACH,PITCH_UNSTABLE,REGISTER_CONNECTION,REGISTER_CONNECTION,REGISTER_CONNECTION,REGISTER_CONNECTION,0.9437,EXPECTED_SHARED_PROTOCOL,True,True,False,False,True,False,True,True,SOVT_GLIDE,SOVT_GLIDE
99023e55f0f5,HIGH_NOTE_CANNOT_REACH,REGISTER_CONNECTION_DIFFICULT,REGISTER_CONNECTION,REGISTER_CONNECTION,REGISTER_CONNECTION,REGISTER_CONNECTION,0.9407,EXPECTED_SHARED_PROTOCOL,True,True,False,False,True,False,True,True,SOVT_GLIDE,SOVT_GLIDE
99023e55f0f5,HIGH_NOTE_TOO_EFFORTFUL,HIGH_NOTE_FLIPS,REGISTER_CONNECTION,REGISTER_CONNECTION,REGISTER_CONNECTION,REGISTER_CONNECTION,0.9437,EXPECTED_SHARED_PROTOCOL,True,True,True,True,True,False,True,True,SOVT_GLIDE,SOVT_GLIDE
99023e55f0f5,HIGH_NOTE_TOO_EFFORTFUL,HIGH_NOTE_UNSTABLE,REGISTER_CONNECTION,REGISTER_CONNECTION,REGISTER_CONNECTION,REGISTER_CONNECTION,0.9487,EXPECTED_SHARED_PROTOCOL,True,True,True,True,True,False,True,True,SOVT_GLIDE,SOVT_GLIDE
99023e55f0f5,HIGH_NOTE_TOO_EFFORTFUL,THROAT_EFFORT,REGISTER_CONNECTION,REGISTER_CONNECTION,REGISTER_CONNECTION,REGISTER_CONNECTION,0.9356,EXPECTED_SHARED_PROTOCOL,True,True,True,False,True,False,True,True,SOVT_GLIDE,SOVT_GLIDE
99023e55f0f5,HIGH_NOTE_TOO_EFFORTFUL,LOUD_VOICE_DIFFICULT,REGISTER_CONNECTION,REGISTER_CONNECTION,REGISTER_CONNECTION,REGISTER_CONNECTION,0.9316,EXPECTED_SHARED_PROTOCOL,True,True,True,False,True,False,True,True,SOVT_GLIDE,SOVT_GLIDE
99023e55f0f5,HIGH_NOTE_TOO_EFFORTFUL,VOCAL_FATIGUE,REGISTER_CONNECTION,REGISTER_CONNECTION,REGISTER_CONNECTION,REGISTER_CONNECTION,0.9442,EXPECTED_SHARED_PROTOCOL,True,True,True,False,True,False,True,True,SOVT_GLIDE,SOVT_GLIDE
99023e55f0f5,HIGH_NOTE_TOO_EFFORTFUL,AFTER_SINGING_FATIGUE,REGISTER_CONNECTION,REGISTER_CONNECTION,REGISTER_CONNECTION,REGISTER_CONNECTION,0.9277,EXPECTED_SHARED_PROTOCOL,True,True,True,False,True,False,True,True,SOVT_GLIDE,SOVT_GLIDE
99023e55f0f5,HIGH_NOTE_TOO_EFFORTFUL,PITCH_UNSTABLE,REGISTER_CONNECTION,REGISTER_CONNECTION,REGISTER_CONNECTION,REGISTER_CONNECTION,0.9487,EXPECTED_SHARED_PROTOCOL,True,True,False,False,True,False,True,True,SOVT_GLIDE,SOVT_GLIDE
99023e55f0f5,HIGH_NOTE_TOO_EFFORTFUL,REGISTER_CONNECTION_DIFFICULT,REGISTER_CONNECTION,REGISTER_CONNECTION,REGISTER_CONNECTION,REGISTER_CONNECTION,0.9372,EXPECTED_SHARED_PROTOCOL,True,True,False,False,True,False,True,True,SOVT_GLIDE,SOVT_GLIDE
99023e55f0f5,HIGH_NOTE_FLIPS,HIGH_NOTE_UNSTABLE,REGISTER_CONNECTION,REGISTER_CONNECTION,REGISTER_CONNECTION,REGISTER_CONNECTION,0.9607,EXPECTED_SHARED_PROTOCOL,True,True,True,True,True,False,True,True,SOVT_GLIDE,SOVT_GLIDE
99023e55f0f5,HIGH_NOTE_FLIPS,THROAT_EFFORT,REGISTER_CONNECTION,REGISTER_CONNECTION,REGISTER_CONNECTION,REGISTER_CONNECTION,0.9386,EXPECTED_SHARED_PROTOCOL,True,True,True,False,True,False,True,True,SOVT_GLIDE,SOVT_GLIDE
99023e55f0f5,HIGH_NOTE_FLIPS,LOUD_VOICE_DIFFICULT,REGISTER_CONNECTION,REGISTER_CONNECTION,REGISTER_CONNECTION,REGISTER_CONNECTION,0.9432,EXPECTED_SHARED_PROTOCOL,True,True,True,False,True,False,True,True,SOVT_GLIDE,SOVT_GLIDE
99023e55f0f5,HIGH_NOTE_FLIPS,VOCAL_FATIGUE,REGISTER_CONNECTION,REGISTER_CONNECTION,REGISTER_CONNECTION,REGISTER_CONNECTION,0.9474,EXPECTED_SHARED_PROTOCOL,True,True,True,False,True,False,True,True,SOVT_GLIDE,SOVT_GLIDE
99023e55f0f5,HIGH_NOTE_FLIPS,AFTER_SINGING_FATIGUE,REGISTER_CONNECTION,REGISTER_CONNECTION,REGISTER_CONNECTION,REGISTER_CONNECTION,0.9565,EXPECTED_SHARED_PROTOCOL,True,True,True,False,True,False,True,True,SOVT_GLIDE,SOVT_GLIDE
99023e55f0f5,HIGH_NOTE_FLIPS,PITCH_UNSTABLE,REGISTER_CONNECTION,REGISTER_CONNECTION,REGISTER_CONNECTION,REGISTER_CONNECTION,0.952,EXPECTED_SHARED_PROTOCOL,True,True,False,False,True,False,True,True,SOVT_GLIDE,SOVT_GLIDE
99023e55f0f5,HIGH_NOTE_FLIPS,REGISTER_CONNECTION_DIFFICULT,REGISTER_CONNECTION,REGISTER_CONNECTION,REGISTER_CONNECTION,REGISTER_CONNECTION,0.9231,EXPECTED_SHARED_PROTOCOL,True,True,False,False,True,False,True,True,SOVT_GLIDE,SOVT_GLIDE
99023e55f0f5,HIGH_NOTE_UNSTABLE,THROAT_EFFORT,REGISTER_CONNECTION,REGISTER_CONNECTION,REGISTER_CONNECTION,REGISTER_CONNECTION,0.9351,EXPECTED_SHARED_PROTOCOL,True,True,True,False,True,False,True,True,SOVT_GLIDE,SOVT_GLIDE
99023e55f0f5,HIGH_NOTE_UNSTABLE,LOUD_VOICE_DIFFICULT,REGISTER_CONNECTION,REGISTER_CONNECTION,REGISTER_CONNECTION,REGISTER_CONNECTION,0.9397,EXPECTED_SHARED_PROTOCOL,True,True,True,False,True,False,True,True,SOVT_GLIDE,SOVT_GLIDE
99023e55f0f5,HIGH_NOTE_UNSTABLE,VOCAL_FATIGUE,REGISTER_CONNECTION,REGISTER_CONNECTION,REGISTER_CONNECTION,REGISTER_CONNECTION,0.9351,EXPECTED_SHARED_PROTOCOL,True,True,True,False,True,False,True,True,SOVT_GLIDE,SOVT_GLIDE
99023e55f0f5,HIGH_NOTE_UNSTABLE,AFTER_SINGING_FATIGUE,REGISTER_CONNECTION,REGISTER_CONNECTION,REGISTER_CONNECTION,REGISTER_CONNECTION,0.9442,EXPECTED_SHARED_PROTOCOL,True,True,True,False,True,False,True,True,SOVT_GLIDE,SOVT_GLIDE
99023e55f0f5,HIGH_NOTE_UNSTABLE,PITCH_UNSTABLE,REGISTER_CONNECTION,REGISTER_CONNECTION,REGISTER_CONNECTION,REGISTER_CONNECTION,0.9483,EXPECTED_SHARED_PROTOCOL,True,True,False,False,True,False,True,True,SOVT_GLIDE,SOVT_GLIDE
99023e55f0f5,HIGH_NOTE_UNSTABLE,REGISTER_CONNECTION_DIFFICULT,REGISTER_CONNECTION,REGISTER_CONNECTION,REGISTER_CONNECTION,REGISTER_CONNECTION,0.9367,EXPECTED_SHARED_PROTOCOL,True,True,False,False,True,False,True,True,SOVT_GLIDE,SOVT_GLIDE
99023e55f0f5,THROAT_EFFORT,LOUD_VOICE_DIFFICULT,REGISTER_CONNECTION,REGISTER_CONNECTION,REGISTER_CONNECTION,REGISTER_CONNECTION,0.9351,EXPECTED_SHARED_PROTOCOL,True,True,True,False,True,False,True,True,SOVT_GLIDE,SOVT_GLIDE
99023e55f0f5,THROAT_EFFORT,VOCAL_FATIGUE,REGISTER_CONNECTION,REGISTER_CONNECTION,REGISTER_CONNECTION,REGISTER_CONNECTION,0.9565,EXPECTED_SHARED_PROTOCOL,True,True,True,False,True,False,True,True,SOVT_GLIDE,SOVT_GLIDE
99023e55f0f5,THROAT_EFFORT,AFTER_SINGING_FATIGUE,REGISTER_CONNECTION,REGISTER_CONNECTION,REGISTER_CONNECTION,REGISTER_CONNECTION,0.931,EXPECTED_SHARED_PROTOCOL,True,True,True,False,True,False,True,True,SOVT_GLIDE,SOVT_GLIDE
99023e55f0f5,THROAT_EFFORT,PITCH_UNSTABLE,REGISTER_CONNECTION,REGISTER_CONNECTION,REGISTER_CONNECTION,REGISTER_CONNECTION,0.9437,EXPECTED_SHARED_PROTOCOL,True,True,False,False,True,False,True,True,SOVT_GLIDE,SOVT_GLIDE
99023e55f0f5,THROAT_EFFORT,REGISTER_CONNECTION_DIFFICULT,REGISTER_CONNECTION,REGISTER_CONNECTION,REGISTER_CONNECTION,REGISTER_CONNECTION,0.9407,EXPECTED_SHARED_PROTOCOL,True,True,False,False,True,False,True,True,SOVT_GLIDE,SOVT_GLIDE
99023e55f0f5,LOUD_VOICE_DIFFICULT,VOCAL_FATIGUE,REGISTER_CONNECTION,REGISTER_CONNECTION,REGISTER_CONNECTION,REGISTER_CONNECTION,0.9351,EXPECTED_SHARED_PROTOCOL,True,True,True,False,True,False,True,True,SOVT_GLIDE,SOVT_GLIDE
99023e55f0f5,LOUD_VOICE_DIFFICULT,AFTER_SINGING_FATIGUE,REGISTER_CONNECTION,REGISTER_CONNECTION,REGISTER_CONNECTION,REGISTER_CONNECTION,0.9356,EXPECTED_SHARED_PROTOCOL,True,True,True,False,True,False,True,True,SOVT_GLIDE,SOVT_GLIDE
99023e55f0f5,LOUD_VOICE_DIFFICULT,PITCH_UNSTABLE,REGISTER_CONNECTION,REGISTER_CONNECTION,REGISTER_CONNECTION,REGISTER_CONNECTION,0.931,EXPECTED_SHARED_PROTOCOL,True,True,False,False,True,False,True,True,SOVT_GLIDE,SOVT_GLIDE
99023e55f0f5,LOUD_VOICE_DIFFICULT,REGISTER_CONNECTION_DIFFICULT,REGISTER_CONNECTION,REGISTER_CONNECTION,REGISTER_CONNECTION,REGISTER_CONNECTION,0.9114,EXPECTED_SHARED_PROTOCOL,True,True,False,False,True,False,True,True,SOVT_GLIDE,SOVT_GLIDE
99023e55f0f5,VOCAL_FATIGUE,AFTER_SINGING_FATIGUE,REGISTER_CONNECTION,REGISTER_CONNECTION,REGISTER_CONNECTION,REGISTER_CONNECTION,0.9569,EXPECTED_SHARED_PROTOCOL,True,True,True,False,True,False,True,True,SOVT_GLIDE,SOVT_GLIDE
99023e55f0f5,VOCAL_FATIGUE,PITCH_UNSTABLE,REGISTER_CONNECTION,REGISTER_CONNECTION,REGISTER_CONNECTION,REGISTER_CONNECTION,0.9524,EXPECTED_SHARED_PROTOCOL,True,True,False,False,True,False,True,True,SOVT_GLIDE,SOVT_GLIDE
99023e55f0f5,VOCAL_FATIGUE,REGISTER_CONNECTION_DIFFICULT,REGISTER_CONNECTION,REGISTER_CONNECTION,REGISTER_CONNECTION,REGISTER_CONNECTION,0.9237,EXPECTED_SHARED_PROTOCOL,True,True,False,False,True,False,True,True,SOVT_GLIDE,SOVT_GLIDE
99023e55f0f5,AFTER_SINGING_FATIGUE,PITCH_UNSTABLE,REGISTER_CONNECTION,REGISTER_CONNECTION,REGISTER_CONNECTION,REGISTER_CONNECTION,0.927,EXPECTED_SHARED_PROTOCOL,True,True,False,False,True,False,True,True,SOVT_GLIDE,SOVT_GLIDE
99023e55f0f5,AFTER_SINGING_FATIGUE,REGISTER_CONNECTION_DIFFICULT,REGISTER_CONNECTION,REGISTER_CONNECTION,REGISTER_CONNECTION,REGISTER_CONNECTION,0.916,EXPECTED_SHARED_PROTOCOL,True,True,False,False,True,False,True,True,SOVT_GLIDE,SOVT_GLIDE
99023e55f0f5,PITCH_UNSTABLE,REGISTER_CONNECTION_DIFFICULT,REGISTER_CONNECTION,REGISTER_CONNECTION,REGISTER_CONNECTION,REGISTER_CONNECTION,0.9367,EXPECTED_SHARED_PROTOCOL,True,True,True,False,True,False,True,True,SOVT_GLIDE,SOVT_GLIDE
9e6b39daf637,HIGH_NOTE_TOO_EFFORTFUL,HIGH_NOTE_FLIPS,REGISTER_CONNECTION,REGISTER_CONNECTION,REGISTER_CONNECTION,REGISTER_CONNECTION,0.9437,EXPECTED_SHARED_PROTOCOL,True,True,True,True,True,False,True,True,SOVT_GLIDE,SOVT_GLIDE
9e6b39daf637,HIGH_NOTE_UNSTABLE,PITCH_UNSTABLE,STABILITY,STABILITY,STABILITY,STABILITY,0.9048,EXPECTED_SHARED_PROTOCOL,True,True,False,False,True,False,True,True,SUSTAIN_HOLD,SUSTAIN_HOLD
9e6b39daf637,HIGH_NOTE_UNSTABLE,REGISTER_CONNECTION_DIFFICULT,STABILITY,STABILITY,STABILITY,STABILITY,0.8855,EXPECTED_SHARED_PROTOCOL,True,True,False,False,True,False,True,True,SUSTAIN_HOLD,SUSTAIN_HOLD
9e6b39daf637,THROAT_EFFORT,LOUD_VOICE_DIFFICULT,EFFORT,EFFORT,MAINTAIN,MAINTAIN,0.8819,EXPECTED_SHARED_PROTOCOL,True,True,True,False,True,False,True,True,SUSTAIN_HOLD,SUSTAIN_HOLD
9e6b39daf637,THROAT_EFFORT,VOCAL_FATIGUE,EFFORT,EFFORT,MAINTAIN,MAINTAIN,0.9206,EXPECTED_SHARED_PROTOCOL,True,True,True,False,True,False,True,True,SUSTAIN_HOLD,SUSTAIN_HOLD
9e6b39daf637,LOUD_VOICE_DIFFICULT,VOCAL_FATIGUE,EFFORT,EFFORT,MAINTAIN,MAINTAIN,0.8819,EXPECTED_SHARED_PROTOCOL,True,True,True,False,True,False,True,True,SUSTAIN_HOLD,SUSTAIN_HOLD
9e6b39daf637,LOUD_VOICE_DIFFICULT,AFTER_SINGING_FATIGUE,EFFORT,EFFORT,MAINTAIN,MAINTAIN,0.8837,EXPECTED_SHARED_PROTOCOL,True,True,True,False,True,False,True,True,SUSTAIN_HOLD,SUSTAIN_HOLD
9e6b39daf637,VOCAL_FATIGUE,AFTER_SINGING_FATIGUE,EFFORT,EFFORT,MAINTAIN,MAINTAIN,0.9219,EXPECTED_SHARED_PROTOCOL,True,True,True,False,True,False,True,True,SUSTAIN_HOLD,SUSTAIN_HOLD
9e6b39daf637,PITCH_UNSTABLE,REGISTER_CONNECTION_DIFFICULT,STABILITY,STABILITY,STABILITY,STABILITY,0.8855,EXPECTED_SHARED_PROTOCOL,True,True,True,False,True,False,True,True,SUSTAIN_HOLD,SUSTAIN_HOLD
a29f829eedd0,HIGH_NOTE_CANNOT_REACH,HIGH_NOTE_TOO_EFFORTFUL,REGISTER_CONNECTION,REGISTER_CONNECTION,REGISTER_CONNECTION,REGISTER_CONNECTION,0.9442,EXPECTED_SHARED_PROTOCOL,True,True,True,True,True,False,True,True,SOVT_GLIDE,SOVT_GLIDE
a29f829eedd0,HIGH_NOTE_CANNOT_REACH,HIGH_NOTE_FLIPS,REGISTER_CONNECTION,REGISTER_CONNECTION,REGISTER_CONNECTION,REGISTER_CONNECTION,0.9561,EXPECTED_SHARED_PROTOCOL,True,True,True,True,True,False,True,True,SOVT_GLIDE,SOVT_GLIDE
a29f829eedd0,HIGH_NOTE_CANNOT_REACH,HIGH_NOTE_UNSTABLE,REGISTER_CONNECTION,REGISTER_CONNECTION,REGISTER_CONNECTION,REGISTER_CONNECTION,0.9697,EXPECTED_SHARED_PROTOCOL,True,True,True,True,True,False,True,True,SOVT_GLIDE,SOVT_GLIDE
a29f829eedd0,HIGH_NOTE_CANNOT_REACH,THROAT_EFFORT,REGISTER_CONNECTION,REGISTER_CONNECTION,REGISTER_CONNECTION,REGISTER_CONNECTION,0.9391,EXPECTED_SHARED_PROTOCOL,True,True,True,False,True,False,True,True,SOVT_GLIDE,SOVT_GLIDE
a29f829eedd0,HIGH_NOTE_CANNOT_REACH,LOUD_VOICE_DIFFICULT,REGISTER_CONNECTION,REGISTER_CONNECTION,REGISTER_CONNECTION,REGISTER_CONNECTION,0.9524,EXPECTED_SHARED_PROTOCOL,True,True,True,False,True,False,True,True,SOVT_GLIDE,SOVT_GLIDE
a29f829eedd0,HIGH_NOTE_CANNOT_REACH,VOCAL_FATIGUE,REGISTER_CONNECTION,REGISTER_CONNECTION,REGISTER_CONNECTION,REGISTER_CONNECTION,0.9391,EXPECTED_SHARED_PROTOCOL,True,True,True,False,True,False,True,True,SOVT_GLIDE,SOVT_GLIDE
a29f829eedd0,HIGH_NOTE_CANNOT_REACH,AFTER_SINGING_FATIGUE,REGISTER_CONNECTION,REGISTER_CONNECTION,REGISTER_CONNECTION,REGISTER_CONNECTION,0.9397,EXPECTED_SHARED_PROTOCOL,True,True,True,False,True,False,True,True,SOVT_GLIDE,SOVT_GLIDE
a29f829eedd0,HIGH_NOTE_CANNOT_REACH,PITCH_UNSTABLE,REGISTER_CONNECTION,REGISTER_CONNECTION,REGISTER_CONNECTION,REGISTER_CONNECTION,0.9437,EXPECTED_SHARED_PROTOCOL,True,True,False,False,True,False,True,True,SOVT_GLIDE,SOVT_GLIDE
a29f829eedd0,HIGH_NOTE_CANNOT_REACH,REGISTER_CONNECTION_DIFFICULT,REGISTER_CONNECTION,REGISTER_CONNECTION,REGISTER_CONNECTION,REGISTER_CONNECTION,0.9407,EXPECTED_SHARED_PROTOCOL,True,True,False,False,True,False,True,True,SOVT_GLIDE,SOVT_GLIDE
a29f829eedd0,HIGH_NOTE_TOO_EFFORTFUL,HIGH_NOTE_FLIPS,REGISTER_CONNECTION,REGISTER_CONNECTION,REGISTER_CONNECTION,REGISTER_CONNECTION,0.9437,EXPECTED_SHARED_PROTOCOL,True,True,True,True,True,False,True,True,SOVT_GLIDE,SOVT_GLIDE
a29f829eedd0,HIGH_NOTE_TOO_EFFORTFUL,HIGH_NOTE_UNSTABLE,REGISTER_CONNECTION,REGISTER_CONNECTION,REGISTER_CONNECTION,REGISTER_CONNECTION,0.9487,EXPECTED_SHARED_PROTOCOL,True,True,True,True,True,False,True,True,SOVT_GLIDE,SOVT_GLIDE
a29f829eedd0,HIGH_NOTE_TOO_EFFORTFUL,THROAT_EFFORT,REGISTER_CONNECTION,REGISTER_CONNECTION,REGISTER_CONNECTION,REGISTER_CONNECTION,0.9356,EXPECTED_SHARED_PROTOCOL,True,True,True,False,True,False,True,True,SOVT_GLIDE,SOVT_GLIDE
a29f829eedd0,HIGH_NOTE_TOO_EFFORTFUL,LOUD_VOICE_DIFFICULT,REGISTER_CONNECTION,REGISTER_CONNECTION,REGISTER_CONNECTION,REGISTER_CONNECTION,0.9316,EXPECTED_SHARED_PROTOCOL,True,True,True,False,True,False,True,True,SOVT_GLIDE,SOVT_GLIDE
a29f829eedd0,HIGH_NOTE_TOO_EFFORTFUL,VOCAL_FATIGUE,REGISTER_CONNECTION,REGISTER_CONNECTION,REGISTER_CONNECTION,REGISTER_CONNECTION,0.9442,EXPECTED_SHARED_PROTOCOL,True,True,True,False,True,False,True,True,SOVT_GLIDE,SOVT_GLIDE
a29f829eedd0,HIGH_NOTE_TOO_EFFORTFUL,AFTER_SINGING_FATIGUE,REGISTER_CONNECTION,REGISTER_CONNECTION,REGISTER_CONNECTION,REGISTER_CONNECTION,0.9277,EXPECTED_SHARED_PROTOCOL,True,True,True,False,True,False,True,True,SOVT_GLIDE,SOVT_GLIDE
a29f829eedd0,HIGH_NOTE_TOO_EFFORTFUL,PITCH_UNSTABLE,REGISTER_CONNECTION,REGISTER_CONNECTION,REGISTER_CONNECTION,REGISTER_CONNECTION,0.9487,EXPECTED_SHARED_PROTOCOL,True,True,False,False,True,False,True,True,SOVT_GLIDE,SOVT_GLIDE
a29f829eedd0,HIGH_NOTE_TOO_EFFORTFUL,REGISTER_CONNECTION_DIFFICULT,REGISTER_CONNECTION,REGISTER_CONNECTION,REGISTER_CONNECTION,REGISTER_CONNECTION,0.9372,EXPECTED_SHARED_PROTOCOL,True,True,False,False,True,False,True,True,SOVT_GLIDE,SOVT_GLIDE
a29f829eedd0,HIGH_NOTE_FLIPS,HIGH_NOTE_UNSTABLE,REGISTER_CONNECTION,REGISTER_CONNECTION,REGISTER_CONNECTION,REGISTER_CONNECTION,0.9607,EXPECTED_SHARED_PROTOCOL,True,True,True,True,True,False,True,True,SOVT_GLIDE,SOVT_GLIDE
a29f829eedd0,HIGH_NOTE_FLIPS,THROAT_EFFORT,REGISTER_CONNECTION,REGISTER_CONNECTION,REGISTER_CONNECTION,REGISTER_CONNECTION,0.9386,EXPECTED_SHARED_PROTOCOL,True,True,True,False,True,False,True,True,SOVT_GLIDE,SOVT_GLIDE
a29f829eedd0,HIGH_NOTE_FLIPS,LOUD_VOICE_DIFFICULT,REGISTER_CONNECTION,REGISTER_CONNECTION,REGISTER_CONNECTION,REGISTER_CONNECTION,0.9432,EXPECTED_SHARED_PROTOCOL,True,True,True,False,True,False,True,True,SOVT_GLIDE,SOVT_GLIDE
a29f829eedd0,HIGH_NOTE_FLIPS,VOCAL_FATIGUE,REGISTER_CONNECTION,REGISTER_CONNECTION,REGISTER_CONNECTION,REGISTER_CONNECTION,0.9474,EXPECTED_SHARED_PROTOCOL,True,True,True,False,True,False,True,True,SOVT_GLIDE,SOVT_GLIDE
a29f829eedd0,HIGH_NOTE_FLIPS,AFTER_SINGING_FATIGUE,REGISTER_CONNECTION,REGISTER_CONNECTION,REGISTER_CONNECTION,REGISTER_CONNECTION,0.9565,EXPECTED_SHARED_PROTOCOL,True,True,True,False,True,False,True,True,SOVT_GLIDE,SOVT_GLIDE
a29f829eedd0,HIGH_NOTE_FLIPS,PITCH_UNSTABLE,REGISTER_CONNECTION,REGISTER_CONNECTION,REGISTER_CONNECTION,REGISTER_CONNECTION,0.952,EXPECTED_SHARED_PROTOCOL,True,True,False,False,True,False,True,True,SOVT_GLIDE,SOVT_GLIDE
a29f829eedd0,HIGH_NOTE_FLIPS,REGISTER_CONNECTION_DIFFICULT,REGISTER_CONNECTION,REGISTER_CONNECTION,REGISTER_CONNECTION,REGISTER_CONNECTION,0.9231,EXPECTED_SHARED_PROTOCOL,True,True,False,False,True,False,True,True,SOVT_GLIDE,SOVT_GLIDE
a29f829eedd0,HIGH_NOTE_THINS,TIMBRE_CHANGES_HIGH,REGISTER_CONNECTION,REGISTER_CONNECTION,REGISTER_CONNECTION,REGISTER_CONNECTION,0.9246,EXPECTED_SHARED_PROTOCOL,True,True,True,False,True,False,True,True,SOVT_GLIDE,SOVT_GLIDE
a29f829eedd0,HIGH_NOTE_UNSTABLE,THROAT_EFFORT,REGISTER_CONNECTION,REGISTER_CONNECTION,REGISTER_CONNECTION,REGISTER_CONNECTION,0.9351,EXPECTED_SHARED_PROTOCOL,True,True,True,False,True,False,True,True,SOVT_GLIDE,SOVT_GLIDE
a29f829eedd0,HIGH_NOTE_UNSTABLE,LOUD_VOICE_DIFFICULT,REGISTER_CONNECTION,REGISTER_CONNECTION,REGISTER_CONNECTION,REGISTER_CONNECTION,0.9397,EXPECTED_SHARED_PROTOCOL,True,True,True,False,True,False,True,True,SOVT_GLIDE,SOVT_GLIDE
a29f829eedd0,HIGH_NOTE_UNSTABLE,VOCAL_FATIGUE,REGISTER_CONNECTION,REGISTER_CONNECTION,REGISTER_CONNECTION,REGISTER_CONNECTION,0.9351,EXPECTED_SHARED_PROTOCOL,True,True,True,False,True,False,True,True,SOVT_GLIDE,SOVT_GLIDE
a29f829eedd0,HIGH_NOTE_UNSTABLE,AFTER_SINGING_FATIGUE,REGISTER_CONNECTION,REGISTER_CONNECTION,REGISTER_CONNECTION,REGISTER_CONNECTION,0.9442,EXPECTED_SHARED_PROTOCOL,True,True,True,False,True,False,True,True,SOVT_GLIDE,SOVT_GLIDE
a29f829eedd0,HIGH_NOTE_UNSTABLE,PITCH_UNSTABLE,REGISTER_CONNECTION,REGISTER_CONNECTION,REGISTER_CONNECTION,REGISTER_CONNECTION,0.9483,EXPECTED_SHARED_PROTOCOL,True,True,False,False,True,False,True,True,SOVT_GLIDE,SOVT_GLIDE
a29f829eedd0,HIGH_NOTE_UNSTABLE,REGISTER_CONNECTION_DIFFICULT,REGISTER_CONNECTION,REGISTER_CONNECTION,REGISTER_CONNECTION,REGISTER_CONNECTION,0.9367,EXPECTED_SHARED_PROTOCOL,True,True,False,False,True,False,True,True,SOVT_GLIDE,SOVT_GLIDE
a29f829eedd0,THROAT_EFFORT,LOUD_VOICE_DIFFICULT,REGISTER_CONNECTION,REGISTER_CONNECTION,REGISTER_CONNECTION,REGISTER_CONNECTION,0.9351,EXPECTED_SHARED_PROTOCOL,True,True,True,False,True,False,True,True,SOVT_GLIDE,SOVT_GLIDE
a29f829eedd0,THROAT_EFFORT,VOCAL_FATIGUE,REGISTER_CONNECTION,REGISTER_CONNECTION,REGISTER_CONNECTION,REGISTER_CONNECTION,0.9565,EXPECTED_SHARED_PROTOCOL,True,True,True,False,True,False,True,True,SOVT_GLIDE,SOVT_GLIDE
a29f829eedd0,THROAT_EFFORT,AFTER_SINGING_FATIGUE,REGISTER_CONNECTION,REGISTER_CONNECTION,REGISTER_CONNECTION,REGISTER_CONNECTION,0.931,EXPECTED_SHARED_PROTOCOL,True,True,True,False,True,False,True,True,SOVT_GLIDE,SOVT_GLIDE
a29f829eedd0,THROAT_EFFORT,PITCH_UNSTABLE,REGISTER_CONNECTION,REGISTER_CONNECTION,REGISTER_CONNECTION,REGISTER_CONNECTION,0.9437,EXPECTED_SHARED_PROTOCOL,True,True,False,False,True,False,True,True,SOVT_GLIDE,SOVT_GLIDE
a29f829eedd0,THROAT_EFFORT,REGISTER_CONNECTION_DIFFICULT,REGISTER_CONNECTION,REGISTER_CONNECTION,REGISTER_CONNECTION,REGISTER_CONNECTION,0.9407,EXPECTED_SHARED_PROTOCOL,True,True,False,False,True,False,True,True,SOVT_GLIDE,SOVT_GLIDE
a29f829eedd0,LOUD_VOICE_DIFFICULT,VOCAL_FATIGUE,REGISTER_CONNECTION,REGISTER_CONNECTION,REGISTER_CONNECTION,REGISTER_CONNECTION,0.9351,EXPECTED_SHARED_PROTOCOL,True,True,True,False,True,False,True,True,SOVT_GLIDE,SOVT_GLIDE
a29f829eedd0,LOUD_VOICE_DIFFICULT,AFTER_SINGING_FATIGUE,REGISTER_CONNECTION,REGISTER_CONNECTION,REGISTER_CONNECTION,REGISTER_CONNECTION,0.9356,EXPECTED_SHARED_PROTOCOL,True,True,True,False,True,False,True,True,SOVT_GLIDE,SOVT_GLIDE
a29f829eedd0,LOUD_VOICE_DIFFICULT,PITCH_UNSTABLE,REGISTER_CONNECTION,REGISTER_CONNECTION,REGISTER_CONNECTION,REGISTER_CONNECTION,0.931,EXPECTED_SHARED_PROTOCOL,True,True,False,False,True,False,True,True,SOVT_GLIDE,SOVT_GLIDE
a29f829eedd0,LOUD_VOICE_DIFFICULT,REGISTER_CONNECTION_DIFFICULT,REGISTER_CONNECTION,REGISTER_CONNECTION,REGISTER_CONNECTION,REGISTER_CONNECTION,0.9114,EXPECTED_SHARED_PROTOCOL,True,True,False,False,True,False,True,True,SOVT_GLIDE,SOVT_GLIDE
a29f829eedd0,VOCAL_FATIGUE,AFTER_SINGING_FATIGUE,REGISTER_CONNECTION,REGISTER_CONNECTION,REGISTER_CONNECTION,REGISTER_CONNECTION,0.9569,EXPECTED_SHARED_PROTOCOL,True,True,True,False,True,False,True,True,SOVT_GLIDE,SOVT_GLIDE
a29f829eedd0,VOCAL_FATIGUE,PITCH_UNSTABLE,REGISTER_CONNECTION,REGISTER_CONNECTION,REGISTER_CONNECTION,REGISTER_CONNECTION,0.9524,EXPECTED_SHARED_PROTOCOL,True,True,False,False,True,False,True,True,SOVT_GLIDE,SOVT_GLIDE
a29f829eedd0,VOCAL_FATIGUE,REGISTER_CONNECTION_DIFFICULT,REGISTER_CONNECTION,REGISTER_CONNECTION,REGISTER_CONNECTION,REGISTER_CONNECTION,0.9237,EXPECTED_SHARED_PROTOCOL,True,True,False,False,True,False,True,True,SOVT_GLIDE,SOVT_GLIDE
a29f829eedd0,AFTER_SINGING_FATIGUE,PITCH_UNSTABLE,REGISTER_CONNECTION,REGISTER_CONNECTION,REGISTER_CONNECTION,REGISTER_CONNECTION,0.927,EXPECTED_SHARED_PROTOCOL,True,True,False,False,True,False,True,True,SOVT_GLIDE,SOVT_GLIDE
a29f829eedd0,AFTER_SINGING_FATIGUE,REGISTER_CONNECTION_DIFFICULT,REGISTER_CONNECTION,REGISTER_CONNECTION,REGISTER_CONNECTION,REGISTER_CONNECTION,0.916,EXPECTED_SHARED_PROTOCOL,True,True,False,False,True,False,True,True,SOVT_GLIDE,SOVT_GLIDE
a29f829eedd0,PITCH_UNSTABLE,REGISTER_CONNECTION_DIFFICULT,REGISTER_CONNECTION,REGISTER_CONNECTION,REGISTER_CONNECTION,REGISTER_CONNECTION,0.9367,EXPECTED_SHARED_PROTOCOL,True,True,True,False,True,False,True,True,SOVT_GLIDE,SOVT_GLIDE
a69d81db3e48,HIGH_NOTE_CANNOT_REACH,HIGH_NOTE_TOO_EFFORTFUL,REGISTER_CONNECTION,REGISTER_CONNECTION,REGISTER_CONNECTION,REGISTER_CONNECTION,0.9442,EXPECTED_SHARED_PROTOCOL,True,True,True,True,True,False,True,True,SOVT_GLIDE,SOVT_GLIDE
a69d81db3e48,HIGH_NOTE_CANNOT_REACH,HIGH_NOTE_FLIPS,REGISTER_CONNECTION,REGISTER_CONNECTION,REGISTER_CONNECTION,REGISTER_CONNECTION,0.9561,EXPECTED_SHARED_PROTOCOL,True,True,True,True,True,False,True,True,SOVT_GLIDE,SOVT_GLIDE
a69d81db3e48,HIGH_NOTE_CANNOT_REACH,HIGH_NOTE_UNSTABLE,REGISTER_CONNECTION,REGISTER_CONNECTION,REGISTER_CONNECTION,REGISTER_CONNECTION,0.9697,EXPECTED_SHARED_PROTOCOL,True,True,True,True,True,False,True,True,SOVT_GLIDE,SOVT_GLIDE
a69d81db3e48,HIGH_NOTE_CANNOT_REACH,THROAT_EFFORT,REGISTER_CONNECTION,REGISTER_CONNECTION,REGISTER_CONNECTION,REGISTER_CONNECTION,0.9391,EXPECTED_SHARED_PROTOCOL,True,True,True,False,True,False,True,True,SOVT_GLIDE,SOVT_GLIDE
a69d81db3e48,HIGH_NOTE_CANNOT_REACH,LOUD_VOICE_DIFFICULT,REGISTER_CONNECTION,REGISTER_CONNECTION,REGISTER_CONNECTION,REGISTER_CONNECTION,0.9524,EXPECTED_SHARED_PROTOCOL,True,True,True,False,True,False,True,True,SOVT_GLIDE,SOVT_GLIDE
a69d81db3e48,HIGH_NOTE_CANNOT_REACH,VOCAL_FATIGUE,REGISTER_CONNECTION,REGISTER_CONNECTION,REGISTER_CONNECTION,REGISTER_CONNECTION,0.9391,EXPECTED_SHARED_PROTOCOL,True,True,True,False,True,False,True,True,SOVT_GLIDE,SOVT_GLIDE
a69d81db3e48,HIGH_NOTE_CANNOT_REACH,AFTER_SINGING_FATIGUE,REGISTER_CONNECTION,REGISTER_CONNECTION,REGISTER_CONNECTION,REGISTER_CONNECTION,0.9397,EXPECTED_SHARED_PROTOCOL,True,True,True,False,True,False,True,True,SOVT_GLIDE,SOVT_GLIDE
a69d81db3e48,HIGH_NOTE_CANNOT_REACH,PITCH_UNSTABLE,REGISTER_CONNECTION,REGISTER_CONNECTION,REGISTER_CONNECTION,REGISTER_CONNECTION,0.9437,EXPECTED_SHARED_PROTOCOL,True,True,False,False,True,False,True,True,SOVT_GLIDE,SOVT_GLIDE
a69d81db3e48,HIGH_NOTE_CANNOT_REACH,REGISTER_CONNECTION_DIFFICULT,REGISTER_CONNECTION,REGISTER_CONNECTION,REGISTER_CONNECTION,REGISTER_CONNECTION,0.9407,EXPECTED_SHARED_PROTOCOL,True,True,False,False,True,False,True,True,SOVT_GLIDE,SOVT_GLIDE
a69d81db3e48,HIGH_NOTE_TOO_EFFORTFUL,HIGH_NOTE_FLIPS,REGISTER_CONNECTION,REGISTER_CONNECTION,REGISTER_CONNECTION,REGISTER_CONNECTION,0.9437,EXPECTED_SHARED_PROTOCOL,True,True,True,True,True,False,True,True,SOVT_GLIDE,SOVT_GLIDE
a69d81db3e48,HIGH_NOTE_TOO_EFFORTFUL,HIGH_NOTE_UNSTABLE,REGISTER_CONNECTION,REGISTER_CONNECTION,REGISTER_CONNECTION,REGISTER_CONNECTION,0.9487,EXPECTED_SHARED_PROTOCOL,True,True,True,True,True,False,True,True,SOVT_GLIDE,SOVT_GLIDE
a69d81db3e48,HIGH_NOTE_TOO_EFFORTFUL,THROAT_EFFORT,REGISTER_CONNECTION,REGISTER_CONNECTION,REGISTER_CONNECTION,REGISTER_CONNECTION,0.9356,EXPECTED_SHARED_PROTOCOL,True,True,True,False,True,False,True,True,SOVT_GLIDE,SOVT_GLIDE
a69d81db3e48,HIGH_NOTE_TOO_EFFORTFUL,LOUD_VOICE_DIFFICULT,REGISTER_CONNECTION,REGISTER_CONNECTION,REGISTER_CONNECTION,REGISTER_CONNECTION,0.9316,EXPECTED_SHARED_PROTOCOL,True,True,True,False,True,False,True,True,SOVT_GLIDE,SOVT_GLIDE
a69d81db3e48,HIGH_NOTE_TOO_EFFORTFUL,VOCAL_FATIGUE,REGISTER_CONNECTION,REGISTER_CONNECTION,REGISTER_CONNECTION,REGISTER_CONNECTION,0.9442,EXPECTED_SHARED_PROTOCOL,True,True,True,False,True,False,True,True,SOVT_GLIDE,SOVT_GLIDE
a69d81db3e48,HIGH_NOTE_TOO_EFFORTFUL,AFTER_SINGING_FATIGUE,REGISTER_CONNECTION,REGISTER_CONNECTION,REGISTER_CONNECTION,REGISTER_CONNECTION,0.9277,EXPECTED_SHARED_PROTOCOL,True,True,True,False,True,False,True,True,SOVT_GLIDE,SOVT_GLIDE
a69d81db3e48,HIGH_NOTE_TOO_EFFORTFUL,PITCH_UNSTABLE,REGISTER_CONNECTION,REGISTER_CONNECTION,REGISTER_CONNECTION,REGISTER_CONNECTION,0.9487,EXPECTED_SHARED_PROTOCOL,True,True,False,False,True,False,True,True,SOVT_GLIDE,SOVT_GLIDE
a69d81db3e48,HIGH_NOTE_TOO_EFFORTFUL,REGISTER_CONNECTION_DIFFICULT,REGISTER_CONNECTION,REGISTER_CONNECTION,REGISTER_CONNECTION,REGISTER_CONNECTION,0.9372,EXPECTED_SHARED_PROTOCOL,True,True,False,False,True,False,True,True,SOVT_GLIDE,SOVT_GLIDE
a69d81db3e48,HIGH_NOTE_FLIPS,HIGH_NOTE_UNSTABLE,REGISTER_CONNECTION,REGISTER_CONNECTION,REGISTER_CONNECTION,REGISTER_CONNECTION,0.9607,EXPECTED_SHARED_PROTOCOL,True,True,True,True,True,False,True,True,SOVT_GLIDE,SOVT_GLIDE
a69d81db3e48,HIGH_NOTE_FLIPS,THROAT_EFFORT,REGISTER_CONNECTION,REGISTER_CONNECTION,REGISTER_CONNECTION,REGISTER_CONNECTION,0.9386,EXPECTED_SHARED_PROTOCOL,True,True,True,False,True,False,True,True,SOVT_GLIDE,SOVT_GLIDE
a69d81db3e48,HIGH_NOTE_FLIPS,LOUD_VOICE_DIFFICULT,REGISTER_CONNECTION,REGISTER_CONNECTION,REGISTER_CONNECTION,REGISTER_CONNECTION,0.9432,EXPECTED_SHARED_PROTOCOL,True,True,True,False,True,False,True,True,SOVT_GLIDE,SOVT_GLIDE
a69d81db3e48,HIGH_NOTE_FLIPS,VOCAL_FATIGUE,REGISTER_CONNECTION,REGISTER_CONNECTION,REGISTER_CONNECTION,REGISTER_CONNECTION,0.9474,EXPECTED_SHARED_PROTOCOL,True,True,True,False,True,False,True,True,SOVT_GLIDE,SOVT_GLIDE
a69d81db3e48,HIGH_NOTE_FLIPS,AFTER_SINGING_FATIGUE,REGISTER_CONNECTION,REGISTER_CONNECTION,REGISTER_CONNECTION,REGISTER_CONNECTION,0.9565,EXPECTED_SHARED_PROTOCOL,True,True,True,False,True,False,True,True,SOVT_GLIDE,SOVT_GLIDE
a69d81db3e48,HIGH_NOTE_FLIPS,PITCH_UNSTABLE,REGISTER_CONNECTION,REGISTER_CONNECTION,REGISTER_CONNECTION,REGISTER_CONNECTION,0.952,EXPECTED_SHARED_PROTOCOL,True,True,False,False,True,False,True,True,SOVT_GLIDE,SOVT_GLIDE
a69d81db3e48,HIGH_NOTE_FLIPS,REGISTER_CONNECTION_DIFFICULT,REGISTER_CONNECTION,REGISTER_CONNECTION,REGISTER_CONNECTION,REGISTER_CONNECTION,0.9231,EXPECTED_SHARED_PROTOCOL,True,True,False,False,True,False,True,True,SOVT_GLIDE,SOVT_GLIDE
a69d81db3e48,HIGH_NOTE_THINS,TIMBRE_CHANGES_HIGH,REGISTER_CONNECTION,REGISTER_CONNECTION,REGISTER_CONNECTION,REGISTER_CONNECTION,0.9246,EXPECTED_SHARED_PROTOCOL,True,True,True,False,True,False,False,True,SOVT_GLIDE,SOVT_GLIDE
a69d81db3e48,HIGH_NOTE_UNSTABLE,THROAT_EFFORT,REGISTER_CONNECTION,REGISTER_CONNECTION,REGISTER_CONNECTION,REGISTER_CONNECTION,0.9351,EXPECTED_SHARED_PROTOCOL,True,True,True,False,True,False,True,True,SOVT_GLIDE,SOVT_GLIDE
a69d81db3e48,HIGH_NOTE_UNSTABLE,LOUD_VOICE_DIFFICULT,REGISTER_CONNECTION,REGISTER_CONNECTION,REGISTER_CONNECTION,REGISTER_CONNECTION,0.9397,EXPECTED_SHARED_PROTOCOL,True,True,True,False,True,False,True,True,SOVT_GLIDE,SOVT_GLIDE
a69d81db3e48,HIGH_NOTE_UNSTABLE,VOCAL_FATIGUE,REGISTER_CONNECTION,REGISTER_CONNECTION,REGISTER_CONNECTION,REGISTER_CONNECTION,0.9351,EXPECTED_SHARED_PROTOCOL,True,True,True,False,True,False,True,True,SOVT_GLIDE,SOVT_GLIDE
a69d81db3e48,HIGH_NOTE_UNSTABLE,AFTER_SINGING_FATIGUE,REGISTER_CONNECTION,REGISTER_CONNECTION,REGISTER_CONNECTION,REGISTER_CONNECTION,0.9442,EXPECTED_SHARED_PROTOCOL,True,True,True,False,True,False,True,True,SOVT_GLIDE,SOVT_GLIDE
a69d81db3e48,HIGH_NOTE_UNSTABLE,PITCH_UNSTABLE,REGISTER_CONNECTION,REGISTER_CONNECTION,REGISTER_CONNECTION,REGISTER_CONNECTION,0.9483,EXPECTED_SHARED_PROTOCOL,True,True,False,False,True,False,True,True,SOVT_GLIDE,SOVT_GLIDE
a69d81db3e48,HIGH_NOTE_UNSTABLE,REGISTER_CONNECTION_DIFFICULT,REGISTER_CONNECTION,REGISTER_CONNECTION,REGISTER_CONNECTION,REGISTER_CONNECTION,0.9367,EXPECTED_SHARED_PROTOCOL,True,True,False,False,True,False,True,True,SOVT_GLIDE,SOVT_GLIDE
a69d81db3e48,THROAT_EFFORT,LOUD_VOICE_DIFFICULT,REGISTER_CONNECTION,REGISTER_CONNECTION,REGISTER_CONNECTION,REGISTER_CONNECTION,0.9351,EXPECTED_SHARED_PROTOCOL,True,True,True,False,True,False,True,True,SOVT_GLIDE,SOVT_GLIDE
a69d81db3e48,THROAT_EFFORT,VOCAL_FATIGUE,REGISTER_CONNECTION,REGISTER_CONNECTION,REGISTER_CONNECTION,REGISTER_CONNECTION,0.9565,EXPECTED_SHARED_PROTOCOL,True,True,True,False,True,False,True,True,SOVT_GLIDE,SOVT_GLIDE
a69d81db3e48,THROAT_EFFORT,AFTER_SINGING_FATIGUE,REGISTER_CONNECTION,REGISTER_CONNECTION,REGISTER_CONNECTION,REGISTER_CONNECTION,0.931,EXPECTED_SHARED_PROTOCOL,True,True,True,False,True,False,True,True,SOVT_GLIDE,SOVT_GLIDE
a69d81db3e48,THROAT_EFFORT,PITCH_UNSTABLE,REGISTER_CONNECTION,REGISTER_CONNECTION,REGISTER_CONNECTION,REGISTER_CONNECTION,0.9437,EXPECTED_SHARED_PROTOCOL,True,True,False,False,True,False,True,True,SOVT_GLIDE,SOVT_GLIDE
a69d81db3e48,THROAT_EFFORT,REGISTER_CONNECTION_DIFFICULT,REGISTER_CONNECTION,REGISTER_CONNECTION,REGISTER_CONNECTION,REGISTER_CONNECTION,0.9407,EXPECTED_SHARED_PROTOCOL,True,True,False,False,True,False,True,True,SOVT_GLIDE,SOVT_GLIDE
a69d81db3e48,LOUD_VOICE_DIFFICULT,VOCAL_FATIGUE,REGISTER_CONNECTION,REGISTER_CONNECTION,REGISTER_CONNECTION,REGISTER_CONNECTION,0.9351,EXPECTED_SHARED_PROTOCOL,True,True,True,False,True,False,True,True,SOVT_GLIDE,SOVT_GLIDE
a69d81db3e48,LOUD_VOICE_DIFFICULT,AFTER_SINGING_FATIGUE,REGISTER_CONNECTION,REGISTER_CONNECTION,REGISTER_CONNECTION,REGISTER_CONNECTION,0.9356,EXPECTED_SHARED_PROTOCOL,True,True,True,False,True,False,True,True,SOVT_GLIDE,SOVT_GLIDE
a69d81db3e48,LOUD_VOICE_DIFFICULT,PITCH_UNSTABLE,REGISTER_CONNECTION,REGISTER_CONNECTION,REGISTER_CONNECTION,REGISTER_CONNECTION,0.931,EXPECTED_SHARED_PROTOCOL,True,True,False,False,True,False,True,True,SOVT_GLIDE,SOVT_GLIDE
a69d81db3e48,LOUD_VOICE_DIFFICULT,REGISTER_CONNECTION_DIFFICULT,REGISTER_CONNECTION,REGISTER_CONNECTION,REGISTER_CONNECTION,REGISTER_CONNECTION,0.9114,EXPECTED_SHARED_PROTOCOL,True,True,False,False,True,False,True,True,SOVT_GLIDE,SOVT_GLIDE
a69d81db3e48,VOCAL_FATIGUE,AFTER_SINGING_FATIGUE,REGISTER_CONNECTION,REGISTER_CONNECTION,REGISTER_CONNECTION,REGISTER_CONNECTION,0.9569,EXPECTED_SHARED_PROTOCOL,True,True,True,False,True,False,True,True,SOVT_GLIDE,SOVT_GLIDE
a69d81db3e48,VOCAL_FATIGUE,PITCH_UNSTABLE,REGISTER_CONNECTION,REGISTER_CONNECTION,REGISTER_CONNECTION,REGISTER_CONNECTION,0.9524,EXPECTED_SHARED_PROTOCOL,True,True,False,False,True,False,True,True,SOVT_GLIDE,SOVT_GLIDE
a69d81db3e48,VOCAL_FATIGUE,REGISTER_CONNECTION_DIFFICULT,REGISTER_CONNECTION,REGISTER_CONNECTION,REGISTER_CONNECTION,REGISTER_CONNECTION,0.9237,EXPECTED_SHARED_PROTOCOL,True,True,False,False,True,False,True,True,SOVT_GLIDE,SOVT_GLIDE
a69d81db3e48,AFTER_SINGING_FATIGUE,PITCH_UNSTABLE,REGISTER_CONNECTION,REGISTER_CONNECTION,REGISTER_CONNECTION,REGISTER_CONNECTION,0.927,EXPECTED_SHARED_PROTOCOL,True,True,False,False,True,False,True,True,SOVT_GLIDE,SOVT_GLIDE
a69d81db3e48,AFTER_SINGING_FATIGUE,REGISTER_CONNECTION_DIFFICULT,REGISTER_CONNECTION,REGISTER_CONNECTION,REGISTER_CONNECTION,REGISTER_CONNECTION,0.916,EXPECTED_SHARED_PROTOCOL,True,True,False,False,True,False,True,True,SOVT_GLIDE,SOVT_GLIDE
a69d81db3e48,VOICE_TOO_SHARP,VOICE_ROUGH,REGISTER_CONNECTION,REGISTER_CONNECTION,REGISTER_CONNECTION,REGISTER_CONNECTION,0.9529,EXPECTED_SHARED_PROTOCOL,True,True,True,True,True,False,True,True,REGISTER_CONNECTION,REGISTER_CONNECTION
a69d81db3e48,PITCH_UNSTABLE,REGISTER_CONNECTION_DIFFICULT,REGISTER_CONNECTION,REGISTER_CONNECTION,REGISTER_CONNECTION,REGISTER_CONNECTION,0.9367,EXPECTED_SHARED_PROTOCOL,True,True,True,False,True,False,True,True,SOVT_GLIDE,SOVT_GLIDE
a77ba822cbfe,HIGH_NOTE_TOO_EFFORTFUL,HIGH_NOTE_FLIPS,REGISTER_CONNECTION,REGISTER_CONNECTION,REGISTER_CONNECTION,REGISTER_CONNECTION,0.9437,EXPECTED_SHARED_PROTOCOL,True,True,True,True,True,False,True,True,SOVT_GLIDE,SOVT_GLIDE
a77ba822cbfe,HIGH_NOTE_UNSTABLE,PITCH_UNSTABLE,STABILITY,STABILITY,STABILITY,STABILITY,0.9048,EXPECTED_SHARED_PROTOCOL,True,True,False,False,True,False,True,True,SUSTAIN_HOLD,SUSTAIN_HOLD
a77ba822cbfe,HIGH_NOTE_UNSTABLE,REGISTER_CONNECTION_DIFFICULT,STABILITY,STABILITY,STABILITY,STABILITY,0.8855,EXPECTED_SHARED_PROTOCOL,True,True,False,False,True,False,True,True,SUSTAIN_HOLD,SUSTAIN_HOLD
a77ba822cbfe,THROAT_EFFORT,LOUD_VOICE_DIFFICULT,EFFORT,EFFORT,MAINTAIN,MAINTAIN,0.8819,EXPECTED_SHARED_PROTOCOL,True,True,True,False,True,False,True,True,SUSTAIN_HOLD,SUSTAIN_HOLD
a77ba822cbfe,THROAT_EFFORT,VOCAL_FATIGUE,EFFORT,EFFORT,MAINTAIN,MAINTAIN,0.9206,EXPECTED_SHARED_PROTOCOL,True,True,True,False,True,False,True,True,SUSTAIN_HOLD,SUSTAIN_HOLD
a77ba822cbfe,LOUD_VOICE_DIFFICULT,VOCAL_FATIGUE,EFFORT,EFFORT,MAINTAIN,MAINTAIN,0.8819,EXPECTED_SHARED_PROTOCOL,True,True,True,False,True,False,True,True,SUSTAIN_HOLD,SUSTAIN_HOLD
a77ba822cbfe,LOUD_VOICE_DIFFICULT,AFTER_SINGING_FATIGUE,EFFORT,EFFORT,MAINTAIN,MAINTAIN,0.8837,EXPECTED_SHARED_PROTOCOL,True,True,True,False,True,False,True,True,SUSTAIN_HOLD,SUSTAIN_HOLD
a77ba822cbfe,VOCAL_FATIGUE,AFTER_SINGING_FATIGUE,EFFORT,EFFORT,MAINTAIN,MAINTAIN,0.9219,EXPECTED_SHARED_PROTOCOL,True,True,True,False,True,False,True,True,SUSTAIN_HOLD,SUSTAIN_HOLD
a77ba822cbfe,PITCH_UNSTABLE,REGISTER_CONNECTION_DIFFICULT,STABILITY,STABILITY,STABILITY,STABILITY,0.8855,EXPECTED_SHARED_PROTOCOL,True,True,True,False,True,False,True,True,SUSTAIN_HOLD,SUSTAIN_HOLD
a7c957603751,HIGH_NOTE_CANNOT_REACH,HIGH_NOTE_TOO_EFFORTFUL,REGISTER_CONNECTION,REGISTER_CONNECTION,REGISTER_CONNECTION,REGISTER_CONNECTION,0.9442,EXPECTED_SHARED_PROTOCOL,True,True,True,True,True,False,True,True,SOVT_GLIDE,SOVT_GLIDE
a7c957603751,HIGH_NOTE_CANNOT_REACH,HIGH_NOTE_FLIPS,REGISTER_CONNECTION,REGISTER_CONNECTION,REGISTER_CONNECTION,REGISTER_CONNECTION,0.9561,EXPECTED_SHARED_PROTOCOL,True,True,True,True,True,False,True,True,SOVT_GLIDE,SOVT_GLIDE
a7c957603751,HIGH_NOTE_CANNOT_REACH,HIGH_NOTE_UNSTABLE,REGISTER_CONNECTION,REGISTER_CONNECTION,REGISTER_CONNECTION,REGISTER_CONNECTION,0.9697,EXPECTED_SHARED_PROTOCOL,True,True,True,True,True,False,True,True,SOVT_GLIDE,SOVT_GLIDE
a7c957603751,HIGH_NOTE_CANNOT_REACH,THROAT_EFFORT,REGISTER_CONNECTION,REGISTER_CONNECTION,REGISTER_CONNECTION,REGISTER_CONNECTION,0.9391,EXPECTED_SHARED_PROTOCOL,True,True,True,False,True,False,True,True,SOVT_GLIDE,SOVT_GLIDE
a7c957603751,HIGH_NOTE_CANNOT_REACH,LOUD_VOICE_DIFFICULT,REGISTER_CONNECTION,REGISTER_CONNECTION,REGISTER_CONNECTION,REGISTER_CONNECTION,0.9524,EXPECTED_SHARED_PROTOCOL,True,True,True,False,True,False,True,True,SOVT_GLIDE,SOVT_GLIDE
a7c957603751,HIGH_NOTE_CANNOT_REACH,VOCAL_FATIGUE,REGISTER_CONNECTION,REGISTER_CONNECTION,REGISTER_CONNECTION,REGISTER_CONNECTION,0.9391,EXPECTED_SHARED_PROTOCOL,True,True,True,False,True,False,True,True,SOVT_GLIDE,SOVT_GLIDE
a7c957603751,HIGH_NOTE_CANNOT_REACH,AFTER_SINGING_FATIGUE,REGISTER_CONNECTION,REGISTER_CONNECTION,REGISTER_CONNECTION,REGISTER_CONNECTION,0.9397,EXPECTED_SHARED_PROTOCOL,True,True,True,False,True,False,True,True,SOVT_GLIDE,SOVT_GLIDE
a7c957603751,HIGH_NOTE_CANNOT_REACH,PITCH_UNSTABLE,REGISTER_CONNECTION,REGISTER_CONNECTION,REGISTER_CONNECTION,REGISTER_CONNECTION,0.9437,EXPECTED_SHARED_PROTOCOL,True,True,False,False,True,False,True,True,SOVT_GLIDE,SOVT_GLIDE
a7c957603751,HIGH_NOTE_CANNOT_REACH,REGISTER_CONNECTION_DIFFICULT,REGISTER_CONNECTION,REGISTER_CONNECTION,REGISTER_CONNECTION,REGISTER_CONNECTION,0.9407,EXPECTED_SHARED_PROTOCOL,True,True,False,False,True,False,True,True,SOVT_GLIDE,SOVT_GLIDE
a7c957603751,HIGH_NOTE_TOO_EFFORTFUL,HIGH_NOTE_FLIPS,REGISTER_CONNECTION,REGISTER_CONNECTION,REGISTER_CONNECTION,REGISTER_CONNECTION,0.9437,EXPECTED_SHARED_PROTOCOL,True,True,True,True,True,False,True,True,SOVT_GLIDE,SOVT_GLIDE
a7c957603751,HIGH_NOTE_TOO_EFFORTFUL,HIGH_NOTE_UNSTABLE,REGISTER_CONNECTION,REGISTER_CONNECTION,REGISTER_CONNECTION,REGISTER_CONNECTION,0.9487,EXPECTED_SHARED_PROTOCOL,True,True,True,True,True,False,True,True,SOVT_GLIDE,SOVT_GLIDE
a7c957603751,HIGH_NOTE_TOO_EFFORTFUL,THROAT_EFFORT,REGISTER_CONNECTION,REGISTER_CONNECTION,REGISTER_CONNECTION,REGISTER_CONNECTION,0.9356,EXPECTED_SHARED_PROTOCOL,True,True,True,False,True,False,True,True,SOVT_GLIDE,SOVT_GLIDE
a7c957603751,HIGH_NOTE_TOO_EFFORTFUL,LOUD_VOICE_DIFFICULT,REGISTER_CONNECTION,REGISTER_CONNECTION,REGISTER_CONNECTION,REGISTER_CONNECTION,0.9316,EXPECTED_SHARED_PROTOCOL,True,True,True,False,True,False,True,True,SOVT_GLIDE,SOVT_GLIDE
a7c957603751,HIGH_NOTE_TOO_EFFORTFUL,VOCAL_FATIGUE,REGISTER_CONNECTION,REGISTER_CONNECTION,REGISTER_CONNECTION,REGISTER_CONNECTION,0.9442,EXPECTED_SHARED_PROTOCOL,True,True,True,False,True,False,True,True,SOVT_GLIDE,SOVT_GLIDE
a7c957603751,HIGH_NOTE_TOO_EFFORTFUL,AFTER_SINGING_FATIGUE,REGISTER_CONNECTION,REGISTER_CONNECTION,REGISTER_CONNECTION,REGISTER_CONNECTION,0.9277,EXPECTED_SHARED_PROTOCOL,True,True,True,False,True,False,True,True,SOVT_GLIDE,SOVT_GLIDE
a7c957603751,HIGH_NOTE_TOO_EFFORTFUL,PITCH_UNSTABLE,REGISTER_CONNECTION,REGISTER_CONNECTION,REGISTER_CONNECTION,REGISTER_CONNECTION,0.9487,EXPECTED_SHARED_PROTOCOL,True,True,False,False,True,False,True,True,SOVT_GLIDE,SOVT_GLIDE
a7c957603751,HIGH_NOTE_TOO_EFFORTFUL,REGISTER_CONNECTION_DIFFICULT,REGISTER_CONNECTION,REGISTER_CONNECTION,REGISTER_CONNECTION,REGISTER_CONNECTION,0.9372,EXPECTED_SHARED_PROTOCOL,True,True,False,False,True,False,True,True,SOVT_GLIDE,SOVT_GLIDE
a7c957603751,HIGH_NOTE_FLIPS,HIGH_NOTE_UNSTABLE,REGISTER_CONNECTION,REGISTER_CONNECTION,REGISTER_CONNECTION,REGISTER_CONNECTION,0.9607,EXPECTED_SHARED_PROTOCOL,True,True,True,True,True,False,True,True,SOVT_GLIDE,SOVT_GLIDE
a7c957603751,HIGH_NOTE_FLIPS,THROAT_EFFORT,REGISTER_CONNECTION,REGISTER_CONNECTION,REGISTER_CONNECTION,REGISTER_CONNECTION,0.9386,EXPECTED_SHARED_PROTOCOL,True,True,True,False,True,False,True,True,SOVT_GLIDE,SOVT_GLIDE
a7c957603751,HIGH_NOTE_FLIPS,LOUD_VOICE_DIFFICULT,REGISTER_CONNECTION,REGISTER_CONNECTION,REGISTER_CONNECTION,REGISTER_CONNECTION,0.9432,EXPECTED_SHARED_PROTOCOL,True,True,True,False,True,False,True,True,SOVT_GLIDE,SOVT_GLIDE
a7c957603751,HIGH_NOTE_FLIPS,VOCAL_FATIGUE,REGISTER_CONNECTION,REGISTER_CONNECTION,REGISTER_CONNECTION,REGISTER_CONNECTION,0.9474,EXPECTED_SHARED_PROTOCOL,True,True,True,False,True,False,True,True,SOVT_GLIDE,SOVT_GLIDE
a7c957603751,HIGH_NOTE_FLIPS,AFTER_SINGING_FATIGUE,REGISTER_CONNECTION,REGISTER_CONNECTION,REGISTER_CONNECTION,REGISTER_CONNECTION,0.9565,EXPECTED_SHARED_PROTOCOL,True,True,True,False,True,False,True,True,SOVT_GLIDE,SOVT_GLIDE
a7c957603751,HIGH_NOTE_FLIPS,PITCH_UNSTABLE,REGISTER_CONNECTION,REGISTER_CONNECTION,REGISTER_CONNECTION,REGISTER_CONNECTION,0.952,EXPECTED_SHARED_PROTOCOL,True,True,False,False,True,False,True,True,SOVT_GLIDE,SOVT_GLIDE
a7c957603751,HIGH_NOTE_FLIPS,REGISTER_CONNECTION_DIFFICULT,REGISTER_CONNECTION,REGISTER_CONNECTION,REGISTER_CONNECTION,REGISTER_CONNECTION,0.9231,EXPECTED_SHARED_PROTOCOL,True,True,False,False,True,False,True,True,SOVT_GLIDE,SOVT_GLIDE
a7c957603751,HIGH_NOTE_THINS,TIMBRE_CHANGES_HIGH,REGISTER_CONNECTION,REGISTER_CONNECTION,REGISTER_CONNECTION,REGISTER_CONNECTION,0.9246,EXPECTED_SHARED_PROTOCOL,True,True,True,False,True,False,False,True,SOVT_GLIDE,SOVT_GLIDE
a7c957603751,HIGH_NOTE_UNSTABLE,THROAT_EFFORT,REGISTER_CONNECTION,REGISTER_CONNECTION,REGISTER_CONNECTION,REGISTER_CONNECTION,0.9351,EXPECTED_SHARED_PROTOCOL,True,True,True,False,True,False,True,True,SOVT_GLIDE,SOVT_GLIDE
a7c957603751,HIGH_NOTE_UNSTABLE,LOUD_VOICE_DIFFICULT,REGISTER_CONNECTION,REGISTER_CONNECTION,REGISTER_CONNECTION,REGISTER_CONNECTION,0.9397,EXPECTED_SHARED_PROTOCOL,True,True,True,False,True,False,True,True,SOVT_GLIDE,SOVT_GLIDE
a7c957603751,HIGH_NOTE_UNSTABLE,VOCAL_FATIGUE,REGISTER_CONNECTION,REGISTER_CONNECTION,REGISTER_CONNECTION,REGISTER_CONNECTION,0.9351,EXPECTED_SHARED_PROTOCOL,True,True,True,False,True,False,True,True,SOVT_GLIDE,SOVT_GLIDE
a7c957603751,HIGH_NOTE_UNSTABLE,AFTER_SINGING_FATIGUE,REGISTER_CONNECTION,REGISTER_CONNECTION,REGISTER_CONNECTION,REGISTER_CONNECTION,0.9442,EXPECTED_SHARED_PROTOCOL,True,True,True,False,True,False,True,True,SOVT_GLIDE,SOVT_GLIDE
a7c957603751,HIGH_NOTE_UNSTABLE,PITCH_UNSTABLE,REGISTER_CONNECTION,REGISTER_CONNECTION,REGISTER_CONNECTION,REGISTER_CONNECTION,0.9483,EXPECTED_SHARED_PROTOCOL,True,True,False,False,True,False,True,True,SOVT_GLIDE,SOVT_GLIDE
a7c957603751,HIGH_NOTE_UNSTABLE,REGISTER_CONNECTION_DIFFICULT,REGISTER_CONNECTION,REGISTER_CONNECTION,REGISTER_CONNECTION,REGISTER_CONNECTION,0.9367,EXPECTED_SHARED_PROTOCOL,True,True,False,False,True,False,True,True,SOVT_GLIDE,SOVT_GLIDE
a7c957603751,THROAT_EFFORT,LOUD_VOICE_DIFFICULT,REGISTER_CONNECTION,REGISTER_CONNECTION,REGISTER_CONNECTION,REGISTER_CONNECTION,0.9351,EXPECTED_SHARED_PROTOCOL,True,True,True,False,True,False,True,True,SOVT_GLIDE,SOVT_GLIDE
a7c957603751,THROAT_EFFORT,VOCAL_FATIGUE,REGISTER_CONNECTION,REGISTER_CONNECTION,REGISTER_CONNECTION,REGISTER_CONNECTION,0.9565,EXPECTED_SHARED_PROTOCOL,True,True,True,False,True,False,True,True,SOVT_GLIDE,SOVT_GLIDE
a7c957603751,THROAT_EFFORT,AFTER_SINGING_FATIGUE,REGISTER_CONNECTION,REGISTER_CONNECTION,REGISTER_CONNECTION,REGISTER_CONNECTION,0.931,EXPECTED_SHARED_PROTOCOL,True,True,True,False,True,False,True,True,SOVT_GLIDE,SOVT_GLIDE
a7c957603751,THROAT_EFFORT,PITCH_UNSTABLE,REGISTER_CONNECTION,REGISTER_CONNECTION,REGISTER_CONNECTION,REGISTER_CONNECTION,0.9437,EXPECTED_SHARED_PROTOCOL,True,True,False,False,True,False,True,True,SOVT_GLIDE,SOVT_GLIDE
a7c957603751,THROAT_EFFORT,REGISTER_CONNECTION_DIFFICULT,REGISTER_CONNECTION,REGISTER_CONNECTION,REGISTER_CONNECTION,REGISTER_CONNECTION,0.9407,EXPECTED_SHARED_PROTOCOL,True,True,False,False,True,False,True,True,SOVT_GLIDE,SOVT_GLIDE
a7c957603751,LOUD_VOICE_DIFFICULT,VOCAL_FATIGUE,REGISTER_CONNECTION,REGISTER_CONNECTION,REGISTER_CONNECTION,REGISTER_CONNECTION,0.9351,EXPECTED_SHARED_PROTOCOL,True,True,True,False,True,False,True,True,SOVT_GLIDE,SOVT_GLIDE
a7c957603751,LOUD_VOICE_DIFFICULT,AFTER_SINGING_FATIGUE,REGISTER_CONNECTION,REGISTER_CONNECTION,REGISTER_CONNECTION,REGISTER_CONNECTION,0.9356,EXPECTED_SHARED_PROTOCOL,True,True,True,False,True,False,True,True,SOVT_GLIDE,SOVT_GLIDE
a7c957603751,LOUD_VOICE_DIFFICULT,PITCH_UNSTABLE,REGISTER_CONNECTION,REGISTER_CONNECTION,REGISTER_CONNECTION,REGISTER_CONNECTION,0.931,EXPECTED_SHARED_PROTOCOL,True,True,False,False,True,False,True,True,SOVT_GLIDE,SOVT_GLIDE
a7c957603751,LOUD_VOICE_DIFFICULT,REGISTER_CONNECTION_DIFFICULT,REGISTER_CONNECTION,REGISTER_CONNECTION,REGISTER_CONNECTION,REGISTER_CONNECTION,0.9114,EXPECTED_SHARED_PROTOCOL,True,True,False,False,True,False,True,True,SOVT_GLIDE,SOVT_GLIDE
a7c957603751,VOCAL_FATIGUE,AFTER_SINGING_FATIGUE,REGISTER_CONNECTION,REGISTER_CONNECTION,REGISTER_CONNECTION,REGISTER_CONNECTION,0.9569,EXPECTED_SHARED_PROTOCOL,True,True,True,False,True,False,True,True,SOVT_GLIDE,SOVT_GLIDE
a7c957603751,VOCAL_FATIGUE,PITCH_UNSTABLE,REGISTER_CONNECTION,REGISTER_CONNECTION,REGISTER_CONNECTION,REGISTER_CONNECTION,0.9524,EXPECTED_SHARED_PROTOCOL,True,True,False,False,True,False,True,True,SOVT_GLIDE,SOVT_GLIDE
a7c957603751,VOCAL_FATIGUE,REGISTER_CONNECTION_DIFFICULT,REGISTER_CONNECTION,REGISTER_CONNECTION,REGISTER_CONNECTION,REGISTER_CONNECTION,0.9237,EXPECTED_SHARED_PROTOCOL,True,True,False,False,True,False,True,True,SOVT_GLIDE,SOVT_GLIDE
a7c957603751,AFTER_SINGING_FATIGUE,PITCH_UNSTABLE,REGISTER_CONNECTION,REGISTER_CONNECTION,REGISTER_CONNECTION,REGISTER_CONNECTION,0.927,EXPECTED_SHARED_PROTOCOL,True,True,False,False,True,False,True,True,SOVT_GLIDE,SOVT_GLIDE
a7c957603751,AFTER_SINGING_FATIGUE,REGISTER_CONNECTION_DIFFICULT,REGISTER_CONNECTION,REGISTER_CONNECTION,REGISTER_CONNECTION,REGISTER_CONNECTION,0.916,EXPECTED_SHARED_PROTOCOL,True,True,False,False,True,False,True,True,SOVT_GLIDE,SOVT_GLIDE
a7c957603751,VOICE_TOO_THIN,VOICE_TOO_DARK_MUFFLED,REGISTER_CONNECTION,REGISTER_CONNECTION,REGISTER_CONNECTION,REGISTER_CONNECTION,0.9005,EXPECTED_SHARED_PROTOCOL,True,True,True,True,True,False,True,True,VOWEL_CONNECT,VOWEL_CONNECT
a7c957603751,VOICE_TOO_SHARP,VOICE_ROUGH,REGISTER_CONNECTION,REGISTER_CONNECTION,REGISTER_CONNECTION,REGISTER_CONNECTION,0.9529,EXPECTED_SHARED_PROTOCOL,True,True,True,True,True,False,False,True,REGISTER_CONNECTION,REGISTER_CONNECTION
a7c957603751,PITCH_UNSTABLE,REGISTER_CONNECTION_DIFFICULT,REGISTER_CONNECTION,REGISTER_CONNECTION,REGISTER_CONNECTION,REGISTER_CONNECTION,0.9367,EXPECTED_SHARED_PROTOCOL,True,True,True,False,True,False,True,True,SOVT_GLIDE,SOVT_GLIDE
a888cb14dd6a,HIGH_NOTE_TOO_EFFORTFUL,HIGH_NOTE_FLIPS,REGISTER_CONNECTION,REGISTER_CONNECTION,REGISTER_CONNECTION,REGISTER_CONNECTION,0.9437,EXPECTED_SHARED_PROTOCOL,True,True,True,True,True,False,True,True,SOVT_GLIDE,SOVT_GLIDE
a888cb14dd6a,HIGH_NOTE_UNSTABLE,PITCH_UNSTABLE,STABILITY,STABILITY,STABILITY,STABILITY,0.9048,EXPECTED_SHARED_PROTOCOL,True,True,False,False,True,False,True,True,SUSTAIN_HOLD,SUSTAIN_HOLD
a888cb14dd6a,HIGH_NOTE_UNSTABLE,REGISTER_CONNECTION_DIFFICULT,STABILITY,STABILITY,STABILITY,STABILITY,0.8855,EXPECTED_SHARED_PROTOCOL,True,True,False,False,True,False,True,True,SUSTAIN_HOLD,SUSTAIN_HOLD
a888cb14dd6a,THROAT_EFFORT,LOUD_VOICE_DIFFICULT,EFFORT,EFFORT,MAINTAIN,MAINTAIN,0.8819,EXPECTED_SHARED_PROTOCOL,True,True,True,False,True,False,True,True,SUSTAIN_HOLD,SUSTAIN_HOLD
a888cb14dd6a,THROAT_EFFORT,VOCAL_FATIGUE,EFFORT,EFFORT,MAINTAIN,MAINTAIN,0.9206,EXPECTED_SHARED_PROTOCOL,True,True,True,False,True,False,True,True,SUSTAIN_HOLD,SUSTAIN_HOLD
a888cb14dd6a,LOUD_VOICE_DIFFICULT,VOCAL_FATIGUE,EFFORT,EFFORT,MAINTAIN,MAINTAIN,0.8819,EXPECTED_SHARED_PROTOCOL,True,True,True,False,True,False,True,True,SUSTAIN_HOLD,SUSTAIN_HOLD
a888cb14dd6a,LOUD_VOICE_DIFFICULT,AFTER_SINGING_FATIGUE,EFFORT,EFFORT,MAINTAIN,MAINTAIN,0.8837,EXPECTED_SHARED_PROTOCOL,True,True,True,False,True,False,True,True,SUSTAIN_HOLD,SUSTAIN_HOLD
a888cb14dd6a,VOCAL_FATIGUE,AFTER_SINGING_FATIGUE,EFFORT,EFFORT,MAINTAIN,MAINTAIN,0.9219,EXPECTED_SHARED_PROTOCOL,True,True,True,False,True,False,True,True,SUSTAIN_HOLD,SUSTAIN_HOLD
a888cb14dd6a,PITCH_UNSTABLE,REGISTER_CONNECTION_DIFFICULT,STABILITY,STABILITY,STABILITY,STABILITY,0.8855,EXPECTED_SHARED_PROTOCOL,True,True,True,False,True,False,True,True,SUSTAIN_HOLD,SUSTAIN_HOLD
aba38287641d,HIGH_NOTE_TOO_EFFORTFUL,HIGH_NOTE_FLIPS,REGISTER_CONNECTION,REGISTER_CONNECTION,REGISTER_CONNECTION,REGISTER_CONNECTION,0.9437,EXPECTED_SHARED_PROTOCOL,True,True,True,True,True,False,True,True,SOVT_GLIDE,SOVT_GLIDE
aba38287641d,HIGH_NOTE_UNSTABLE,PITCH_UNSTABLE,STABILITY,STABILITY,STABILITY,STABILITY,0.9048,EXPECTED_SHARED_PROTOCOL,True,True,False,False,True,False,True,True,SUSTAIN_HOLD,SUSTAIN_HOLD
aba38287641d,HIGH_NOTE_UNSTABLE,REGISTER_CONNECTION_DIFFICULT,STABILITY,STABILITY,STABILITY,STABILITY,0.8855,EXPECTED_SHARED_PROTOCOL,True,True,False,False,True,False,True,True,SUSTAIN_HOLD,SUSTAIN_HOLD
aba38287641d,THROAT_EFFORT,LOUD_VOICE_DIFFICULT,EFFORT,EFFORT,MAINTAIN,MAINTAIN,0.8819,EXPECTED_SHARED_PROTOCOL,True,True,True,False,True,False,True,True,SUSTAIN_HOLD,SUSTAIN_HOLD
aba38287641d,THROAT_EFFORT,VOCAL_FATIGUE,EFFORT,EFFORT,MAINTAIN,MAINTAIN,0.9206,EXPECTED_SHARED_PROTOCOL,True,True,True,False,True,False,True,True,SUSTAIN_HOLD,SUSTAIN_HOLD
aba38287641d,LOUD_VOICE_DIFFICULT,VOCAL_FATIGUE,EFFORT,EFFORT,MAINTAIN,MAINTAIN,0.8819,EXPECTED_SHARED_PROTOCOL,True,True,True,False,True,False,True,True,SUSTAIN_HOLD,SUSTAIN_HOLD
aba38287641d,LOUD_VOICE_DIFFICULT,AFTER_SINGING_FATIGUE,EFFORT,EFFORT,MAINTAIN,MAINTAIN,0.8837,EXPECTED_SHARED_PROTOCOL,True,True,True,False,True,False,True,True,SUSTAIN_HOLD,SUSTAIN_HOLD
aba38287641d,VOCAL_FATIGUE,AFTER_SINGING_FATIGUE,EFFORT,EFFORT,MAINTAIN,MAINTAIN,0.9219,EXPECTED_SHARED_PROTOCOL,True,True,True,False,True,False,True,True,SUSTAIN_HOLD,SUSTAIN_HOLD
aba38287641d,PITCH_UNSTABLE,REGISTER_CONNECTION_DIFFICULT,STABILITY,STABILITY,STABILITY,STABILITY,0.8855,EXPECTED_SHARED_PROTOCOL,True,True,True,False,True,False,True,True,SUSTAIN_HOLD,SUSTAIN_HOLD
aef8b974cfb0,HIGH_NOTE_CANNOT_REACH,HIGH_NOTE_TOO_EFFORTFUL,REGISTER_CONNECTION,REGISTER_CONNECTION,REGISTER_CONNECTION,REGISTER_CONNECTION,0.9442,EXPECTED_SHARED_PROTOCOL,True,True,True,True,True,False,True,True,SOVT_GLIDE,SOVT_GLIDE
aef8b974cfb0,HIGH_NOTE_CANNOT_REACH,HIGH_NOTE_FLIPS,REGISTER_CONNECTION,REGISTER_CONNECTION,REGISTER_CONNECTION,REGISTER_CONNECTION,0.9561,EXPECTED_SHARED_PROTOCOL,True,True,True,True,True,False,True,True,SOVT_GLIDE,SOVT_GLIDE
aef8b974cfb0,HIGH_NOTE_CANNOT_REACH,HIGH_NOTE_UNSTABLE,REGISTER_CONNECTION,REGISTER_CONNECTION,REGISTER_CONNECTION,REGISTER_CONNECTION,0.9697,EXPECTED_SHARED_PROTOCOL,True,True,True,True,True,False,True,True,SOVT_GLIDE,SOVT_GLIDE
aef8b974cfb0,HIGH_NOTE_CANNOT_REACH,THROAT_EFFORT,REGISTER_CONNECTION,REGISTER_CONNECTION,REGISTER_CONNECTION,REGISTER_CONNECTION,0.9391,EXPECTED_SHARED_PROTOCOL,True,True,True,False,True,False,True,True,SOVT_GLIDE,SOVT_GLIDE
aef8b974cfb0,HIGH_NOTE_CANNOT_REACH,LOUD_VOICE_DIFFICULT,REGISTER_CONNECTION,REGISTER_CONNECTION,REGISTER_CONNECTION,REGISTER_CONNECTION,0.9524,EXPECTED_SHARED_PROTOCOL,True,True,True,False,True,False,True,True,SOVT_GLIDE,SOVT_GLIDE
aef8b974cfb0,HIGH_NOTE_CANNOT_REACH,VOCAL_FATIGUE,REGISTER_CONNECTION,REGISTER_CONNECTION,REGISTER_CONNECTION,REGISTER_CONNECTION,0.9391,EXPECTED_SHARED_PROTOCOL,True,True,True,False,True,False,True,True,SOVT_GLIDE,SOVT_GLIDE
aef8b974cfb0,HIGH_NOTE_CANNOT_REACH,AFTER_SINGING_FATIGUE,REGISTER_CONNECTION,REGISTER_CONNECTION,REGISTER_CONNECTION,REGISTER_CONNECTION,0.9397,EXPECTED_SHARED_PROTOCOL,True,True,True,False,True,False,True,True,SOVT_GLIDE,SOVT_GLIDE
aef8b974cfb0,HIGH_NOTE_CANNOT_REACH,PITCH_UNSTABLE,REGISTER_CONNECTION,REGISTER_CONNECTION,REGISTER_CONNECTION,REGISTER_CONNECTION,0.9437,EXPECTED_SHARED_PROTOCOL,True,True,False,False,True,False,True,True,SOVT_GLIDE,SOVT_GLIDE
aef8b974cfb0,HIGH_NOTE_CANNOT_REACH,REGISTER_CONNECTION_DIFFICULT,REGISTER_CONNECTION,REGISTER_CONNECTION,REGISTER_CONNECTION,REGISTER_CONNECTION,0.9407,EXPECTED_SHARED_PROTOCOL,True,True,False,False,True,False,True,True,SOVT_GLIDE,SOVT_GLIDE
aef8b974cfb0,HIGH_NOTE_TOO_EFFORTFUL,HIGH_NOTE_FLIPS,REGISTER_CONNECTION,REGISTER_CONNECTION,REGISTER_CONNECTION,REGISTER_CONNECTION,0.9437,EXPECTED_SHARED_PROTOCOL,True,True,True,True,True,False,True,True,SOVT_GLIDE,SOVT_GLIDE
aef8b974cfb0,HIGH_NOTE_TOO_EFFORTFUL,HIGH_NOTE_UNSTABLE,REGISTER_CONNECTION,REGISTER_CONNECTION,REGISTER_CONNECTION,REGISTER_CONNECTION,0.9487,EXPECTED_SHARED_PROTOCOL,True,True,True,True,True,False,True,True,SOVT_GLIDE,SOVT_GLIDE
aef8b974cfb0,HIGH_NOTE_TOO_EFFORTFUL,THROAT_EFFORT,REGISTER_CONNECTION,REGISTER_CONNECTION,REGISTER_CONNECTION,REGISTER_CONNECTION,0.9356,EXPECTED_SHARED_PROTOCOL,True,True,True,False,True,False,True,True,SOVT_GLIDE,SOVT_GLIDE
aef8b974cfb0,HIGH_NOTE_TOO_EFFORTFUL,LOUD_VOICE_DIFFICULT,REGISTER_CONNECTION,REGISTER_CONNECTION,REGISTER_CONNECTION,REGISTER_CONNECTION,0.9316,EXPECTED_SHARED_PROTOCOL,True,True,True,False,True,False,True,True,SOVT_GLIDE,SOVT_GLIDE
aef8b974cfb0,HIGH_NOTE_TOO_EFFORTFUL,VOCAL_FATIGUE,REGISTER_CONNECTION,REGISTER_CONNECTION,REGISTER_CONNECTION,REGISTER_CONNECTION,0.9442,EXPECTED_SHARED_PROTOCOL,True,True,True,False,True,False,True,True,SOVT_GLIDE,SOVT_GLIDE
aef8b974cfb0,HIGH_NOTE_TOO_EFFORTFUL,AFTER_SINGING_FATIGUE,REGISTER_CONNECTION,REGISTER_CONNECTION,REGISTER_CONNECTION,REGISTER_CONNECTION,0.9277,EXPECTED_SHARED_PROTOCOL,True,True,True,False,True,False,True,True,SOVT_GLIDE,SOVT_GLIDE
aef8b974cfb0,HIGH_NOTE_TOO_EFFORTFUL,PITCH_UNSTABLE,REGISTER_CONNECTION,REGISTER_CONNECTION,REGISTER_CONNECTION,REGISTER_CONNECTION,0.9487,EXPECTED_SHARED_PROTOCOL,True,True,False,False,True,False,True,True,SOVT_GLIDE,SOVT_GLIDE
aef8b974cfb0,HIGH_NOTE_TOO_EFFORTFUL,REGISTER_CONNECTION_DIFFICULT,REGISTER_CONNECTION,REGISTER_CONNECTION,REGISTER_CONNECTION,REGISTER_CONNECTION,0.9372,EXPECTED_SHARED_PROTOCOL,True,True,False,False,True,False,True,True,SOVT_GLIDE,SOVT_GLIDE
aef8b974cfb0,HIGH_NOTE_FLIPS,HIGH_NOTE_UNSTABLE,REGISTER_CONNECTION,REGISTER_CONNECTION,REGISTER_CONNECTION,REGISTER_CONNECTION,0.9607,EXPECTED_SHARED_PROTOCOL,True,True,True,True,True,False,True,True,SOVT_GLIDE,SOVT_GLIDE
aef8b974cfb0,HIGH_NOTE_FLIPS,THROAT_EFFORT,REGISTER_CONNECTION,REGISTER_CONNECTION,REGISTER_CONNECTION,REGISTER_CONNECTION,0.9386,EXPECTED_SHARED_PROTOCOL,True,True,True,False,True,False,True,True,SOVT_GLIDE,SOVT_GLIDE
aef8b974cfb0,HIGH_NOTE_FLIPS,LOUD_VOICE_DIFFICULT,REGISTER_CONNECTION,REGISTER_CONNECTION,REGISTER_CONNECTION,REGISTER_CONNECTION,0.9432,EXPECTED_SHARED_PROTOCOL,True,True,True,False,True,False,True,True,SOVT_GLIDE,SOVT_GLIDE
aef8b974cfb0,HIGH_NOTE_FLIPS,VOCAL_FATIGUE,REGISTER_CONNECTION,REGISTER_CONNECTION,REGISTER_CONNECTION,REGISTER_CONNECTION,0.9474,EXPECTED_SHARED_PROTOCOL,True,True,True,False,True,False,True,True,SOVT_GLIDE,SOVT_GLIDE
aef8b974cfb0,HIGH_NOTE_FLIPS,AFTER_SINGING_FATIGUE,REGISTER_CONNECTION,REGISTER_CONNECTION,REGISTER_CONNECTION,REGISTER_CONNECTION,0.9565,EXPECTED_SHARED_PROTOCOL,True,True,True,False,True,False,True,True,SOVT_GLIDE,SOVT_GLIDE
aef8b974cfb0,HIGH_NOTE_FLIPS,PITCH_UNSTABLE,REGISTER_CONNECTION,REGISTER_CONNECTION,REGISTER_CONNECTION,REGISTER_CONNECTION,0.952,EXPECTED_SHARED_PROTOCOL,True,True,False,False,True,False,True,True,SOVT_GLIDE,SOVT_GLIDE
aef8b974cfb0,HIGH_NOTE_FLIPS,REGISTER_CONNECTION_DIFFICULT,REGISTER_CONNECTION,REGISTER_CONNECTION,REGISTER_CONNECTION,REGISTER_CONNECTION,0.9231,EXPECTED_SHARED_PROTOCOL,True,True,False,False,True,False,True,True,SOVT_GLIDE,SOVT_GLIDE
aef8b974cfb0,HIGH_NOTE_UNSTABLE,THROAT_EFFORT,REGISTER_CONNECTION,REGISTER_CONNECTION,REGISTER_CONNECTION,REGISTER_CONNECTION,0.9351,EXPECTED_SHARED_PROTOCOL,True,True,True,False,True,False,True,True,SOVT_GLIDE,SOVT_GLIDE
aef8b974cfb0,HIGH_NOTE_UNSTABLE,LOUD_VOICE_DIFFICULT,REGISTER_CONNECTION,REGISTER_CONNECTION,REGISTER_CONNECTION,REGISTER_CONNECTION,0.9397,EXPECTED_SHARED_PROTOCOL,True,True,True,False,True,False,True,True,SOVT_GLIDE,SOVT_GLIDE
aef8b974cfb0,HIGH_NOTE_UNSTABLE,VOCAL_FATIGUE,REGISTER_CONNECTION,REGISTER_CONNECTION,REGISTER_CONNECTION,REGISTER_CONNECTION,0.9351,EXPECTED_SHARED_PROTOCOL,True,True,True,False,True,False,True,True,SOVT_GLIDE,SOVT_GLIDE
aef8b974cfb0,HIGH_NOTE_UNSTABLE,AFTER_SINGING_FATIGUE,REGISTER_CONNECTION,REGISTER_CONNECTION,REGISTER_CONNECTION,REGISTER_CONNECTION,0.9442,EXPECTED_SHARED_PROTOCOL,True,True,True,False,True,False,True,True,SOVT_GLIDE,SOVT_GLIDE
aef8b974cfb0,HIGH_NOTE_UNSTABLE,PITCH_UNSTABLE,REGISTER_CONNECTION,REGISTER_CONNECTION,REGISTER_CONNECTION,REGISTER_CONNECTION,0.9483,EXPECTED_SHARED_PROTOCOL,True,True,False,False,True,False,True,True,SOVT_GLIDE,SOVT_GLIDE
aef8b974cfb0,HIGH_NOTE_UNSTABLE,REGISTER_CONNECTION_DIFFICULT,REGISTER_CONNECTION,REGISTER_CONNECTION,REGISTER_CONNECTION,REGISTER_CONNECTION,0.9367,EXPECTED_SHARED_PROTOCOL,True,True,False,False,True,False,True,True,SOVT_GLIDE,SOVT_GLIDE
aef8b974cfb0,THROAT_EFFORT,LOUD_VOICE_DIFFICULT,REGISTER_CONNECTION,REGISTER_CONNECTION,REGISTER_CONNECTION,REGISTER_CONNECTION,0.9351,EXPECTED_SHARED_PROTOCOL,True,True,True,False,True,False,True,True,SOVT_GLIDE,SOVT_GLIDE
aef8b974cfb0,THROAT_EFFORT,VOCAL_FATIGUE,REGISTER_CONNECTION,REGISTER_CONNECTION,REGISTER_CONNECTION,REGISTER_CONNECTION,0.9565,EXPECTED_SHARED_PROTOCOL,True,True,True,False,True,False,True,True,SOVT_GLIDE,SOVT_GLIDE
aef8b974cfb0,THROAT_EFFORT,AFTER_SINGING_FATIGUE,REGISTER_CONNECTION,REGISTER_CONNECTION,REGISTER_CONNECTION,REGISTER_CONNECTION,0.931,EXPECTED_SHARED_PROTOCOL,True,True,True,False,True,False,True,True,SOVT_GLIDE,SOVT_GLIDE
aef8b974cfb0,THROAT_EFFORT,PITCH_UNSTABLE,REGISTER_CONNECTION,REGISTER_CONNECTION,REGISTER_CONNECTION,REGISTER_CONNECTION,0.9437,EXPECTED_SHARED_PROTOCOL,True,True,False,False,True,False,True,True,SOVT_GLIDE,SOVT_GLIDE
aef8b974cfb0,THROAT_EFFORT,REGISTER_CONNECTION_DIFFICULT,REGISTER_CONNECTION,REGISTER_CONNECTION,REGISTER_CONNECTION,REGISTER_CONNECTION,0.9407,EXPECTED_SHARED_PROTOCOL,True,True,False,False,True,False,True,True,SOVT_GLIDE,SOVT_GLIDE
aef8b974cfb0,LOUD_VOICE_DIFFICULT,VOCAL_FATIGUE,REGISTER_CONNECTION,REGISTER_CONNECTION,REGISTER_CONNECTION,REGISTER_CONNECTION,0.9351,EXPECTED_SHARED_PROTOCOL,True,True,True,False,True,False,True,True,SOVT_GLIDE,SOVT_GLIDE
aef8b974cfb0,LOUD_VOICE_DIFFICULT,AFTER_SINGING_FATIGUE,REGISTER_CONNECTION,REGISTER_CONNECTION,REGISTER_CONNECTION,REGISTER_CONNECTION,0.9356,EXPECTED_SHARED_PROTOCOL,True,True,True,False,True,False,True,True,SOVT_GLIDE,SOVT_GLIDE
aef8b974cfb0,LOUD_VOICE_DIFFICULT,PITCH_UNSTABLE,REGISTER_CONNECTION,REGISTER_CONNECTION,REGISTER_CONNECTION,REGISTER_CONNECTION,0.931,EXPECTED_SHARED_PROTOCOL,True,True,False,False,True,False,True,True,SOVT_GLIDE,SOVT_GLIDE
aef8b974cfb0,LOUD_VOICE_DIFFICULT,REGISTER_CONNECTION_DIFFICULT,REGISTER_CONNECTION,REGISTER_CONNECTION,REGISTER_CONNECTION,REGISTER_CONNECTION,0.9114,EXPECTED_SHARED_PROTOCOL,True,True,False,False,True,False,True,True,SOVT_GLIDE,SOVT_GLIDE
aef8b974cfb0,VOCAL_FATIGUE,AFTER_SINGING_FATIGUE,REGISTER_CONNECTION,REGISTER_CONNECTION,REGISTER_CONNECTION,REGISTER_CONNECTION,0.9569,EXPECTED_SHARED_PROTOCOL,True,True,True,False,True,False,True,True,SOVT_GLIDE,SOVT_GLIDE
aef8b974cfb0,VOCAL_FATIGUE,PITCH_UNSTABLE,REGISTER_CONNECTION,REGISTER_CONNECTION,REGISTER_CONNECTION,REGISTER_CONNECTION,0.9524,EXPECTED_SHARED_PROTOCOL,True,True,False,False,True,False,True,True,SOVT_GLIDE,SOVT_GLIDE
aef8b974cfb0,VOCAL_FATIGUE,REGISTER_CONNECTION_DIFFICULT,REGISTER_CONNECTION,REGISTER_CONNECTION,REGISTER_CONNECTION,REGISTER_CONNECTION,0.9237,EXPECTED_SHARED_PROTOCOL,True,True,False,False,True,False,True,True,SOVT_GLIDE,SOVT_GLIDE
aef8b974cfb0,AFTER_SINGING_FATIGUE,PITCH_UNSTABLE,REGISTER_CONNECTION,REGISTER_CONNECTION,REGISTER_CONNECTION,REGISTER_CONNECTION,0.927,EXPECTED_SHARED_PROTOCOL,True,True,False,False,True,False,True,True,SOVT_GLIDE,SOVT_GLIDE
aef8b974cfb0,AFTER_SINGING_FATIGUE,REGISTER_CONNECTION_DIFFICULT,REGISTER_CONNECTION,REGISTER_CONNECTION,REGISTER_CONNECTION,REGISTER_CONNECTION,0.916,EXPECTED_SHARED_PROTOCOL,True,True,False,False,True,False,True,True,SOVT_GLIDE,SOVT_GLIDE
aef8b974cfb0,PITCH_UNSTABLE,REGISTER_CONNECTION_DIFFICULT,REGISTER_CONNECTION,REGISTER_CONNECTION,REGISTER_CONNECTION,REGISTER_CONNECTION,0.9367,EXPECTED_SHARED_PROTOCOL,True,True,True,False,True,False,True,True,SOVT_GLIDE,SOVT_GLIDE
b4b7ce279c98,HIGH_NOTE_CANNOT_REACH,HIGH_NOTE_TOO_EFFORTFUL,REGISTER_CONNECTION,REGISTER_CONNECTION,REGISTER_CONNECTION,REGISTER_CONNECTION,0.9442,EXPECTED_SHARED_PROTOCOL,True,True,True,True,True,False,True,True,SOVT_GLIDE,SOVT_GLIDE
b4b7ce279c98,HIGH_NOTE_CANNOT_REACH,HIGH_NOTE_FLIPS,REGISTER_CONNECTION,REGISTER_CONNECTION,REGISTER_CONNECTION,REGISTER_CONNECTION,0.9561,EXPECTED_SHARED_PROTOCOL,True,True,True,True,True,False,True,True,SOVT_GLIDE,SOVT_GLIDE
b4b7ce279c98,HIGH_NOTE_CANNOT_REACH,HIGH_NOTE_UNSTABLE,REGISTER_CONNECTION,REGISTER_CONNECTION,REGISTER_CONNECTION,REGISTER_CONNECTION,0.9697,EXPECTED_SHARED_PROTOCOL,True,True,True,True,True,False,True,True,SOVT_GLIDE,SOVT_GLIDE
b4b7ce279c98,HIGH_NOTE_CANNOT_REACH,THROAT_EFFORT,REGISTER_CONNECTION,REGISTER_CONNECTION,REGISTER_CONNECTION,REGISTER_CONNECTION,0.9391,EXPECTED_SHARED_PROTOCOL,True,True,True,False,True,False,True,True,SOVT_GLIDE,SOVT_GLIDE
b4b7ce279c98,HIGH_NOTE_CANNOT_REACH,LOUD_VOICE_DIFFICULT,REGISTER_CONNECTION,REGISTER_CONNECTION,REGISTER_CONNECTION,REGISTER_CONNECTION,0.9524,EXPECTED_SHARED_PROTOCOL,True,True,True,False,True,False,True,True,SOVT_GLIDE,SOVT_GLIDE
b4b7ce279c98,HIGH_NOTE_CANNOT_REACH,VOCAL_FATIGUE,REGISTER_CONNECTION,REGISTER_CONNECTION,REGISTER_CONNECTION,REGISTER_CONNECTION,0.9391,EXPECTED_SHARED_PROTOCOL,True,True,True,False,True,False,True,True,SOVT_GLIDE,SOVT_GLIDE
b4b7ce279c98,HIGH_NOTE_CANNOT_REACH,AFTER_SINGING_FATIGUE,REGISTER_CONNECTION,REGISTER_CONNECTION,REGISTER_CONNECTION,REGISTER_CONNECTION,0.9397,EXPECTED_SHARED_PROTOCOL,True,True,True,False,True,False,True,True,SOVT_GLIDE,SOVT_GLIDE
b4b7ce279c98,HIGH_NOTE_CANNOT_REACH,PITCH_UNSTABLE,REGISTER_CONNECTION,REGISTER_CONNECTION,REGISTER_CONNECTION,REGISTER_CONNECTION,0.9437,EXPECTED_SHARED_PROTOCOL,True,True,False,False,True,False,True,True,SOVT_GLIDE,SOVT_GLIDE
b4b7ce279c98,HIGH_NOTE_CANNOT_REACH,REGISTER_CONNECTION_DIFFICULT,REGISTER_CONNECTION,REGISTER_CONNECTION,REGISTER_CONNECTION,REGISTER_CONNECTION,0.9407,EXPECTED_SHARED_PROTOCOL,True,True,False,False,True,False,True,True,SOVT_GLIDE,SOVT_GLIDE
b4b7ce279c98,HIGH_NOTE_TOO_EFFORTFUL,HIGH_NOTE_FLIPS,REGISTER_CONNECTION,REGISTER_CONNECTION,REGISTER_CONNECTION,REGISTER_CONNECTION,0.9437,EXPECTED_SHARED_PROTOCOL,True,True,True,True,True,False,True,True,SOVT_GLIDE,SOVT_GLIDE
b4b7ce279c98,HIGH_NOTE_TOO_EFFORTFUL,HIGH_NOTE_UNSTABLE,REGISTER_CONNECTION,REGISTER_CONNECTION,REGISTER_CONNECTION,REGISTER_CONNECTION,0.9487,EXPECTED_SHARED_PROTOCOL,True,True,True,True,True,False,True,True,SOVT_GLIDE,SOVT_GLIDE
b4b7ce279c98,HIGH_NOTE_TOO_EFFORTFUL,THROAT_EFFORT,REGISTER_CONNECTION,REGISTER_CONNECTION,REGISTER_CONNECTION,REGISTER_CONNECTION,0.9356,EXPECTED_SHARED_PROTOCOL,True,True,True,False,True,False,True,True,SOVT_GLIDE,SOVT_GLIDE
b4b7ce279c98,HIGH_NOTE_TOO_EFFORTFUL,LOUD_VOICE_DIFFICULT,REGISTER_CONNECTION,REGISTER_CONNECTION,REGISTER_CONNECTION,REGISTER_CONNECTION,0.9316,EXPECTED_SHARED_PROTOCOL,True,True,True,False,True,False,True,True,SOVT_GLIDE,SOVT_GLIDE
b4b7ce279c98,HIGH_NOTE_TOO_EFFORTFUL,VOCAL_FATIGUE,REGISTER_CONNECTION,REGISTER_CONNECTION,REGISTER_CONNECTION,REGISTER_CONNECTION,0.9442,EXPECTED_SHARED_PROTOCOL,True,True,True,False,True,False,True,True,SOVT_GLIDE,SOVT_GLIDE
b4b7ce279c98,HIGH_NOTE_TOO_EFFORTFUL,AFTER_SINGING_FATIGUE,REGISTER_CONNECTION,REGISTER_CONNECTION,REGISTER_CONNECTION,REGISTER_CONNECTION,0.9277,EXPECTED_SHARED_PROTOCOL,True,True,True,False,True,False,True,True,SOVT_GLIDE,SOVT_GLIDE
b4b7ce279c98,HIGH_NOTE_TOO_EFFORTFUL,PITCH_UNSTABLE,REGISTER_CONNECTION,REGISTER_CONNECTION,REGISTER_CONNECTION,REGISTER_CONNECTION,0.9487,EXPECTED_SHARED_PROTOCOL,True,True,False,False,True,False,True,True,SOVT_GLIDE,SOVT_GLIDE
b4b7ce279c98,HIGH_NOTE_TOO_EFFORTFUL,REGISTER_CONNECTION_DIFFICULT,REGISTER_CONNECTION,REGISTER_CONNECTION,REGISTER_CONNECTION,REGISTER_CONNECTION,0.9372,EXPECTED_SHARED_PROTOCOL,True,True,False,False,True,False,True,True,SOVT_GLIDE,SOVT_GLIDE
b4b7ce279c98,HIGH_NOTE_FLIPS,HIGH_NOTE_UNSTABLE,REGISTER_CONNECTION,REGISTER_CONNECTION,REGISTER_CONNECTION,REGISTER_CONNECTION,0.9607,EXPECTED_SHARED_PROTOCOL,True,True,True,True,True,False,True,True,SOVT_GLIDE,SOVT_GLIDE
b4b7ce279c98,HIGH_NOTE_FLIPS,THROAT_EFFORT,REGISTER_CONNECTION,REGISTER_CONNECTION,REGISTER_CONNECTION,REGISTER_CONNECTION,0.9386,EXPECTED_SHARED_PROTOCOL,True,True,True,False,True,False,True,True,SOVT_GLIDE,SOVT_GLIDE
b4b7ce279c98,HIGH_NOTE_FLIPS,LOUD_VOICE_DIFFICULT,REGISTER_CONNECTION,REGISTER_CONNECTION,REGISTER_CONNECTION,REGISTER_CONNECTION,0.9432,EXPECTED_SHARED_PROTOCOL,True,True,True,False,True,False,True,True,SOVT_GLIDE,SOVT_GLIDE
b4b7ce279c98,HIGH_NOTE_FLIPS,VOCAL_FATIGUE,REGISTER_CONNECTION,REGISTER_CONNECTION,REGISTER_CONNECTION,REGISTER_CONNECTION,0.9474,EXPECTED_SHARED_PROTOCOL,True,True,True,False,True,False,True,True,SOVT_GLIDE,SOVT_GLIDE
b4b7ce279c98,HIGH_NOTE_FLIPS,AFTER_SINGING_FATIGUE,REGISTER_CONNECTION,REGISTER_CONNECTION,REGISTER_CONNECTION,REGISTER_CONNECTION,0.9565,EXPECTED_SHARED_PROTOCOL,True,True,True,False,True,False,True,True,SOVT_GLIDE,SOVT_GLIDE
b4b7ce279c98,HIGH_NOTE_FLIPS,PITCH_UNSTABLE,REGISTER_CONNECTION,REGISTER_CONNECTION,REGISTER_CONNECTION,REGISTER_CONNECTION,0.952,EXPECTED_SHARED_PROTOCOL,True,True,False,False,True,False,True,True,SOVT_GLIDE,SOVT_GLIDE
b4b7ce279c98,HIGH_NOTE_FLIPS,REGISTER_CONNECTION_DIFFICULT,REGISTER_CONNECTION,REGISTER_CONNECTION,REGISTER_CONNECTION,REGISTER_CONNECTION,0.9231,EXPECTED_SHARED_PROTOCOL,True,True,False,False,True,False,True,True,SOVT_GLIDE,SOVT_GLIDE
b4b7ce279c98,HIGH_NOTE_UNSTABLE,THROAT_EFFORT,REGISTER_CONNECTION,REGISTER_CONNECTION,REGISTER_CONNECTION,REGISTER_CONNECTION,0.9351,EXPECTED_SHARED_PROTOCOL,True,True,True,False,True,False,True,True,SOVT_GLIDE,SOVT_GLIDE
b4b7ce279c98,HIGH_NOTE_UNSTABLE,LOUD_VOICE_DIFFICULT,REGISTER_CONNECTION,REGISTER_CONNECTION,REGISTER_CONNECTION,REGISTER_CONNECTION,0.9397,EXPECTED_SHARED_PROTOCOL,True,True,True,False,True,False,True,True,SOVT_GLIDE,SOVT_GLIDE
b4b7ce279c98,HIGH_NOTE_UNSTABLE,VOCAL_FATIGUE,REGISTER_CONNECTION,REGISTER_CONNECTION,REGISTER_CONNECTION,REGISTER_CONNECTION,0.9351,EXPECTED_SHARED_PROTOCOL,True,True,True,False,True,False,True,True,SOVT_GLIDE,SOVT_GLIDE
b4b7ce279c98,HIGH_NOTE_UNSTABLE,AFTER_SINGING_FATIGUE,REGISTER_CONNECTION,REGISTER_CONNECTION,REGISTER_CONNECTION,REGISTER_CONNECTION,0.9442,EXPECTED_SHARED_PROTOCOL,True,True,True,False,True,False,True,True,SOVT_GLIDE,SOVT_GLIDE
b4b7ce279c98,HIGH_NOTE_UNSTABLE,PITCH_UNSTABLE,REGISTER_CONNECTION,REGISTER_CONNECTION,REGISTER_CONNECTION,REGISTER_CONNECTION,0.9483,EXPECTED_SHARED_PROTOCOL,True,True,False,False,True,False,True,True,SOVT_GLIDE,SOVT_GLIDE
b4b7ce279c98,HIGH_NOTE_UNSTABLE,REGISTER_CONNECTION_DIFFICULT,REGISTER_CONNECTION,REGISTER_CONNECTION,REGISTER_CONNECTION,REGISTER_CONNECTION,0.9367,EXPECTED_SHARED_PROTOCOL,True,True,False,False,True,False,True,True,SOVT_GLIDE,SOVT_GLIDE
b4b7ce279c98,THROAT_EFFORT,LOUD_VOICE_DIFFICULT,REGISTER_CONNECTION,REGISTER_CONNECTION,REGISTER_CONNECTION,REGISTER_CONNECTION,0.9351,EXPECTED_SHARED_PROTOCOL,True,True,True,False,True,False,True,True,SOVT_GLIDE,SOVT_GLIDE
b4b7ce279c98,THROAT_EFFORT,VOCAL_FATIGUE,REGISTER_CONNECTION,REGISTER_CONNECTION,REGISTER_CONNECTION,REGISTER_CONNECTION,0.9565,EXPECTED_SHARED_PROTOCOL,True,True,True,False,True,False,True,True,SOVT_GLIDE,SOVT_GLIDE
b4b7ce279c98,THROAT_EFFORT,AFTER_SINGING_FATIGUE,REGISTER_CONNECTION,REGISTER_CONNECTION,REGISTER_CONNECTION,REGISTER_CONNECTION,0.931,EXPECTED_SHARED_PROTOCOL,True,True,True,False,True,False,True,True,SOVT_GLIDE,SOVT_GLIDE
b4b7ce279c98,THROAT_EFFORT,PITCH_UNSTABLE,REGISTER_CONNECTION,REGISTER_CONNECTION,REGISTER_CONNECTION,REGISTER_CONNECTION,0.9437,EXPECTED_SHARED_PROTOCOL,True,True,False,False,True,False,True,True,SOVT_GLIDE,SOVT_GLIDE
b4b7ce279c98,THROAT_EFFORT,REGISTER_CONNECTION_DIFFICULT,REGISTER_CONNECTION,REGISTER_CONNECTION,REGISTER_CONNECTION,REGISTER_CONNECTION,0.9407,EXPECTED_SHARED_PROTOCOL,True,True,False,False,True,False,True,True,SOVT_GLIDE,SOVT_GLIDE
b4b7ce279c98,LOUD_VOICE_DIFFICULT,VOCAL_FATIGUE,REGISTER_CONNECTION,REGISTER_CONNECTION,REGISTER_CONNECTION,REGISTER_CONNECTION,0.9351,EXPECTED_SHARED_PROTOCOL,True,True,True,False,True,False,True,True,SOVT_GLIDE,SOVT_GLIDE
b4b7ce279c98,LOUD_VOICE_DIFFICULT,AFTER_SINGING_FATIGUE,REGISTER_CONNECTION,REGISTER_CONNECTION,REGISTER_CONNECTION,REGISTER_CONNECTION,0.9356,EXPECTED_SHARED_PROTOCOL,True,True,True,False,True,False,True,True,SOVT_GLIDE,SOVT_GLIDE
b4b7ce279c98,LOUD_VOICE_DIFFICULT,PITCH_UNSTABLE,REGISTER_CONNECTION,REGISTER_CONNECTION,REGISTER_CONNECTION,REGISTER_CONNECTION,0.931,EXPECTED_SHARED_PROTOCOL,True,True,False,False,True,False,True,True,SOVT_GLIDE,SOVT_GLIDE
b4b7ce279c98,LOUD_VOICE_DIFFICULT,REGISTER_CONNECTION_DIFFICULT,REGISTER_CONNECTION,REGISTER_CONNECTION,REGISTER_CONNECTION,REGISTER_CONNECTION,0.9114,EXPECTED_SHARED_PROTOCOL,True,True,False,False,True,False,True,True,SOVT_GLIDE,SOVT_GLIDE
b4b7ce279c98,VOCAL_FATIGUE,AFTER_SINGING_FATIGUE,REGISTER_CONNECTION,REGISTER_CONNECTION,REGISTER_CONNECTION,REGISTER_CONNECTION,0.9569,EXPECTED_SHARED_PROTOCOL,True,True,True,False,True,False,True,True,SOVT_GLIDE,SOVT_GLIDE
b4b7ce279c98,VOCAL_FATIGUE,PITCH_UNSTABLE,REGISTER_CONNECTION,REGISTER_CONNECTION,REGISTER_CONNECTION,REGISTER_CONNECTION,0.9524,EXPECTED_SHARED_PROTOCOL,True,True,False,False,True,False,True,True,SOVT_GLIDE,SOVT_GLIDE
b4b7ce279c98,VOCAL_FATIGUE,REGISTER_CONNECTION_DIFFICULT,REGISTER_CONNECTION,REGISTER_CONNECTION,REGISTER_CONNECTION,REGISTER_CONNECTION,0.9237,EXPECTED_SHARED_PROTOCOL,True,True,False,False,True,False,True,True,SOVT_GLIDE,SOVT_GLIDE
b4b7ce279c98,AFTER_SINGING_FATIGUE,PITCH_UNSTABLE,REGISTER_CONNECTION,REGISTER_CONNECTION,REGISTER_CONNECTION,REGISTER_CONNECTION,0.927,EXPECTED_SHARED_PROTOCOL,True,True,False,False,True,False,True,True,SOVT_GLIDE,SOVT_GLIDE
b4b7ce279c98,AFTER_SINGING_FATIGUE,REGISTER_CONNECTION_DIFFICULT,REGISTER_CONNECTION,REGISTER_CONNECTION,REGISTER_CONNECTION,REGISTER_CONNECTION,0.916,EXPECTED_SHARED_PROTOCOL,True,True,False,False,True,False,True,True,SOVT_GLIDE,SOVT_GLIDE
b4b7ce279c98,PITCH_UNSTABLE,REGISTER_CONNECTION_DIFFICULT,REGISTER_CONNECTION,REGISTER_CONNECTION,REGISTER_CONNECTION,REGISTER_CONNECTION,0.9367,EXPECTED_SHARED_PROTOCOL,True,True,True,False,True,False,True,True,SOVT_GLIDE,SOVT_GLIDE
b960707ab2f6,HIGH_NOTE_CANNOT_REACH,HIGH_NOTE_TOO_EFFORTFUL,REGISTER_CONNECTION,REGISTER_CONNECTION,REGISTER_CONNECTION,REGISTER_CONNECTION,0.9442,EXPECTED_SHARED_PROTOCOL,True,True,True,True,True,False,True,True,SOVT_GLIDE,SOVT_GLIDE
b960707ab2f6,HIGH_NOTE_CANNOT_REACH,HIGH_NOTE_FLIPS,REGISTER_CONNECTION,REGISTER_CONNECTION,REGISTER_CONNECTION,REGISTER_CONNECTION,0.9561,EXPECTED_SHARED_PROTOCOL,True,True,True,True,True,False,True,True,SOVT_GLIDE,SOVT_GLIDE
b960707ab2f6,HIGH_NOTE_CANNOT_REACH,HIGH_NOTE_UNSTABLE,REGISTER_CONNECTION,REGISTER_CONNECTION,REGISTER_CONNECTION,REGISTER_CONNECTION,0.9697,EXPECTED_SHARED_PROTOCOL,True,True,True,True,True,False,True,True,SOVT_GLIDE,SOVT_GLIDE
b960707ab2f6,HIGH_NOTE_CANNOT_REACH,THROAT_EFFORT,REGISTER_CONNECTION,REGISTER_CONNECTION,REGISTER_CONNECTION,REGISTER_CONNECTION,0.9391,EXPECTED_SHARED_PROTOCOL,True,True,True,False,True,False,True,True,SOVT_GLIDE,SOVT_GLIDE
b960707ab2f6,HIGH_NOTE_CANNOT_REACH,LOUD_VOICE_DIFFICULT,REGISTER_CONNECTION,REGISTER_CONNECTION,REGISTER_CONNECTION,REGISTER_CONNECTION,0.9524,EXPECTED_SHARED_PROTOCOL,True,True,True,False,True,False,True,True,SOVT_GLIDE,SOVT_GLIDE
b960707ab2f6,HIGH_NOTE_CANNOT_REACH,VOCAL_FATIGUE,REGISTER_CONNECTION,REGISTER_CONNECTION,REGISTER_CONNECTION,REGISTER_CONNECTION,0.9391,EXPECTED_SHARED_PROTOCOL,True,True,True,False,True,False,True,True,SOVT_GLIDE,SOVT_GLIDE
b960707ab2f6,HIGH_NOTE_CANNOT_REACH,AFTER_SINGING_FATIGUE,REGISTER_CONNECTION,REGISTER_CONNECTION,REGISTER_CONNECTION,REGISTER_CONNECTION,0.9397,EXPECTED_SHARED_PROTOCOL,True,True,True,False,True,False,True,True,SOVT_GLIDE,SOVT_GLIDE
b960707ab2f6,HIGH_NOTE_CANNOT_REACH,PITCH_UNSTABLE,REGISTER_CONNECTION,REGISTER_CONNECTION,REGISTER_CONNECTION,REGISTER_CONNECTION,0.9437,EXPECTED_SHARED_PROTOCOL,True,True,False,False,True,False,True,True,SOVT_GLIDE,SOVT_GLIDE
b960707ab2f6,HIGH_NOTE_CANNOT_REACH,REGISTER_CONNECTION_DIFFICULT,REGISTER_CONNECTION,REGISTER_CONNECTION,REGISTER_CONNECTION,REGISTER_CONNECTION,0.9407,EXPECTED_SHARED_PROTOCOL,True,True,False,False,True,False,True,True,SOVT_GLIDE,SOVT_GLIDE
b960707ab2f6,HIGH_NOTE_TOO_EFFORTFUL,HIGH_NOTE_FLIPS,REGISTER_CONNECTION,REGISTER_CONNECTION,REGISTER_CONNECTION,REGISTER_CONNECTION,0.9437,EXPECTED_SHARED_PROTOCOL,True,True,True,True,True,False,True,True,SOVT_GLIDE,SOVT_GLIDE
b960707ab2f6,HIGH_NOTE_TOO_EFFORTFUL,HIGH_NOTE_UNSTABLE,REGISTER_CONNECTION,REGISTER_CONNECTION,REGISTER_CONNECTION,REGISTER_CONNECTION,0.9487,EXPECTED_SHARED_PROTOCOL,True,True,True,True,True,False,True,True,SOVT_GLIDE,SOVT_GLIDE
b960707ab2f6,HIGH_NOTE_TOO_EFFORTFUL,THROAT_EFFORT,REGISTER_CONNECTION,REGISTER_CONNECTION,REGISTER_CONNECTION,REGISTER_CONNECTION,0.9356,EXPECTED_SHARED_PROTOCOL,True,True,True,False,True,False,True,True,SOVT_GLIDE,SOVT_GLIDE
b960707ab2f6,HIGH_NOTE_TOO_EFFORTFUL,LOUD_VOICE_DIFFICULT,REGISTER_CONNECTION,REGISTER_CONNECTION,REGISTER_CONNECTION,REGISTER_CONNECTION,0.9316,EXPECTED_SHARED_PROTOCOL,True,True,True,False,True,False,True,True,SOVT_GLIDE,SOVT_GLIDE
b960707ab2f6,HIGH_NOTE_TOO_EFFORTFUL,VOCAL_FATIGUE,REGISTER_CONNECTION,REGISTER_CONNECTION,REGISTER_CONNECTION,REGISTER_CONNECTION,0.9442,EXPECTED_SHARED_PROTOCOL,True,True,True,False,True,False,True,True,SOVT_GLIDE,SOVT_GLIDE
b960707ab2f6,HIGH_NOTE_TOO_EFFORTFUL,AFTER_SINGING_FATIGUE,REGISTER_CONNECTION,REGISTER_CONNECTION,REGISTER_CONNECTION,REGISTER_CONNECTION,0.9277,EXPECTED_SHARED_PROTOCOL,True,True,True,False,True,False,True,True,SOVT_GLIDE,SOVT_GLIDE
b960707ab2f6,HIGH_NOTE_TOO_EFFORTFUL,PITCH_UNSTABLE,REGISTER_CONNECTION,REGISTER_CONNECTION,REGISTER_CONNECTION,REGISTER_CONNECTION,0.9487,EXPECTED_SHARED_PROTOCOL,True,True,False,False,True,False,True,True,SOVT_GLIDE,SOVT_GLIDE
b960707ab2f6,HIGH_NOTE_TOO_EFFORTFUL,REGISTER_CONNECTION_DIFFICULT,REGISTER_CONNECTION,REGISTER_CONNECTION,REGISTER_CONNECTION,REGISTER_CONNECTION,0.9372,EXPECTED_SHARED_PROTOCOL,True,True,False,False,True,False,True,True,SOVT_GLIDE,SOVT_GLIDE
b960707ab2f6,HIGH_NOTE_FLIPS,HIGH_NOTE_UNSTABLE,REGISTER_CONNECTION,REGISTER_CONNECTION,REGISTER_CONNECTION,REGISTER_CONNECTION,0.9607,EXPECTED_SHARED_PROTOCOL,True,True,True,True,True,False,True,True,SOVT_GLIDE,SOVT_GLIDE
b960707ab2f6,HIGH_NOTE_FLIPS,THROAT_EFFORT,REGISTER_CONNECTION,REGISTER_CONNECTION,REGISTER_CONNECTION,REGISTER_CONNECTION,0.9386,EXPECTED_SHARED_PROTOCOL,True,True,True,False,True,False,True,True,SOVT_GLIDE,SOVT_GLIDE
b960707ab2f6,HIGH_NOTE_FLIPS,LOUD_VOICE_DIFFICULT,REGISTER_CONNECTION,REGISTER_CONNECTION,REGISTER_CONNECTION,REGISTER_CONNECTION,0.9432,EXPECTED_SHARED_PROTOCOL,True,True,True,False,True,False,True,True,SOVT_GLIDE,SOVT_GLIDE
b960707ab2f6,HIGH_NOTE_FLIPS,VOCAL_FATIGUE,REGISTER_CONNECTION,REGISTER_CONNECTION,REGISTER_CONNECTION,REGISTER_CONNECTION,0.9474,EXPECTED_SHARED_PROTOCOL,True,True,True,False,True,False,True,True,SOVT_GLIDE,SOVT_GLIDE
b960707ab2f6,HIGH_NOTE_FLIPS,AFTER_SINGING_FATIGUE,REGISTER_CONNECTION,REGISTER_CONNECTION,REGISTER_CONNECTION,REGISTER_CONNECTION,0.9565,EXPECTED_SHARED_PROTOCOL,True,True,True,False,True,False,True,True,SOVT_GLIDE,SOVT_GLIDE
b960707ab2f6,HIGH_NOTE_FLIPS,PITCH_UNSTABLE,REGISTER_CONNECTION,REGISTER_CONNECTION,REGISTER_CONNECTION,REGISTER_CONNECTION,0.952,EXPECTED_SHARED_PROTOCOL,True,True,False,False,True,False,True,True,SOVT_GLIDE,SOVT_GLIDE
b960707ab2f6,HIGH_NOTE_FLIPS,REGISTER_CONNECTION_DIFFICULT,REGISTER_CONNECTION,REGISTER_CONNECTION,REGISTER_CONNECTION,REGISTER_CONNECTION,0.9231,EXPECTED_SHARED_PROTOCOL,True,True,False,False,True,False,True,True,SOVT_GLIDE,SOVT_GLIDE
b960707ab2f6,HIGH_NOTE_UNSTABLE,THROAT_EFFORT,REGISTER_CONNECTION,REGISTER_CONNECTION,REGISTER_CONNECTION,REGISTER_CONNECTION,0.9351,EXPECTED_SHARED_PROTOCOL,True,True,True,False,True,False,True,True,SOVT_GLIDE,SOVT_GLIDE
b960707ab2f6,HIGH_NOTE_UNSTABLE,LOUD_VOICE_DIFFICULT,REGISTER_CONNECTION,REGISTER_CONNECTION,REGISTER_CONNECTION,REGISTER_CONNECTION,0.9397,EXPECTED_SHARED_PROTOCOL,True,True,True,False,True,False,True,True,SOVT_GLIDE,SOVT_GLIDE
b960707ab2f6,HIGH_NOTE_UNSTABLE,VOCAL_FATIGUE,REGISTER_CONNECTION,REGISTER_CONNECTION,REGISTER_CONNECTION,REGISTER_CONNECTION,0.9351,EXPECTED_SHARED_PROTOCOL,True,True,True,False,True,False,True,True,SOVT_GLIDE,SOVT_GLIDE
b960707ab2f6,HIGH_NOTE_UNSTABLE,AFTER_SINGING_FATIGUE,REGISTER_CONNECTION,REGISTER_CONNECTION,REGISTER_CONNECTION,REGISTER_CONNECTION,0.9442,EXPECTED_SHARED_PROTOCOL,True,True,True,False,True,False,True,True,SOVT_GLIDE,SOVT_GLIDE
b960707ab2f6,HIGH_NOTE_UNSTABLE,PITCH_UNSTABLE,REGISTER_CONNECTION,REGISTER_CONNECTION,REGISTER_CONNECTION,REGISTER_CONNECTION,0.9483,EXPECTED_SHARED_PROTOCOL,True,True,False,False,True,False,True,True,SOVT_GLIDE,SOVT_GLIDE
b960707ab2f6,HIGH_NOTE_UNSTABLE,REGISTER_CONNECTION_DIFFICULT,REGISTER_CONNECTION,REGISTER_CONNECTION,REGISTER_CONNECTION,REGISTER_CONNECTION,0.9367,EXPECTED_SHARED_PROTOCOL,True,True,False,False,True,False,True,True,SOVT_GLIDE,SOVT_GLIDE
b960707ab2f6,THROAT_EFFORT,LOUD_VOICE_DIFFICULT,REGISTER_CONNECTION,REGISTER_CONNECTION,REGISTER_CONNECTION,REGISTER_CONNECTION,0.9351,EXPECTED_SHARED_PROTOCOL,True,True,True,False,True,False,True,True,SOVT_GLIDE,SOVT_GLIDE
b960707ab2f6,THROAT_EFFORT,VOCAL_FATIGUE,REGISTER_CONNECTION,REGISTER_CONNECTION,REGISTER_CONNECTION,REGISTER_CONNECTION,0.9565,EXPECTED_SHARED_PROTOCOL,True,True,True,False,True,False,True,True,SOVT_GLIDE,SOVT_GLIDE
b960707ab2f6,THROAT_EFFORT,AFTER_SINGING_FATIGUE,REGISTER_CONNECTION,REGISTER_CONNECTION,REGISTER_CONNECTION,REGISTER_CONNECTION,0.931,EXPECTED_SHARED_PROTOCOL,True,True,True,False,True,False,True,True,SOVT_GLIDE,SOVT_GLIDE
b960707ab2f6,THROAT_EFFORT,PITCH_UNSTABLE,REGISTER_CONNECTION,REGISTER_CONNECTION,REGISTER_CONNECTION,REGISTER_CONNECTION,0.9437,EXPECTED_SHARED_PROTOCOL,True,True,False,False,True,False,True,True,SOVT_GLIDE,SOVT_GLIDE
b960707ab2f6,THROAT_EFFORT,REGISTER_CONNECTION_DIFFICULT,REGISTER_CONNECTION,REGISTER_CONNECTION,REGISTER_CONNECTION,REGISTER_CONNECTION,0.9407,EXPECTED_SHARED_PROTOCOL,True,True,False,False,True,False,True,True,SOVT_GLIDE,SOVT_GLIDE
b960707ab2f6,LOUD_VOICE_DIFFICULT,VOCAL_FATIGUE,REGISTER_CONNECTION,REGISTER_CONNECTION,REGISTER_CONNECTION,REGISTER_CONNECTION,0.9351,EXPECTED_SHARED_PROTOCOL,True,True,True,False,True,False,True,True,SOVT_GLIDE,SOVT_GLIDE
b960707ab2f6,LOUD_VOICE_DIFFICULT,AFTER_SINGING_FATIGUE,REGISTER_CONNECTION,REGISTER_CONNECTION,REGISTER_CONNECTION,REGISTER_CONNECTION,0.9356,EXPECTED_SHARED_PROTOCOL,True,True,True,False,True,False,True,True,SOVT_GLIDE,SOVT_GLIDE
b960707ab2f6,LOUD_VOICE_DIFFICULT,PITCH_UNSTABLE,REGISTER_CONNECTION,REGISTER_CONNECTION,REGISTER_CONNECTION,REGISTER_CONNECTION,0.931,EXPECTED_SHARED_PROTOCOL,True,True,False,False,True,False,True,True,SOVT_GLIDE,SOVT_GLIDE
b960707ab2f6,LOUD_VOICE_DIFFICULT,REGISTER_CONNECTION_DIFFICULT,REGISTER_CONNECTION,REGISTER_CONNECTION,REGISTER_CONNECTION,REGISTER_CONNECTION,0.9114,EXPECTED_SHARED_PROTOCOL,True,True,False,False,True,False,True,True,SOVT_GLIDE,SOVT_GLIDE
b960707ab2f6,VOCAL_FATIGUE,AFTER_SINGING_FATIGUE,REGISTER_CONNECTION,REGISTER_CONNECTION,REGISTER_CONNECTION,REGISTER_CONNECTION,0.9569,EXPECTED_SHARED_PROTOCOL,True,True,True,False,True,False,True,True,SOVT_GLIDE,SOVT_GLIDE
b960707ab2f6,VOCAL_FATIGUE,PITCH_UNSTABLE,REGISTER_CONNECTION,REGISTER_CONNECTION,REGISTER_CONNECTION,REGISTER_CONNECTION,0.9524,EXPECTED_SHARED_PROTOCOL,True,True,False,False,True,False,True,True,SOVT_GLIDE,SOVT_GLIDE
b960707ab2f6,VOCAL_FATIGUE,REGISTER_CONNECTION_DIFFICULT,REGISTER_CONNECTION,REGISTER_CONNECTION,REGISTER_CONNECTION,REGISTER_CONNECTION,0.9237,EXPECTED_SHARED_PROTOCOL,True,True,False,False,True,False,True,True,SOVT_GLIDE,SOVT_GLIDE
b960707ab2f6,AFTER_SINGING_FATIGUE,PITCH_UNSTABLE,REGISTER_CONNECTION,REGISTER_CONNECTION,REGISTER_CONNECTION,REGISTER_CONNECTION,0.927,EXPECTED_SHARED_PROTOCOL,True,True,False,False,True,False,True,True,SOVT_GLIDE,SOVT_GLIDE
b960707ab2f6,AFTER_SINGING_FATIGUE,REGISTER_CONNECTION_DIFFICULT,REGISTER_CONNECTION,REGISTER_CONNECTION,REGISTER_CONNECTION,REGISTER_CONNECTION,0.916,EXPECTED_SHARED_PROTOCOL,True,True,False,False,True,False,True,True,SOVT_GLIDE,SOVT_GLIDE
b960707ab2f6,PITCH_UNSTABLE,REGISTER_CONNECTION_DIFFICULT,REGISTER_CONNECTION,REGISTER_CONNECTION,REGISTER_CONNECTION,REGISTER_CONNECTION,0.9367,EXPECTED_SHARED_PROTOCOL,True,True,True,False,True,False,True,True,SOVT_GLIDE,SOVT_GLIDE
b9ff5bf02262,HIGH_NOTE_TOO_EFFORTFUL,HIGH_NOTE_FLIPS,REGISTER_CONNECTION,REGISTER_CONNECTION,REGISTER_CONNECTION,REGISTER_CONNECTION,0.9437,EXPECTED_SHARED_PROTOCOL,True,True,True,True,True,False,True,True,SOVT_GLIDE,SOVT_GLIDE
b9ff5bf02262,HIGH_NOTE_UNSTABLE,PITCH_UNSTABLE,STABILITY,STABILITY,STABILITY,STABILITY,0.9048,EXPECTED_SHARED_PROTOCOL,True,True,False,False,True,False,True,True,SUSTAIN_HOLD,SUSTAIN_HOLD
b9ff5bf02262,HIGH_NOTE_UNSTABLE,REGISTER_CONNECTION_DIFFICULT,STABILITY,STABILITY,STABILITY,STABILITY,0.8855,EXPECTED_SHARED_PROTOCOL,True,True,False,False,True,False,True,True,SUSTAIN_HOLD,SUSTAIN_HOLD
b9ff5bf02262,THROAT_EFFORT,LOUD_VOICE_DIFFICULT,EFFORT,EFFORT,MAINTAIN,MAINTAIN,0.8819,EXPECTED_SHARED_PROTOCOL,True,True,True,False,True,False,True,True,SUSTAIN_HOLD,SUSTAIN_HOLD
b9ff5bf02262,THROAT_EFFORT,VOCAL_FATIGUE,EFFORT,EFFORT,MAINTAIN,MAINTAIN,0.9206,EXPECTED_SHARED_PROTOCOL,True,True,True,False,True,False,True,True,SUSTAIN_HOLD,SUSTAIN_HOLD
b9ff5bf02262,LOUD_VOICE_DIFFICULT,VOCAL_FATIGUE,EFFORT,EFFORT,MAINTAIN,MAINTAIN,0.8819,EXPECTED_SHARED_PROTOCOL,True,True,True,False,True,False,True,True,SUSTAIN_HOLD,SUSTAIN_HOLD
b9ff5bf02262,LOUD_VOICE_DIFFICULT,AFTER_SINGING_FATIGUE,EFFORT,EFFORT,MAINTAIN,MAINTAIN,0.8837,EXPECTED_SHARED_PROTOCOL,True,True,True,False,True,False,True,True,SUSTAIN_HOLD,SUSTAIN_HOLD
b9ff5bf02262,VOCAL_FATIGUE,AFTER_SINGING_FATIGUE,EFFORT,EFFORT,MAINTAIN,MAINTAIN,0.9219,EXPECTED_SHARED_PROTOCOL,True,True,True,False,True,False,True,True,SUSTAIN_HOLD,SUSTAIN_HOLD
b9ff5bf02262,PITCH_UNSTABLE,REGISTER_CONNECTION_DIFFICULT,STABILITY,STABILITY,STABILITY,STABILITY,0.8855,EXPECTED_SHARED_PROTOCOL,True,True,True,False,True,False,True,True,SUSTAIN_HOLD,SUSTAIN_HOLD
bdb75679732a,HIGH_NOTE_CANNOT_REACH,HIGH_NOTE_TOO_EFFORTFUL,REGISTER_CONNECTION,REGISTER_CONNECTION,REGISTER_CONNECTION,REGISTER_CONNECTION,0.9442,EXPECTED_SHARED_PROTOCOL,True,True,True,True,True,False,True,True,SOVT_GLIDE,SOVT_GLIDE
bdb75679732a,HIGH_NOTE_CANNOT_REACH,HIGH_NOTE_FLIPS,REGISTER_CONNECTION,REGISTER_CONNECTION,REGISTER_CONNECTION,REGISTER_CONNECTION,0.9561,EXPECTED_SHARED_PROTOCOL,True,True,True,True,True,False,True,True,SOVT_GLIDE,SOVT_GLIDE
bdb75679732a,HIGH_NOTE_CANNOT_REACH,HIGH_NOTE_UNSTABLE,REGISTER_CONNECTION,REGISTER_CONNECTION,REGISTER_CONNECTION,REGISTER_CONNECTION,0.9697,EXPECTED_SHARED_PROTOCOL,True,True,True,True,True,False,True,True,SOVT_GLIDE,SOVT_GLIDE
bdb75679732a,HIGH_NOTE_CANNOT_REACH,THROAT_EFFORT,REGISTER_CONNECTION,REGISTER_CONNECTION,REGISTER_CONNECTION,REGISTER_CONNECTION,0.9391,EXPECTED_SHARED_PROTOCOL,True,True,True,False,True,False,True,True,SOVT_GLIDE,SOVT_GLIDE
bdb75679732a,HIGH_NOTE_CANNOT_REACH,LOUD_VOICE_DIFFICULT,REGISTER_CONNECTION,REGISTER_CONNECTION,REGISTER_CONNECTION,REGISTER_CONNECTION,0.9524,EXPECTED_SHARED_PROTOCOL,True,True,True,False,True,False,True,True,SOVT_GLIDE,SOVT_GLIDE
bdb75679732a,HIGH_NOTE_CANNOT_REACH,VOCAL_FATIGUE,REGISTER_CONNECTION,REGISTER_CONNECTION,REGISTER_CONNECTION,REGISTER_CONNECTION,0.9391,EXPECTED_SHARED_PROTOCOL,True,True,True,False,True,False,True,True,SOVT_GLIDE,SOVT_GLIDE
bdb75679732a,HIGH_NOTE_CANNOT_REACH,AFTER_SINGING_FATIGUE,REGISTER_CONNECTION,REGISTER_CONNECTION,REGISTER_CONNECTION,REGISTER_CONNECTION,0.9397,EXPECTED_SHARED_PROTOCOL,True,True,True,False,True,False,True,True,SOVT_GLIDE,SOVT_GLIDE
bdb75679732a,HIGH_NOTE_CANNOT_REACH,PITCH_UNSTABLE,REGISTER_CONNECTION,REGISTER_CONNECTION,REGISTER_CONNECTION,REGISTER_CONNECTION,0.9437,EXPECTED_SHARED_PROTOCOL,True,True,False,False,True,False,True,True,SOVT_GLIDE,SOVT_GLIDE
bdb75679732a,HIGH_NOTE_CANNOT_REACH,REGISTER_CONNECTION_DIFFICULT,REGISTER_CONNECTION,REGISTER_CONNECTION,REGISTER_CONNECTION,REGISTER_CONNECTION,0.9407,EXPECTED_SHARED_PROTOCOL,True,True,False,False,True,False,True,True,SOVT_GLIDE,SOVT_GLIDE
bdb75679732a,HIGH_NOTE_TOO_EFFORTFUL,HIGH_NOTE_FLIPS,REGISTER_CONNECTION,REGISTER_CONNECTION,REGISTER_CONNECTION,REGISTER_CONNECTION,0.9437,EXPECTED_SHARED_PROTOCOL,True,True,True,True,True,False,True,True,SOVT_GLIDE,SOVT_GLIDE
bdb75679732a,HIGH_NOTE_TOO_EFFORTFUL,HIGH_NOTE_UNSTABLE,REGISTER_CONNECTION,REGISTER_CONNECTION,REGISTER_CONNECTION,REGISTER_CONNECTION,0.9487,EXPECTED_SHARED_PROTOCOL,True,True,True,True,True,False,True,True,SOVT_GLIDE,SOVT_GLIDE
bdb75679732a,HIGH_NOTE_TOO_EFFORTFUL,THROAT_EFFORT,REGISTER_CONNECTION,REGISTER_CONNECTION,REGISTER_CONNECTION,REGISTER_CONNECTION,0.9356,EXPECTED_SHARED_PROTOCOL,True,True,True,False,True,False,True,True,SOVT_GLIDE,SOVT_GLIDE
bdb75679732a,HIGH_NOTE_TOO_EFFORTFUL,LOUD_VOICE_DIFFICULT,REGISTER_CONNECTION,REGISTER_CONNECTION,REGISTER_CONNECTION,REGISTER_CONNECTION,0.9316,EXPECTED_SHARED_PROTOCOL,True,True,True,False,True,False,True,True,SOVT_GLIDE,SOVT_GLIDE
bdb75679732a,HIGH_NOTE_TOO_EFFORTFUL,VOCAL_FATIGUE,REGISTER_CONNECTION,REGISTER_CONNECTION,REGISTER_CONNECTION,REGISTER_CONNECTION,0.9442,EXPECTED_SHARED_PROTOCOL,True,True,True,False,True,False,True,True,SOVT_GLIDE,SOVT_GLIDE
bdb75679732a,HIGH_NOTE_TOO_EFFORTFUL,AFTER_SINGING_FATIGUE,REGISTER_CONNECTION,REGISTER_CONNECTION,REGISTER_CONNECTION,REGISTER_CONNECTION,0.9277,EXPECTED_SHARED_PROTOCOL,True,True,True,False,True,False,True,True,SOVT_GLIDE,SOVT_GLIDE
bdb75679732a,HIGH_NOTE_TOO_EFFORTFUL,PITCH_UNSTABLE,REGISTER_CONNECTION,REGISTER_CONNECTION,REGISTER_CONNECTION,REGISTER_CONNECTION,0.9487,EXPECTED_SHARED_PROTOCOL,True,True,False,False,True,False,True,True,SOVT_GLIDE,SOVT_GLIDE
bdb75679732a,HIGH_NOTE_TOO_EFFORTFUL,REGISTER_CONNECTION_DIFFICULT,REGISTER_CONNECTION,REGISTER_CONNECTION,REGISTER_CONNECTION,REGISTER_CONNECTION,0.9372,EXPECTED_SHARED_PROTOCOL,True,True,False,False,True,False,True,True,SOVT_GLIDE,SOVT_GLIDE
bdb75679732a,HIGH_NOTE_FLIPS,HIGH_NOTE_UNSTABLE,REGISTER_CONNECTION,REGISTER_CONNECTION,REGISTER_CONNECTION,REGISTER_CONNECTION,0.9607,EXPECTED_SHARED_PROTOCOL,True,True,True,True,True,False,True,True,SOVT_GLIDE,SOVT_GLIDE
bdb75679732a,HIGH_NOTE_FLIPS,THROAT_EFFORT,REGISTER_CONNECTION,REGISTER_CONNECTION,REGISTER_CONNECTION,REGISTER_CONNECTION,0.9386,EXPECTED_SHARED_PROTOCOL,True,True,True,False,True,False,True,True,SOVT_GLIDE,SOVT_GLIDE
bdb75679732a,HIGH_NOTE_FLIPS,LOUD_VOICE_DIFFICULT,REGISTER_CONNECTION,REGISTER_CONNECTION,REGISTER_CONNECTION,REGISTER_CONNECTION,0.9432,EXPECTED_SHARED_PROTOCOL,True,True,True,False,True,False,True,True,SOVT_GLIDE,SOVT_GLIDE
bdb75679732a,HIGH_NOTE_FLIPS,VOCAL_FATIGUE,REGISTER_CONNECTION,REGISTER_CONNECTION,REGISTER_CONNECTION,REGISTER_CONNECTION,0.9474,EXPECTED_SHARED_PROTOCOL,True,True,True,False,True,False,True,True,SOVT_GLIDE,SOVT_GLIDE
bdb75679732a,HIGH_NOTE_FLIPS,AFTER_SINGING_FATIGUE,REGISTER_CONNECTION,REGISTER_CONNECTION,REGISTER_CONNECTION,REGISTER_CONNECTION,0.9565,EXPECTED_SHARED_PROTOCOL,True,True,True,False,True,False,True,True,SOVT_GLIDE,SOVT_GLIDE
bdb75679732a,HIGH_NOTE_FLIPS,PITCH_UNSTABLE,REGISTER_CONNECTION,REGISTER_CONNECTION,REGISTER_CONNECTION,REGISTER_CONNECTION,0.952,EXPECTED_SHARED_PROTOCOL,True,True,False,False,True,False,True,True,SOVT_GLIDE,SOVT_GLIDE
bdb75679732a,HIGH_NOTE_FLIPS,REGISTER_CONNECTION_DIFFICULT,REGISTER_CONNECTION,REGISTER_CONNECTION,REGISTER_CONNECTION,REGISTER_CONNECTION,0.9231,EXPECTED_SHARED_PROTOCOL,True,True,False,False,True,False,True,True,SOVT_GLIDE,SOVT_GLIDE
bdb75679732a,HIGH_NOTE_THINS,TIMBRE_CHANGES_HIGH,REGISTER_CONNECTION,REGISTER_CONNECTION,REGISTER_CONNECTION,REGISTER_CONNECTION,0.9246,EXPECTED_SHARED_PROTOCOL,True,True,True,False,True,False,False,True,SOVT_GLIDE,SOVT_GLIDE
bdb75679732a,HIGH_NOTE_UNSTABLE,THROAT_EFFORT,REGISTER_CONNECTION,REGISTER_CONNECTION,REGISTER_CONNECTION,REGISTER_CONNECTION,0.9351,EXPECTED_SHARED_PROTOCOL,True,True,True,False,True,False,True,True,SOVT_GLIDE,SOVT_GLIDE
bdb75679732a,HIGH_NOTE_UNSTABLE,LOUD_VOICE_DIFFICULT,REGISTER_CONNECTION,REGISTER_CONNECTION,REGISTER_CONNECTION,REGISTER_CONNECTION,0.9397,EXPECTED_SHARED_PROTOCOL,True,True,True,False,True,False,True,True,SOVT_GLIDE,SOVT_GLIDE
bdb75679732a,HIGH_NOTE_UNSTABLE,VOCAL_FATIGUE,REGISTER_CONNECTION,REGISTER_CONNECTION,REGISTER_CONNECTION,REGISTER_CONNECTION,0.9351,EXPECTED_SHARED_PROTOCOL,True,True,True,False,True,False,True,True,SOVT_GLIDE,SOVT_GLIDE
bdb75679732a,HIGH_NOTE_UNSTABLE,AFTER_SINGING_FATIGUE,REGISTER_CONNECTION,REGISTER_CONNECTION,REGISTER_CONNECTION,REGISTER_CONNECTION,0.9442,EXPECTED_SHARED_PROTOCOL,True,True,True,False,True,False,True,True,SOVT_GLIDE,SOVT_GLIDE
bdb75679732a,HIGH_NOTE_UNSTABLE,PITCH_UNSTABLE,REGISTER_CONNECTION,REGISTER_CONNECTION,REGISTER_CONNECTION,REGISTER_CONNECTION,0.9483,EXPECTED_SHARED_PROTOCOL,True,True,False,False,True,False,True,True,SOVT_GLIDE,SOVT_GLIDE
bdb75679732a,HIGH_NOTE_UNSTABLE,REGISTER_CONNECTION_DIFFICULT,REGISTER_CONNECTION,REGISTER_CONNECTION,REGISTER_CONNECTION,REGISTER_CONNECTION,0.9367,EXPECTED_SHARED_PROTOCOL,True,True,False,False,True,False,True,True,SOVT_GLIDE,SOVT_GLIDE
bdb75679732a,THROAT_EFFORT,LOUD_VOICE_DIFFICULT,REGISTER_CONNECTION,REGISTER_CONNECTION,REGISTER_CONNECTION,REGISTER_CONNECTION,0.9351,EXPECTED_SHARED_PROTOCOL,True,True,True,False,True,False,True,True,SOVT_GLIDE,SOVT_GLIDE
bdb75679732a,THROAT_EFFORT,VOCAL_FATIGUE,REGISTER_CONNECTION,REGISTER_CONNECTION,REGISTER_CONNECTION,REGISTER_CONNECTION,0.9565,EXPECTED_SHARED_PROTOCOL,True,True,True,False,True,False,True,True,SOVT_GLIDE,SOVT_GLIDE
bdb75679732a,THROAT_EFFORT,AFTER_SINGING_FATIGUE,REGISTER_CONNECTION,REGISTER_CONNECTION,REGISTER_CONNECTION,REGISTER_CONNECTION,0.931,EXPECTED_SHARED_PROTOCOL,True,True,True,False,True,False,True,True,SOVT_GLIDE,SOVT_GLIDE
bdb75679732a,THROAT_EFFORT,PITCH_UNSTABLE,REGISTER_CONNECTION,REGISTER_CONNECTION,REGISTER_CONNECTION,REGISTER_CONNECTION,0.9437,EXPECTED_SHARED_PROTOCOL,True,True,False,False,True,False,True,True,SOVT_GLIDE,SOVT_GLIDE
bdb75679732a,THROAT_EFFORT,REGISTER_CONNECTION_DIFFICULT,REGISTER_CONNECTION,REGISTER_CONNECTION,REGISTER_CONNECTION,REGISTER_CONNECTION,0.9407,EXPECTED_SHARED_PROTOCOL,True,True,False,False,True,False,True,True,SOVT_GLIDE,SOVT_GLIDE
bdb75679732a,LOUD_VOICE_DIFFICULT,VOCAL_FATIGUE,REGISTER_CONNECTION,REGISTER_CONNECTION,REGISTER_CONNECTION,REGISTER_CONNECTION,0.9351,EXPECTED_SHARED_PROTOCOL,True,True,True,False,True,False,True,True,SOVT_GLIDE,SOVT_GLIDE
bdb75679732a,LOUD_VOICE_DIFFICULT,AFTER_SINGING_FATIGUE,REGISTER_CONNECTION,REGISTER_CONNECTION,REGISTER_CONNECTION,REGISTER_CONNECTION,0.9356,EXPECTED_SHARED_PROTOCOL,True,True,True,False,True,False,True,True,SOVT_GLIDE,SOVT_GLIDE
bdb75679732a,LOUD_VOICE_DIFFICULT,PITCH_UNSTABLE,REGISTER_CONNECTION,REGISTER_CONNECTION,REGISTER_CONNECTION,REGISTER_CONNECTION,0.931,EXPECTED_SHARED_PROTOCOL,True,True,False,False,True,False,True,True,SOVT_GLIDE,SOVT_GLIDE
bdb75679732a,LOUD_VOICE_DIFFICULT,REGISTER_CONNECTION_DIFFICULT,REGISTER_CONNECTION,REGISTER_CONNECTION,REGISTER_CONNECTION,REGISTER_CONNECTION,0.9114,EXPECTED_SHARED_PROTOCOL,True,True,False,False,True,False,True,True,SOVT_GLIDE,SOVT_GLIDE
bdb75679732a,VOCAL_FATIGUE,AFTER_SINGING_FATIGUE,REGISTER_CONNECTION,REGISTER_CONNECTION,REGISTER_CONNECTION,REGISTER_CONNECTION,0.9569,EXPECTED_SHARED_PROTOCOL,True,True,True,False,True,False,True,True,SOVT_GLIDE,SOVT_GLIDE
bdb75679732a,VOCAL_FATIGUE,PITCH_UNSTABLE,REGISTER_CONNECTION,REGISTER_CONNECTION,REGISTER_CONNECTION,REGISTER_CONNECTION,0.9524,EXPECTED_SHARED_PROTOCOL,True,True,False,False,True,False,True,True,SOVT_GLIDE,SOVT_GLIDE
bdb75679732a,VOCAL_FATIGUE,REGISTER_CONNECTION_DIFFICULT,REGISTER_CONNECTION,REGISTER_CONNECTION,REGISTER_CONNECTION,REGISTER_CONNECTION,0.9237,EXPECTED_SHARED_PROTOCOL,True,True,False,False,True,False,True,True,SOVT_GLIDE,SOVT_GLIDE
bdb75679732a,AFTER_SINGING_FATIGUE,PITCH_UNSTABLE,REGISTER_CONNECTION,REGISTER_CONNECTION,REGISTER_CONNECTION,REGISTER_CONNECTION,0.927,EXPECTED_SHARED_PROTOCOL,True,True,False,False,True,False,True,True,SOVT_GLIDE,SOVT_GLIDE
bdb75679732a,AFTER_SINGING_FATIGUE,REGISTER_CONNECTION_DIFFICULT,REGISTER_CONNECTION,REGISTER_CONNECTION,REGISTER_CONNECTION,REGISTER_CONNECTION,0.916,EXPECTED_SHARED_PROTOCOL,True,True,False,False,True,False,True,True,SOVT_GLIDE,SOVT_GLIDE
bdb75679732a,PITCH_UNSTABLE,REGISTER_CONNECTION_DIFFICULT,REGISTER_CONNECTION,REGISTER_CONNECTION,REGISTER_CONNECTION,REGISTER_CONNECTION,0.9367,EXPECTED_SHARED_PROTOCOL,True,True,True,False,True,False,True,True,SOVT_GLIDE,SOVT_GLIDE
c01fc220195f,HIGH_NOTE_CANNOT_REACH,HIGH_NOTE_TOO_EFFORTFUL,REGISTER_CONNECTION,REGISTER_CONNECTION,REGISTER_CONNECTION,REGISTER_CONNECTION,0.9442,EXPECTED_SHARED_PROTOCOL,True,True,True,True,True,False,True,True,SOVT_GLIDE,SOVT_GLIDE
c01fc220195f,HIGH_NOTE_CANNOT_REACH,HIGH_NOTE_FLIPS,REGISTER_CONNECTION,REGISTER_CONNECTION,REGISTER_CONNECTION,REGISTER_CONNECTION,0.9561,EXPECTED_SHARED_PROTOCOL,True,True,True,True,True,False,True,True,SOVT_GLIDE,SOVT_GLIDE
c01fc220195f,HIGH_NOTE_CANNOT_REACH,HIGH_NOTE_UNSTABLE,REGISTER_CONNECTION,REGISTER_CONNECTION,REGISTER_CONNECTION,REGISTER_CONNECTION,0.9697,EXPECTED_SHARED_PROTOCOL,True,True,True,True,True,False,True,True,SOVT_GLIDE,SOVT_GLIDE
c01fc220195f,HIGH_NOTE_CANNOT_REACH,THROAT_EFFORT,REGISTER_CONNECTION,REGISTER_CONNECTION,REGISTER_CONNECTION,REGISTER_CONNECTION,0.9391,EXPECTED_SHARED_PROTOCOL,True,True,True,False,True,False,True,True,SOVT_GLIDE,SOVT_GLIDE
c01fc220195f,HIGH_NOTE_CANNOT_REACH,LOUD_VOICE_DIFFICULT,REGISTER_CONNECTION,REGISTER_CONNECTION,REGISTER_CONNECTION,REGISTER_CONNECTION,0.9524,EXPECTED_SHARED_PROTOCOL,True,True,True,False,True,False,True,True,SOVT_GLIDE,SOVT_GLIDE
c01fc220195f,HIGH_NOTE_CANNOT_REACH,VOCAL_FATIGUE,REGISTER_CONNECTION,REGISTER_CONNECTION,REGISTER_CONNECTION,REGISTER_CONNECTION,0.9391,EXPECTED_SHARED_PROTOCOL,True,True,True,False,True,False,True,True,SOVT_GLIDE,SOVT_GLIDE
c01fc220195f,HIGH_NOTE_CANNOT_REACH,AFTER_SINGING_FATIGUE,REGISTER_CONNECTION,REGISTER_CONNECTION,REGISTER_CONNECTION,REGISTER_CONNECTION,0.9397,EXPECTED_SHARED_PROTOCOL,True,True,True,False,True,False,True,True,SOVT_GLIDE,SOVT_GLIDE
c01fc220195f,HIGH_NOTE_CANNOT_REACH,PITCH_UNSTABLE,REGISTER_CONNECTION,REGISTER_CONNECTION,REGISTER_CONNECTION,REGISTER_CONNECTION,0.9437,EXPECTED_SHARED_PROTOCOL,True,True,False,False,True,False,True,True,SOVT_GLIDE,SOVT_GLIDE
c01fc220195f,HIGH_NOTE_CANNOT_REACH,REGISTER_CONNECTION_DIFFICULT,REGISTER_CONNECTION,REGISTER_CONNECTION,REGISTER_CONNECTION,REGISTER_CONNECTION,0.9407,EXPECTED_SHARED_PROTOCOL,True,True,False,False,True,False,True,True,SOVT_GLIDE,SOVT_GLIDE
c01fc220195f,HIGH_NOTE_TOO_EFFORTFUL,HIGH_NOTE_FLIPS,REGISTER_CONNECTION,REGISTER_CONNECTION,REGISTER_CONNECTION,REGISTER_CONNECTION,0.9437,EXPECTED_SHARED_PROTOCOL,True,True,True,True,True,False,True,True,SOVT_GLIDE,SOVT_GLIDE
c01fc220195f,HIGH_NOTE_TOO_EFFORTFUL,HIGH_NOTE_UNSTABLE,REGISTER_CONNECTION,REGISTER_CONNECTION,REGISTER_CONNECTION,REGISTER_CONNECTION,0.9487,EXPECTED_SHARED_PROTOCOL,True,True,True,True,True,False,True,True,SOVT_GLIDE,SOVT_GLIDE
c01fc220195f,HIGH_NOTE_TOO_EFFORTFUL,THROAT_EFFORT,REGISTER_CONNECTION,REGISTER_CONNECTION,REGISTER_CONNECTION,REGISTER_CONNECTION,0.9356,EXPECTED_SHARED_PROTOCOL,True,True,True,False,True,False,True,True,SOVT_GLIDE,SOVT_GLIDE
c01fc220195f,HIGH_NOTE_TOO_EFFORTFUL,LOUD_VOICE_DIFFICULT,REGISTER_CONNECTION,REGISTER_CONNECTION,REGISTER_CONNECTION,REGISTER_CONNECTION,0.9316,EXPECTED_SHARED_PROTOCOL,True,True,True,False,True,False,True,True,SOVT_GLIDE,SOVT_GLIDE
c01fc220195f,HIGH_NOTE_TOO_EFFORTFUL,VOCAL_FATIGUE,REGISTER_CONNECTION,REGISTER_CONNECTION,REGISTER_CONNECTION,REGISTER_CONNECTION,0.9442,EXPECTED_SHARED_PROTOCOL,True,True,True,False,True,False,True,True,SOVT_GLIDE,SOVT_GLIDE
c01fc220195f,HIGH_NOTE_TOO_EFFORTFUL,AFTER_SINGING_FATIGUE,REGISTER_CONNECTION,REGISTER_CONNECTION,REGISTER_CONNECTION,REGISTER_CONNECTION,0.9277,EXPECTED_SHARED_PROTOCOL,True,True,True,False,True,False,True,True,SOVT_GLIDE,SOVT_GLIDE
c01fc220195f,HIGH_NOTE_TOO_EFFORTFUL,PITCH_UNSTABLE,REGISTER_CONNECTION,REGISTER_CONNECTION,REGISTER_CONNECTION,REGISTER_CONNECTION,0.9487,EXPECTED_SHARED_PROTOCOL,True,True,False,False,True,False,True,True,SOVT_GLIDE,SOVT_GLIDE
c01fc220195f,HIGH_NOTE_TOO_EFFORTFUL,REGISTER_CONNECTION_DIFFICULT,REGISTER_CONNECTION,REGISTER_CONNECTION,REGISTER_CONNECTION,REGISTER_CONNECTION,0.9372,EXPECTED_SHARED_PROTOCOL,True,True,False,False,True,False,True,True,SOVT_GLIDE,SOVT_GLIDE
c01fc220195f,HIGH_NOTE_FLIPS,HIGH_NOTE_UNSTABLE,REGISTER_CONNECTION,REGISTER_CONNECTION,REGISTER_CONNECTION,REGISTER_CONNECTION,0.9607,EXPECTED_SHARED_PROTOCOL,True,True,True,True,True,False,True,True,SOVT_GLIDE,SOVT_GLIDE
c01fc220195f,HIGH_NOTE_FLIPS,THROAT_EFFORT,REGISTER_CONNECTION,REGISTER_CONNECTION,REGISTER_CONNECTION,REGISTER_CONNECTION,0.9386,EXPECTED_SHARED_PROTOCOL,True,True,True,False,True,False,True,True,SOVT_GLIDE,SOVT_GLIDE
c01fc220195f,HIGH_NOTE_FLIPS,LOUD_VOICE_DIFFICULT,REGISTER_CONNECTION,REGISTER_CONNECTION,REGISTER_CONNECTION,REGISTER_CONNECTION,0.9432,EXPECTED_SHARED_PROTOCOL,True,True,True,False,True,False,True,True,SOVT_GLIDE,SOVT_GLIDE
c01fc220195f,HIGH_NOTE_FLIPS,VOCAL_FATIGUE,REGISTER_CONNECTION,REGISTER_CONNECTION,REGISTER_CONNECTION,REGISTER_CONNECTION,0.9474,EXPECTED_SHARED_PROTOCOL,True,True,True,False,True,False,True,True,SOVT_GLIDE,SOVT_GLIDE
c01fc220195f,HIGH_NOTE_FLIPS,AFTER_SINGING_FATIGUE,REGISTER_CONNECTION,REGISTER_CONNECTION,REGISTER_CONNECTION,REGISTER_CONNECTION,0.9565,EXPECTED_SHARED_PROTOCOL,True,True,True,False,True,False,True,True,SOVT_GLIDE,SOVT_GLIDE
c01fc220195f,HIGH_NOTE_FLIPS,PITCH_UNSTABLE,REGISTER_CONNECTION,REGISTER_CONNECTION,REGISTER_CONNECTION,REGISTER_CONNECTION,0.952,EXPECTED_SHARED_PROTOCOL,True,True,False,False,True,False,True,True,SOVT_GLIDE,SOVT_GLIDE
c01fc220195f,HIGH_NOTE_FLIPS,REGISTER_CONNECTION_DIFFICULT,REGISTER_CONNECTION,REGISTER_CONNECTION,REGISTER_CONNECTION,REGISTER_CONNECTION,0.9231,EXPECTED_SHARED_PROTOCOL,True,True,False,False,True,False,True,True,SOVT_GLIDE,SOVT_GLIDE
c01fc220195f,HIGH_NOTE_UNSTABLE,THROAT_EFFORT,REGISTER_CONNECTION,REGISTER_CONNECTION,REGISTER_CONNECTION,REGISTER_CONNECTION,0.9351,EXPECTED_SHARED_PROTOCOL,True,True,True,False,True,False,True,True,SOVT_GLIDE,SOVT_GLIDE
c01fc220195f,HIGH_NOTE_UNSTABLE,LOUD_VOICE_DIFFICULT,REGISTER_CONNECTION,REGISTER_CONNECTION,REGISTER_CONNECTION,REGISTER_CONNECTION,0.9397,EXPECTED_SHARED_PROTOCOL,True,True,True,False,True,False,True,True,SOVT_GLIDE,SOVT_GLIDE
c01fc220195f,HIGH_NOTE_UNSTABLE,VOCAL_FATIGUE,REGISTER_CONNECTION,REGISTER_CONNECTION,REGISTER_CONNECTION,REGISTER_CONNECTION,0.9351,EXPECTED_SHARED_PROTOCOL,True,True,True,False,True,False,True,True,SOVT_GLIDE,SOVT_GLIDE
c01fc220195f,HIGH_NOTE_UNSTABLE,AFTER_SINGING_FATIGUE,REGISTER_CONNECTION,REGISTER_CONNECTION,REGISTER_CONNECTION,REGISTER_CONNECTION,0.9442,EXPECTED_SHARED_PROTOCOL,True,True,True,False,True,False,True,True,SOVT_GLIDE,SOVT_GLIDE
c01fc220195f,HIGH_NOTE_UNSTABLE,PITCH_UNSTABLE,REGISTER_CONNECTION,REGISTER_CONNECTION,REGISTER_CONNECTION,REGISTER_CONNECTION,0.9483,EXPECTED_SHARED_PROTOCOL,True,True,False,False,True,False,True,True,SOVT_GLIDE,SOVT_GLIDE
c01fc220195f,HIGH_NOTE_UNSTABLE,REGISTER_CONNECTION_DIFFICULT,REGISTER_CONNECTION,REGISTER_CONNECTION,REGISTER_CONNECTION,REGISTER_CONNECTION,0.9367,EXPECTED_SHARED_PROTOCOL,True,True,False,False,True,False,True,True,SOVT_GLIDE,SOVT_GLIDE
c01fc220195f,THROAT_EFFORT,LOUD_VOICE_DIFFICULT,REGISTER_CONNECTION,REGISTER_CONNECTION,REGISTER_CONNECTION,REGISTER_CONNECTION,0.9351,EXPECTED_SHARED_PROTOCOL,True,True,True,False,True,False,True,True,SOVT_GLIDE,SOVT_GLIDE
c01fc220195f,THROAT_EFFORT,VOCAL_FATIGUE,REGISTER_CONNECTION,REGISTER_CONNECTION,REGISTER_CONNECTION,REGISTER_CONNECTION,0.9565,EXPECTED_SHARED_PROTOCOL,True,True,True,False,True,False,True,True,SOVT_GLIDE,SOVT_GLIDE
c01fc220195f,THROAT_EFFORT,AFTER_SINGING_FATIGUE,REGISTER_CONNECTION,REGISTER_CONNECTION,REGISTER_CONNECTION,REGISTER_CONNECTION,0.931,EXPECTED_SHARED_PROTOCOL,True,True,True,False,True,False,True,True,SOVT_GLIDE,SOVT_GLIDE
c01fc220195f,THROAT_EFFORT,PITCH_UNSTABLE,REGISTER_CONNECTION,REGISTER_CONNECTION,REGISTER_CONNECTION,REGISTER_CONNECTION,0.9437,EXPECTED_SHARED_PROTOCOL,True,True,False,False,True,False,True,True,SOVT_GLIDE,SOVT_GLIDE
c01fc220195f,THROAT_EFFORT,REGISTER_CONNECTION_DIFFICULT,REGISTER_CONNECTION,REGISTER_CONNECTION,REGISTER_CONNECTION,REGISTER_CONNECTION,0.9407,EXPECTED_SHARED_PROTOCOL,True,True,False,False,True,False,True,True,SOVT_GLIDE,SOVT_GLIDE
c01fc220195f,LOUD_VOICE_DIFFICULT,VOCAL_FATIGUE,REGISTER_CONNECTION,REGISTER_CONNECTION,REGISTER_CONNECTION,REGISTER_CONNECTION,0.9351,EXPECTED_SHARED_PROTOCOL,True,True,True,False,True,False,True,True,SOVT_GLIDE,SOVT_GLIDE
c01fc220195f,LOUD_VOICE_DIFFICULT,AFTER_SINGING_FATIGUE,REGISTER_CONNECTION,REGISTER_CONNECTION,REGISTER_CONNECTION,REGISTER_CONNECTION,0.9356,EXPECTED_SHARED_PROTOCOL,True,True,True,False,True,False,True,True,SOVT_GLIDE,SOVT_GLIDE
c01fc220195f,LOUD_VOICE_DIFFICULT,PITCH_UNSTABLE,REGISTER_CONNECTION,REGISTER_CONNECTION,REGISTER_CONNECTION,REGISTER_CONNECTION,0.931,EXPECTED_SHARED_PROTOCOL,True,True,False,False,True,False,True,True,SOVT_GLIDE,SOVT_GLIDE
c01fc220195f,LOUD_VOICE_DIFFICULT,REGISTER_CONNECTION_DIFFICULT,REGISTER_CONNECTION,REGISTER_CONNECTION,REGISTER_CONNECTION,REGISTER_CONNECTION,0.9114,EXPECTED_SHARED_PROTOCOL,True,True,False,False,True,False,True,True,SOVT_GLIDE,SOVT_GLIDE
c01fc220195f,VOCAL_FATIGUE,AFTER_SINGING_FATIGUE,REGISTER_CONNECTION,REGISTER_CONNECTION,REGISTER_CONNECTION,REGISTER_CONNECTION,0.9569,EXPECTED_SHARED_PROTOCOL,True,True,True,False,True,False,True,True,SOVT_GLIDE,SOVT_GLIDE
c01fc220195f,VOCAL_FATIGUE,PITCH_UNSTABLE,REGISTER_CONNECTION,REGISTER_CONNECTION,REGISTER_CONNECTION,REGISTER_CONNECTION,0.9524,EXPECTED_SHARED_PROTOCOL,True,True,False,False,True,False,True,True,SOVT_GLIDE,SOVT_GLIDE
c01fc220195f,VOCAL_FATIGUE,REGISTER_CONNECTION_DIFFICULT,REGISTER_CONNECTION,REGISTER_CONNECTION,REGISTER_CONNECTION,REGISTER_CONNECTION,0.9237,EXPECTED_SHARED_PROTOCOL,True,True,False,False,True,False,True,True,SOVT_GLIDE,SOVT_GLIDE
c01fc220195f,AFTER_SINGING_FATIGUE,PITCH_UNSTABLE,REGISTER_CONNECTION,REGISTER_CONNECTION,REGISTER_CONNECTION,REGISTER_CONNECTION,0.927,EXPECTED_SHARED_PROTOCOL,True,True,False,False,True,False,True,True,SOVT_GLIDE,SOVT_GLIDE
c01fc220195f,AFTER_SINGING_FATIGUE,REGISTER_CONNECTION_DIFFICULT,REGISTER_CONNECTION,REGISTER_CONNECTION,REGISTER_CONNECTION,REGISTER_CONNECTION,0.916,EXPECTED_SHARED_PROTOCOL,True,True,False,False,True,False,True,True,SOVT_GLIDE,SOVT_GLIDE
c01fc220195f,PITCH_UNSTABLE,REGISTER_CONNECTION_DIFFICULT,REGISTER_CONNECTION,REGISTER_CONNECTION,REGISTER_CONNECTION,REGISTER_CONNECTION,0.9367,EXPECTED_SHARED_PROTOCOL,True,True,True,False,True,False,True,True,SOVT_GLIDE,SOVT_GLIDE
c1815547c828,HIGH_NOTE_CANNOT_REACH,HIGH_NOTE_TOO_EFFORTFUL,REGISTER_CONNECTION,REGISTER_CONNECTION,REGISTER_CONNECTION,REGISTER_CONNECTION,0.9442,EXPECTED_SHARED_PROTOCOL,True,True,True,True,True,False,True,True,SOVT_GLIDE,SOVT_GLIDE
c1815547c828,HIGH_NOTE_CANNOT_REACH,HIGH_NOTE_FLIPS,REGISTER_CONNECTION,REGISTER_CONNECTION,REGISTER_CONNECTION,REGISTER_CONNECTION,0.9561,EXPECTED_SHARED_PROTOCOL,True,True,True,True,True,False,True,True,SOVT_GLIDE,SOVT_GLIDE
c1815547c828,HIGH_NOTE_CANNOT_REACH,HIGH_NOTE_UNSTABLE,REGISTER_CONNECTION,REGISTER_CONNECTION,REGISTER_CONNECTION,REGISTER_CONNECTION,0.9697,EXPECTED_SHARED_PROTOCOL,True,True,True,True,True,False,True,True,SOVT_GLIDE,SOVT_GLIDE
c1815547c828,HIGH_NOTE_CANNOT_REACH,THROAT_EFFORT,REGISTER_CONNECTION,REGISTER_CONNECTION,REGISTER_CONNECTION,REGISTER_CONNECTION,0.9391,EXPECTED_SHARED_PROTOCOL,True,True,True,False,True,False,True,True,SOVT_GLIDE,SOVT_GLIDE
c1815547c828,HIGH_NOTE_CANNOT_REACH,LOUD_VOICE_DIFFICULT,REGISTER_CONNECTION,REGISTER_CONNECTION,REGISTER_CONNECTION,REGISTER_CONNECTION,0.9524,EXPECTED_SHARED_PROTOCOL,True,True,True,False,True,False,True,True,SOVT_GLIDE,SOVT_GLIDE
c1815547c828,HIGH_NOTE_CANNOT_REACH,VOCAL_FATIGUE,REGISTER_CONNECTION,REGISTER_CONNECTION,REGISTER_CONNECTION,REGISTER_CONNECTION,0.9391,EXPECTED_SHARED_PROTOCOL,True,True,True,False,True,False,True,True,SOVT_GLIDE,SOVT_GLIDE
c1815547c828,HIGH_NOTE_CANNOT_REACH,AFTER_SINGING_FATIGUE,REGISTER_CONNECTION,REGISTER_CONNECTION,REGISTER_CONNECTION,REGISTER_CONNECTION,0.9397,EXPECTED_SHARED_PROTOCOL,True,True,True,False,True,False,True,True,SOVT_GLIDE,SOVT_GLIDE
c1815547c828,HIGH_NOTE_CANNOT_REACH,PITCH_UNSTABLE,REGISTER_CONNECTION,REGISTER_CONNECTION,REGISTER_CONNECTION,REGISTER_CONNECTION,0.9437,EXPECTED_SHARED_PROTOCOL,True,True,False,False,True,False,True,True,SOVT_GLIDE,SOVT_GLIDE
c1815547c828,HIGH_NOTE_CANNOT_REACH,REGISTER_CONNECTION_DIFFICULT,REGISTER_CONNECTION,REGISTER_CONNECTION,REGISTER_CONNECTION,REGISTER_CONNECTION,0.9407,EXPECTED_SHARED_PROTOCOL,True,True,False,False,True,False,True,True,SOVT_GLIDE,SOVT_GLIDE
c1815547c828,HIGH_NOTE_TOO_EFFORTFUL,HIGH_NOTE_FLIPS,REGISTER_CONNECTION,REGISTER_CONNECTION,REGISTER_CONNECTION,REGISTER_CONNECTION,0.9437,EXPECTED_SHARED_PROTOCOL,True,True,True,True,True,False,True,True,SOVT_GLIDE,SOVT_GLIDE
c1815547c828,HIGH_NOTE_TOO_EFFORTFUL,HIGH_NOTE_UNSTABLE,REGISTER_CONNECTION,REGISTER_CONNECTION,REGISTER_CONNECTION,REGISTER_CONNECTION,0.9487,EXPECTED_SHARED_PROTOCOL,True,True,True,True,True,False,True,True,SOVT_GLIDE,SOVT_GLIDE
c1815547c828,HIGH_NOTE_TOO_EFFORTFUL,THROAT_EFFORT,REGISTER_CONNECTION,REGISTER_CONNECTION,REGISTER_CONNECTION,REGISTER_CONNECTION,0.9356,EXPECTED_SHARED_PROTOCOL,True,True,True,False,True,False,True,True,SOVT_GLIDE,SOVT_GLIDE
c1815547c828,HIGH_NOTE_TOO_EFFORTFUL,LOUD_VOICE_DIFFICULT,REGISTER_CONNECTION,REGISTER_CONNECTION,REGISTER_CONNECTION,REGISTER_CONNECTION,0.9316,EXPECTED_SHARED_PROTOCOL,True,True,True,False,True,False,True,True,SOVT_GLIDE,SOVT_GLIDE
c1815547c828,HIGH_NOTE_TOO_EFFORTFUL,VOCAL_FATIGUE,REGISTER_CONNECTION,REGISTER_CONNECTION,REGISTER_CONNECTION,REGISTER_CONNECTION,0.9442,EXPECTED_SHARED_PROTOCOL,True,True,True,False,True,False,True,True,SOVT_GLIDE,SOVT_GLIDE
c1815547c828,HIGH_NOTE_TOO_EFFORTFUL,AFTER_SINGING_FATIGUE,REGISTER_CONNECTION,REGISTER_CONNECTION,REGISTER_CONNECTION,REGISTER_CONNECTION,0.9277,EXPECTED_SHARED_PROTOCOL,True,True,True,False,True,False,True,True,SOVT_GLIDE,SOVT_GLIDE
c1815547c828,HIGH_NOTE_TOO_EFFORTFUL,PITCH_UNSTABLE,REGISTER_CONNECTION,REGISTER_CONNECTION,REGISTER_CONNECTION,REGISTER_CONNECTION,0.9487,EXPECTED_SHARED_PROTOCOL,True,True,False,False,True,False,True,True,SOVT_GLIDE,SOVT_GLIDE
c1815547c828,HIGH_NOTE_TOO_EFFORTFUL,REGISTER_CONNECTION_DIFFICULT,REGISTER_CONNECTION,REGISTER_CONNECTION,REGISTER_CONNECTION,REGISTER_CONNECTION,0.9372,EXPECTED_SHARED_PROTOCOL,True,True,False,False,True,False,True,True,SOVT_GLIDE,SOVT_GLIDE
c1815547c828,HIGH_NOTE_FLIPS,HIGH_NOTE_UNSTABLE,REGISTER_CONNECTION,REGISTER_CONNECTION,REGISTER_CONNECTION,REGISTER_CONNECTION,0.9607,EXPECTED_SHARED_PROTOCOL,True,True,True,True,True,False,True,True,SOVT_GLIDE,SOVT_GLIDE
c1815547c828,HIGH_NOTE_FLIPS,THROAT_EFFORT,REGISTER_CONNECTION,REGISTER_CONNECTION,REGISTER_CONNECTION,REGISTER_CONNECTION,0.9386,EXPECTED_SHARED_PROTOCOL,True,True,True,False,True,False,True,True,SOVT_GLIDE,SOVT_GLIDE
c1815547c828,HIGH_NOTE_FLIPS,LOUD_VOICE_DIFFICULT,REGISTER_CONNECTION,REGISTER_CONNECTION,REGISTER_CONNECTION,REGISTER_CONNECTION,0.9432,EXPECTED_SHARED_PROTOCOL,True,True,True,False,True,False,True,True,SOVT_GLIDE,SOVT_GLIDE
c1815547c828,HIGH_NOTE_FLIPS,VOCAL_FATIGUE,REGISTER_CONNECTION,REGISTER_CONNECTION,REGISTER_CONNECTION,REGISTER_CONNECTION,0.9474,EXPECTED_SHARED_PROTOCOL,True,True,True,False,True,False,True,True,SOVT_GLIDE,SOVT_GLIDE
c1815547c828,HIGH_NOTE_FLIPS,AFTER_SINGING_FATIGUE,REGISTER_CONNECTION,REGISTER_CONNECTION,REGISTER_CONNECTION,REGISTER_CONNECTION,0.9565,EXPECTED_SHARED_PROTOCOL,True,True,True,False,True,False,True,True,SOVT_GLIDE,SOVT_GLIDE
c1815547c828,HIGH_NOTE_FLIPS,PITCH_UNSTABLE,REGISTER_CONNECTION,REGISTER_CONNECTION,REGISTER_CONNECTION,REGISTER_CONNECTION,0.952,EXPECTED_SHARED_PROTOCOL,True,True,False,False,True,False,True,True,SOVT_GLIDE,SOVT_GLIDE
c1815547c828,HIGH_NOTE_FLIPS,REGISTER_CONNECTION_DIFFICULT,REGISTER_CONNECTION,REGISTER_CONNECTION,REGISTER_CONNECTION,REGISTER_CONNECTION,0.9231,EXPECTED_SHARED_PROTOCOL,True,True,False,False,True,False,True,True,SOVT_GLIDE,SOVT_GLIDE
c1815547c828,HIGH_NOTE_THINS,TIMBRE_CHANGES_HIGH,REGISTER_CONNECTION,REGISTER_CONNECTION,REGISTER_CONNECTION,REGISTER_CONNECTION,0.9246,EXPECTED_SHARED_PROTOCOL,True,True,True,False,True,False,True,True,SOVT_GLIDE,SOVT_GLIDE
c1815547c828,HIGH_NOTE_UNSTABLE,THROAT_EFFORT,REGISTER_CONNECTION,REGISTER_CONNECTION,REGISTER_CONNECTION,REGISTER_CONNECTION,0.9351,EXPECTED_SHARED_PROTOCOL,True,True,True,False,True,False,True,True,SOVT_GLIDE,SOVT_GLIDE
c1815547c828,HIGH_NOTE_UNSTABLE,LOUD_VOICE_DIFFICULT,REGISTER_CONNECTION,REGISTER_CONNECTION,REGISTER_CONNECTION,REGISTER_CONNECTION,0.9397,EXPECTED_SHARED_PROTOCOL,True,True,True,False,True,False,True,True,SOVT_GLIDE,SOVT_GLIDE
c1815547c828,HIGH_NOTE_UNSTABLE,VOCAL_FATIGUE,REGISTER_CONNECTION,REGISTER_CONNECTION,REGISTER_CONNECTION,REGISTER_CONNECTION,0.9351,EXPECTED_SHARED_PROTOCOL,True,True,True,False,True,False,True,True,SOVT_GLIDE,SOVT_GLIDE
c1815547c828,HIGH_NOTE_UNSTABLE,AFTER_SINGING_FATIGUE,REGISTER_CONNECTION,REGISTER_CONNECTION,REGISTER_CONNECTION,REGISTER_CONNECTION,0.9442,EXPECTED_SHARED_PROTOCOL,True,True,True,False,True,False,True,True,SOVT_GLIDE,SOVT_GLIDE
c1815547c828,HIGH_NOTE_UNSTABLE,PITCH_UNSTABLE,REGISTER_CONNECTION,REGISTER_CONNECTION,REGISTER_CONNECTION,REGISTER_CONNECTION,0.9483,EXPECTED_SHARED_PROTOCOL,True,True,False,False,True,False,True,True,SOVT_GLIDE,SOVT_GLIDE
c1815547c828,HIGH_NOTE_UNSTABLE,REGISTER_CONNECTION_DIFFICULT,REGISTER_CONNECTION,REGISTER_CONNECTION,REGISTER_CONNECTION,REGISTER_CONNECTION,0.9367,EXPECTED_SHARED_PROTOCOL,True,True,False,False,True,False,True,True,SOVT_GLIDE,SOVT_GLIDE
c1815547c828,THROAT_EFFORT,LOUD_VOICE_DIFFICULT,REGISTER_CONNECTION,REGISTER_CONNECTION,REGISTER_CONNECTION,REGISTER_CONNECTION,0.9351,EXPECTED_SHARED_PROTOCOL,True,True,True,False,True,False,True,True,SOVT_GLIDE,SOVT_GLIDE
c1815547c828,THROAT_EFFORT,VOCAL_FATIGUE,REGISTER_CONNECTION,REGISTER_CONNECTION,REGISTER_CONNECTION,REGISTER_CONNECTION,0.9565,EXPECTED_SHARED_PROTOCOL,True,True,True,False,True,False,True,True,SOVT_GLIDE,SOVT_GLIDE
c1815547c828,THROAT_EFFORT,AFTER_SINGING_FATIGUE,REGISTER_CONNECTION,REGISTER_CONNECTION,REGISTER_CONNECTION,REGISTER_CONNECTION,0.931,EXPECTED_SHARED_PROTOCOL,True,True,True,False,True,False,True,True,SOVT_GLIDE,SOVT_GLIDE
c1815547c828,THROAT_EFFORT,PITCH_UNSTABLE,REGISTER_CONNECTION,REGISTER_CONNECTION,REGISTER_CONNECTION,REGISTER_CONNECTION,0.9437,EXPECTED_SHARED_PROTOCOL,True,True,False,False,True,False,True,True,SOVT_GLIDE,SOVT_GLIDE
c1815547c828,THROAT_EFFORT,REGISTER_CONNECTION_DIFFICULT,REGISTER_CONNECTION,REGISTER_CONNECTION,REGISTER_CONNECTION,REGISTER_CONNECTION,0.9407,EXPECTED_SHARED_PROTOCOL,True,True,False,False,True,False,True,True,SOVT_GLIDE,SOVT_GLIDE
c1815547c828,LOUD_VOICE_DIFFICULT,VOCAL_FATIGUE,REGISTER_CONNECTION,REGISTER_CONNECTION,REGISTER_CONNECTION,REGISTER_CONNECTION,0.9351,EXPECTED_SHARED_PROTOCOL,True,True,True,False,True,False,True,True,SOVT_GLIDE,SOVT_GLIDE
c1815547c828,LOUD_VOICE_DIFFICULT,AFTER_SINGING_FATIGUE,REGISTER_CONNECTION,REGISTER_CONNECTION,REGISTER_CONNECTION,REGISTER_CONNECTION,0.9356,EXPECTED_SHARED_PROTOCOL,True,True,True,False,True,False,True,True,SOVT_GLIDE,SOVT_GLIDE
c1815547c828,LOUD_VOICE_DIFFICULT,PITCH_UNSTABLE,REGISTER_CONNECTION,REGISTER_CONNECTION,REGISTER_CONNECTION,REGISTER_CONNECTION,0.931,EXPECTED_SHARED_PROTOCOL,True,True,False,False,True,False,True,True,SOVT_GLIDE,SOVT_GLIDE
c1815547c828,LOUD_VOICE_DIFFICULT,REGISTER_CONNECTION_DIFFICULT,REGISTER_CONNECTION,REGISTER_CONNECTION,REGISTER_CONNECTION,REGISTER_CONNECTION,0.9114,EXPECTED_SHARED_PROTOCOL,True,True,False,False,True,False,True,True,SOVT_GLIDE,SOVT_GLIDE
c1815547c828,VOCAL_FATIGUE,AFTER_SINGING_FATIGUE,REGISTER_CONNECTION,REGISTER_CONNECTION,REGISTER_CONNECTION,REGISTER_CONNECTION,0.9569,EXPECTED_SHARED_PROTOCOL,True,True,True,False,True,False,True,True,SOVT_GLIDE,SOVT_GLIDE
c1815547c828,VOCAL_FATIGUE,PITCH_UNSTABLE,REGISTER_CONNECTION,REGISTER_CONNECTION,REGISTER_CONNECTION,REGISTER_CONNECTION,0.9524,EXPECTED_SHARED_PROTOCOL,True,True,False,False,True,False,True,True,SOVT_GLIDE,SOVT_GLIDE
c1815547c828,VOCAL_FATIGUE,REGISTER_CONNECTION_DIFFICULT,REGISTER_CONNECTION,REGISTER_CONNECTION,REGISTER_CONNECTION,REGISTER_CONNECTION,0.9237,EXPECTED_SHARED_PROTOCOL,True,True,False,False,True,False,True,True,SOVT_GLIDE,SOVT_GLIDE
c1815547c828,AFTER_SINGING_FATIGUE,PITCH_UNSTABLE,REGISTER_CONNECTION,REGISTER_CONNECTION,REGISTER_CONNECTION,REGISTER_CONNECTION,0.927,EXPECTED_SHARED_PROTOCOL,True,True,False,False,True,False,True,True,SOVT_GLIDE,SOVT_GLIDE
c1815547c828,AFTER_SINGING_FATIGUE,REGISTER_CONNECTION_DIFFICULT,REGISTER_CONNECTION,REGISTER_CONNECTION,REGISTER_CONNECTION,REGISTER_CONNECTION,0.916,EXPECTED_SHARED_PROTOCOL,True,True,False,False,True,False,True,True,SOVT_GLIDE,SOVT_GLIDE
c1815547c828,PITCH_UNSTABLE,REGISTER_CONNECTION_DIFFICULT,REGISTER_CONNECTION,REGISTER_CONNECTION,REGISTER_CONNECTION,REGISTER_CONNECTION,0.9367,EXPECTED_SHARED_PROTOCOL,True,True,True,False,True,False,True,True,SOVT_GLIDE,SOVT_GLIDE
c1f4910eafe2,HIGH_NOTE_TOO_EFFORTFUL,HIGH_NOTE_FLIPS,REGISTER_CONNECTION,REGISTER_CONNECTION,REGISTER_CONNECTION,REGISTER_CONNECTION,0.9437,EXPECTED_SHARED_PROTOCOL,True,True,True,True,True,False,True,True,SOVT_GLIDE,SOVT_GLIDE
c1f4910eafe2,HIGH_NOTE_UNSTABLE,PITCH_UNSTABLE,STABILITY,STABILITY,STABILITY,STABILITY,0.9048,EXPECTED_SHARED_PROTOCOL,True,True,False,False,True,False,True,True,SUSTAIN_HOLD,SUSTAIN_HOLD
c1f4910eafe2,HIGH_NOTE_UNSTABLE,REGISTER_CONNECTION_DIFFICULT,STABILITY,STABILITY,STABILITY,STABILITY,0.8855,EXPECTED_SHARED_PROTOCOL,True,True,False,False,True,False,True,True,SUSTAIN_HOLD,SUSTAIN_HOLD
c1f4910eafe2,THROAT_EFFORT,LOUD_VOICE_DIFFICULT,EFFORT,EFFORT,MAINTAIN,MAINTAIN,0.8819,EXPECTED_SHARED_PROTOCOL,True,True,True,False,True,False,True,True,SUSTAIN_HOLD,SUSTAIN_HOLD
c1f4910eafe2,THROAT_EFFORT,VOCAL_FATIGUE,EFFORT,EFFORT,MAINTAIN,MAINTAIN,0.9206,EXPECTED_SHARED_PROTOCOL,True,True,True,False,True,False,True,True,SUSTAIN_HOLD,SUSTAIN_HOLD
c1f4910eafe2,LOUD_VOICE_DIFFICULT,VOCAL_FATIGUE,EFFORT,EFFORT,MAINTAIN,MAINTAIN,0.8819,EXPECTED_SHARED_PROTOCOL,True,True,True,False,True,False,True,True,SUSTAIN_HOLD,SUSTAIN_HOLD
c1f4910eafe2,LOUD_VOICE_DIFFICULT,AFTER_SINGING_FATIGUE,EFFORT,EFFORT,MAINTAIN,MAINTAIN,0.8837,EXPECTED_SHARED_PROTOCOL,True,True,True,False,True,False,True,True,SUSTAIN_HOLD,SUSTAIN_HOLD
c1f4910eafe2,VOCAL_FATIGUE,AFTER_SINGING_FATIGUE,EFFORT,EFFORT,MAINTAIN,MAINTAIN,0.9219,EXPECTED_SHARED_PROTOCOL,True,True,True,False,True,False,True,True,SUSTAIN_HOLD,SUSTAIN_HOLD
c1f4910eafe2,PITCH_UNSTABLE,REGISTER_CONNECTION_DIFFICULT,STABILITY,STABILITY,STABILITY,STABILITY,0.8855,EXPECTED_SHARED_PROTOCOL,True,True,True,False,True,False,True,True,SUSTAIN_HOLD,SUSTAIN_HOLD
c3fca76b89b8,HIGH_NOTE_CANNOT_REACH,HIGH_NOTE_TOO_EFFORTFUL,REGISTER_CONNECTION,REGISTER_CONNECTION,REGISTER_CONNECTION,REGISTER_CONNECTION,0.9442,EXPECTED_SHARED_PROTOCOL,True,True,True,True,True,False,True,True,SOVT_GLIDE,SOVT_GLIDE
c3fca76b89b8,HIGH_NOTE_CANNOT_REACH,HIGH_NOTE_FLIPS,REGISTER_CONNECTION,REGISTER_CONNECTION,REGISTER_CONNECTION,REGISTER_CONNECTION,0.9561,EXPECTED_SHARED_PROTOCOL,True,True,True,True,True,False,True,True,SOVT_GLIDE,SOVT_GLIDE
c3fca76b89b8,HIGH_NOTE_CANNOT_REACH,HIGH_NOTE_UNSTABLE,REGISTER_CONNECTION,REGISTER_CONNECTION,REGISTER_CONNECTION,REGISTER_CONNECTION,0.9697,EXPECTED_SHARED_PROTOCOL,True,True,True,True,True,False,True,True,SOVT_GLIDE,SOVT_GLIDE
c3fca76b89b8,HIGH_NOTE_CANNOT_REACH,THROAT_EFFORT,REGISTER_CONNECTION,REGISTER_CONNECTION,REGISTER_CONNECTION,REGISTER_CONNECTION,0.9391,EXPECTED_SHARED_PROTOCOL,True,True,True,False,True,False,True,True,SOVT_GLIDE,SOVT_GLIDE
c3fca76b89b8,HIGH_NOTE_CANNOT_REACH,LOUD_VOICE_DIFFICULT,REGISTER_CONNECTION,REGISTER_CONNECTION,REGISTER_CONNECTION,REGISTER_CONNECTION,0.9524,EXPECTED_SHARED_PROTOCOL,True,True,True,False,True,False,True,True,SOVT_GLIDE,SOVT_GLIDE
c3fca76b89b8,HIGH_NOTE_CANNOT_REACH,VOCAL_FATIGUE,REGISTER_CONNECTION,REGISTER_CONNECTION,REGISTER_CONNECTION,REGISTER_CONNECTION,0.9391,EXPECTED_SHARED_PROTOCOL,True,True,True,False,True,False,True,True,SOVT_GLIDE,SOVT_GLIDE
c3fca76b89b8,HIGH_NOTE_CANNOT_REACH,AFTER_SINGING_FATIGUE,REGISTER_CONNECTION,REGISTER_CONNECTION,REGISTER_CONNECTION,REGISTER_CONNECTION,0.9397,EXPECTED_SHARED_PROTOCOL,True,True,True,False,True,False,True,True,SOVT_GLIDE,SOVT_GLIDE
c3fca76b89b8,HIGH_NOTE_CANNOT_REACH,PITCH_UNSTABLE,REGISTER_CONNECTION,REGISTER_CONNECTION,REGISTER_CONNECTION,REGISTER_CONNECTION,0.9437,EXPECTED_SHARED_PROTOCOL,True,True,False,False,True,False,True,True,SOVT_GLIDE,SOVT_GLIDE
c3fca76b89b8,HIGH_NOTE_CANNOT_REACH,REGISTER_CONNECTION_DIFFICULT,REGISTER_CONNECTION,REGISTER_CONNECTION,REGISTER_CONNECTION,REGISTER_CONNECTION,0.9407,EXPECTED_SHARED_PROTOCOL,True,True,False,False,True,False,True,True,SOVT_GLIDE,SOVT_GLIDE
c3fca76b89b8,HIGH_NOTE_TOO_EFFORTFUL,HIGH_NOTE_FLIPS,REGISTER_CONNECTION,REGISTER_CONNECTION,REGISTER_CONNECTION,REGISTER_CONNECTION,0.9437,EXPECTED_SHARED_PROTOCOL,True,True,True,True,True,False,True,True,SOVT_GLIDE,SOVT_GLIDE
c3fca76b89b8,HIGH_NOTE_TOO_EFFORTFUL,HIGH_NOTE_UNSTABLE,REGISTER_CONNECTION,REGISTER_CONNECTION,REGISTER_CONNECTION,REGISTER_CONNECTION,0.9487,EXPECTED_SHARED_PROTOCOL,True,True,True,True,True,False,True,True,SOVT_GLIDE,SOVT_GLIDE
c3fca76b89b8,HIGH_NOTE_TOO_EFFORTFUL,THROAT_EFFORT,REGISTER_CONNECTION,REGISTER_CONNECTION,REGISTER_CONNECTION,REGISTER_CONNECTION,0.9356,EXPECTED_SHARED_PROTOCOL,True,True,True,False,True,False,True,True,SOVT_GLIDE,SOVT_GLIDE
c3fca76b89b8,HIGH_NOTE_TOO_EFFORTFUL,LOUD_VOICE_DIFFICULT,REGISTER_CONNECTION,REGISTER_CONNECTION,REGISTER_CONNECTION,REGISTER_CONNECTION,0.9316,EXPECTED_SHARED_PROTOCOL,True,True,True,False,True,False,True,True,SOVT_GLIDE,SOVT_GLIDE
c3fca76b89b8,HIGH_NOTE_TOO_EFFORTFUL,VOCAL_FATIGUE,REGISTER_CONNECTION,REGISTER_CONNECTION,REGISTER_CONNECTION,REGISTER_CONNECTION,0.9442,EXPECTED_SHARED_PROTOCOL,True,True,True,False,True,False,True,True,SOVT_GLIDE,SOVT_GLIDE
c3fca76b89b8,HIGH_NOTE_TOO_EFFORTFUL,AFTER_SINGING_FATIGUE,REGISTER_CONNECTION,REGISTER_CONNECTION,REGISTER_CONNECTION,REGISTER_CONNECTION,0.9277,EXPECTED_SHARED_PROTOCOL,True,True,True,False,True,False,True,True,SOVT_GLIDE,SOVT_GLIDE
c3fca76b89b8,HIGH_NOTE_TOO_EFFORTFUL,PITCH_UNSTABLE,REGISTER_CONNECTION,REGISTER_CONNECTION,REGISTER_CONNECTION,REGISTER_CONNECTION,0.9487,EXPECTED_SHARED_PROTOCOL,True,True,False,False,True,False,True,True,SOVT_GLIDE,SOVT_GLIDE
c3fca76b89b8,HIGH_NOTE_TOO_EFFORTFUL,REGISTER_CONNECTION_DIFFICULT,REGISTER_CONNECTION,REGISTER_CONNECTION,REGISTER_CONNECTION,REGISTER_CONNECTION,0.9372,EXPECTED_SHARED_PROTOCOL,True,True,False,False,True,False,True,True,SOVT_GLIDE,SOVT_GLIDE
c3fca76b89b8,HIGH_NOTE_FLIPS,HIGH_NOTE_UNSTABLE,REGISTER_CONNECTION,REGISTER_CONNECTION,REGISTER_CONNECTION,REGISTER_CONNECTION,0.9607,EXPECTED_SHARED_PROTOCOL,True,True,True,True,True,False,True,True,SOVT_GLIDE,SOVT_GLIDE
c3fca76b89b8,HIGH_NOTE_FLIPS,THROAT_EFFORT,REGISTER_CONNECTION,REGISTER_CONNECTION,REGISTER_CONNECTION,REGISTER_CONNECTION,0.9386,EXPECTED_SHARED_PROTOCOL,True,True,True,False,True,False,True,True,SOVT_GLIDE,SOVT_GLIDE
c3fca76b89b8,HIGH_NOTE_FLIPS,LOUD_VOICE_DIFFICULT,REGISTER_CONNECTION,REGISTER_CONNECTION,REGISTER_CONNECTION,REGISTER_CONNECTION,0.9432,EXPECTED_SHARED_PROTOCOL,True,True,True,False,True,False,True,True,SOVT_GLIDE,SOVT_GLIDE
c3fca76b89b8,HIGH_NOTE_FLIPS,VOCAL_FATIGUE,REGISTER_CONNECTION,REGISTER_CONNECTION,REGISTER_CONNECTION,REGISTER_CONNECTION,0.9474,EXPECTED_SHARED_PROTOCOL,True,True,True,False,True,False,True,True,SOVT_GLIDE,SOVT_GLIDE
c3fca76b89b8,HIGH_NOTE_FLIPS,AFTER_SINGING_FATIGUE,REGISTER_CONNECTION,REGISTER_CONNECTION,REGISTER_CONNECTION,REGISTER_CONNECTION,0.9565,EXPECTED_SHARED_PROTOCOL,True,True,True,False,True,False,True,True,SOVT_GLIDE,SOVT_GLIDE
c3fca76b89b8,HIGH_NOTE_FLIPS,PITCH_UNSTABLE,REGISTER_CONNECTION,REGISTER_CONNECTION,REGISTER_CONNECTION,REGISTER_CONNECTION,0.952,EXPECTED_SHARED_PROTOCOL,True,True,False,False,True,False,True,True,SOVT_GLIDE,SOVT_GLIDE
c3fca76b89b8,HIGH_NOTE_FLIPS,REGISTER_CONNECTION_DIFFICULT,REGISTER_CONNECTION,REGISTER_CONNECTION,REGISTER_CONNECTION,REGISTER_CONNECTION,0.9231,EXPECTED_SHARED_PROTOCOL,True,True,False,False,True,False,True,True,SOVT_GLIDE,SOVT_GLIDE
c3fca76b89b8,HIGH_NOTE_THINS,TIMBRE_CHANGES_HIGH,REGISTER_CONNECTION,REGISTER_CONNECTION,REGISTER_CONNECTION,REGISTER_CONNECTION,0.9246,EXPECTED_SHARED_PROTOCOL,True,True,True,False,True,False,False,True,SOVT_GLIDE,SOVT_GLIDE
c3fca76b89b8,HIGH_NOTE_UNSTABLE,THROAT_EFFORT,REGISTER_CONNECTION,REGISTER_CONNECTION,REGISTER_CONNECTION,REGISTER_CONNECTION,0.9351,EXPECTED_SHARED_PROTOCOL,True,True,True,False,True,False,True,True,SOVT_GLIDE,SOVT_GLIDE
c3fca76b89b8,HIGH_NOTE_UNSTABLE,LOUD_VOICE_DIFFICULT,REGISTER_CONNECTION,REGISTER_CONNECTION,REGISTER_CONNECTION,REGISTER_CONNECTION,0.9397,EXPECTED_SHARED_PROTOCOL,True,True,True,False,True,False,True,True,SOVT_GLIDE,SOVT_GLIDE
c3fca76b89b8,HIGH_NOTE_UNSTABLE,VOCAL_FATIGUE,REGISTER_CONNECTION,REGISTER_CONNECTION,REGISTER_CONNECTION,REGISTER_CONNECTION,0.9351,EXPECTED_SHARED_PROTOCOL,True,True,True,False,True,False,True,True,SOVT_GLIDE,SOVT_GLIDE
c3fca76b89b8,HIGH_NOTE_UNSTABLE,AFTER_SINGING_FATIGUE,REGISTER_CONNECTION,REGISTER_CONNECTION,REGISTER_CONNECTION,REGISTER_CONNECTION,0.9442,EXPECTED_SHARED_PROTOCOL,True,True,True,False,True,False,True,True,SOVT_GLIDE,SOVT_GLIDE
c3fca76b89b8,HIGH_NOTE_UNSTABLE,PITCH_UNSTABLE,REGISTER_CONNECTION,REGISTER_CONNECTION,REGISTER_CONNECTION,REGISTER_CONNECTION,0.9483,EXPECTED_SHARED_PROTOCOL,True,True,False,False,True,False,True,True,SOVT_GLIDE,SOVT_GLIDE
c3fca76b89b8,HIGH_NOTE_UNSTABLE,REGISTER_CONNECTION_DIFFICULT,REGISTER_CONNECTION,REGISTER_CONNECTION,REGISTER_CONNECTION,REGISTER_CONNECTION,0.9367,EXPECTED_SHARED_PROTOCOL,True,True,False,False,True,False,True,True,SOVT_GLIDE,SOVT_GLIDE
c3fca76b89b8,THROAT_EFFORT,LOUD_VOICE_DIFFICULT,REGISTER_CONNECTION,REGISTER_CONNECTION,REGISTER_CONNECTION,REGISTER_CONNECTION,0.9351,EXPECTED_SHARED_PROTOCOL,True,True,True,False,True,False,True,True,SOVT_GLIDE,SOVT_GLIDE
c3fca76b89b8,THROAT_EFFORT,VOCAL_FATIGUE,REGISTER_CONNECTION,REGISTER_CONNECTION,REGISTER_CONNECTION,REGISTER_CONNECTION,0.9565,EXPECTED_SHARED_PROTOCOL,True,True,True,False,True,False,True,True,SOVT_GLIDE,SOVT_GLIDE
c3fca76b89b8,THROAT_EFFORT,AFTER_SINGING_FATIGUE,REGISTER_CONNECTION,REGISTER_CONNECTION,REGISTER_CONNECTION,REGISTER_CONNECTION,0.931,EXPECTED_SHARED_PROTOCOL,True,True,True,False,True,False,True,True,SOVT_GLIDE,SOVT_GLIDE
c3fca76b89b8,THROAT_EFFORT,PITCH_UNSTABLE,REGISTER_CONNECTION,REGISTER_CONNECTION,REGISTER_CONNECTION,REGISTER_CONNECTION,0.9437,EXPECTED_SHARED_PROTOCOL,True,True,False,False,True,False,True,True,SOVT_GLIDE,SOVT_GLIDE
c3fca76b89b8,THROAT_EFFORT,REGISTER_CONNECTION_DIFFICULT,REGISTER_CONNECTION,REGISTER_CONNECTION,REGISTER_CONNECTION,REGISTER_CONNECTION,0.9407,EXPECTED_SHARED_PROTOCOL,True,True,False,False,True,False,True,True,SOVT_GLIDE,SOVT_GLIDE
c3fca76b89b8,LOUD_VOICE_DIFFICULT,VOCAL_FATIGUE,REGISTER_CONNECTION,REGISTER_CONNECTION,REGISTER_CONNECTION,REGISTER_CONNECTION,0.9351,EXPECTED_SHARED_PROTOCOL,True,True,True,False,True,False,True,True,SOVT_GLIDE,SOVT_GLIDE
c3fca76b89b8,LOUD_VOICE_DIFFICULT,AFTER_SINGING_FATIGUE,REGISTER_CONNECTION,REGISTER_CONNECTION,REGISTER_CONNECTION,REGISTER_CONNECTION,0.9356,EXPECTED_SHARED_PROTOCOL,True,True,True,False,True,False,True,True,SOVT_GLIDE,SOVT_GLIDE
c3fca76b89b8,LOUD_VOICE_DIFFICULT,PITCH_UNSTABLE,REGISTER_CONNECTION,REGISTER_CONNECTION,REGISTER_CONNECTION,REGISTER_CONNECTION,0.931,EXPECTED_SHARED_PROTOCOL,True,True,False,False,True,False,True,True,SOVT_GLIDE,SOVT_GLIDE
c3fca76b89b8,LOUD_VOICE_DIFFICULT,REGISTER_CONNECTION_DIFFICULT,REGISTER_CONNECTION,REGISTER_CONNECTION,REGISTER_CONNECTION,REGISTER_CONNECTION,0.9114,EXPECTED_SHARED_PROTOCOL,True,True,False,False,True,False,True,True,SOVT_GLIDE,SOVT_GLIDE
c3fca76b89b8,VOCAL_FATIGUE,AFTER_SINGING_FATIGUE,REGISTER_CONNECTION,REGISTER_CONNECTION,REGISTER_CONNECTION,REGISTER_CONNECTION,0.9569,EXPECTED_SHARED_PROTOCOL,True,True,True,False,True,False,True,True,SOVT_GLIDE,SOVT_GLIDE
c3fca76b89b8,VOCAL_FATIGUE,PITCH_UNSTABLE,REGISTER_CONNECTION,REGISTER_CONNECTION,REGISTER_CONNECTION,REGISTER_CONNECTION,0.9524,EXPECTED_SHARED_PROTOCOL,True,True,False,False,True,False,True,True,SOVT_GLIDE,SOVT_GLIDE
c3fca76b89b8,VOCAL_FATIGUE,REGISTER_CONNECTION_DIFFICULT,REGISTER_CONNECTION,REGISTER_CONNECTION,REGISTER_CONNECTION,REGISTER_CONNECTION,0.9237,EXPECTED_SHARED_PROTOCOL,True,True,False,False,True,False,True,True,SOVT_GLIDE,SOVT_GLIDE
c3fca76b89b8,AFTER_SINGING_FATIGUE,PITCH_UNSTABLE,REGISTER_CONNECTION,REGISTER_CONNECTION,REGISTER_CONNECTION,REGISTER_CONNECTION,0.927,EXPECTED_SHARED_PROTOCOL,True,True,False,False,True,False,True,True,SOVT_GLIDE,SOVT_GLIDE
c3fca76b89b8,AFTER_SINGING_FATIGUE,REGISTER_CONNECTION_DIFFICULT,REGISTER_CONNECTION,REGISTER_CONNECTION,REGISTER_CONNECTION,REGISTER_CONNECTION,0.916,EXPECTED_SHARED_PROTOCOL,True,True,False,False,True,False,True,True,SOVT_GLIDE,SOVT_GLIDE
c3fca76b89b8,PITCH_UNSTABLE,REGISTER_CONNECTION_DIFFICULT,REGISTER_CONNECTION,REGISTER_CONNECTION,REGISTER_CONNECTION,REGISTER_CONNECTION,0.9367,EXPECTED_SHARED_PROTOCOL,True,True,True,False,True,False,True,True,SOVT_GLIDE,SOVT_GLIDE
c5b20be3c802,HIGH_NOTE_CANNOT_REACH,HIGH_NOTE_TOO_EFFORTFUL,REGISTER_CONNECTION,REGISTER_CONNECTION,REGISTER_CONNECTION,REGISTER_CONNECTION,0.9442,EXPECTED_SHARED_PROTOCOL,True,True,True,True,True,False,True,True,SOVT_GLIDE,SOVT_GLIDE
c5b20be3c802,HIGH_NOTE_CANNOT_REACH,HIGH_NOTE_FLIPS,REGISTER_CONNECTION,REGISTER_CONNECTION,REGISTER_CONNECTION,REGISTER_CONNECTION,0.9561,EXPECTED_SHARED_PROTOCOL,True,True,True,True,True,False,True,True,SOVT_GLIDE,SOVT_GLIDE
c5b20be3c802,HIGH_NOTE_CANNOT_REACH,HIGH_NOTE_UNSTABLE,REGISTER_CONNECTION,REGISTER_CONNECTION,REGISTER_CONNECTION,REGISTER_CONNECTION,0.9697,EXPECTED_SHARED_PROTOCOL,True,True,True,True,True,False,True,True,SOVT_GLIDE,SOVT_GLIDE
c5b20be3c802,HIGH_NOTE_CANNOT_REACH,THROAT_EFFORT,REGISTER_CONNECTION,REGISTER_CONNECTION,REGISTER_CONNECTION,REGISTER_CONNECTION,0.9391,EXPECTED_SHARED_PROTOCOL,True,True,True,False,True,False,True,True,SOVT_GLIDE,SOVT_GLIDE
c5b20be3c802,HIGH_NOTE_CANNOT_REACH,LOUD_VOICE_DIFFICULT,REGISTER_CONNECTION,REGISTER_CONNECTION,REGISTER_CONNECTION,REGISTER_CONNECTION,0.9524,EXPECTED_SHARED_PROTOCOL,True,True,True,False,True,False,True,True,SOVT_GLIDE,SOVT_GLIDE
c5b20be3c802,HIGH_NOTE_CANNOT_REACH,VOCAL_FATIGUE,REGISTER_CONNECTION,REGISTER_CONNECTION,REGISTER_CONNECTION,REGISTER_CONNECTION,0.9391,EXPECTED_SHARED_PROTOCOL,True,True,True,False,True,False,True,True,SOVT_GLIDE,SOVT_GLIDE
c5b20be3c802,HIGH_NOTE_CANNOT_REACH,AFTER_SINGING_FATIGUE,REGISTER_CONNECTION,REGISTER_CONNECTION,REGISTER_CONNECTION,REGISTER_CONNECTION,0.9397,EXPECTED_SHARED_PROTOCOL,True,True,True,False,True,False,True,True,SOVT_GLIDE,SOVT_GLIDE
c5b20be3c802,HIGH_NOTE_CANNOT_REACH,PITCH_UNSTABLE,REGISTER_CONNECTION,REGISTER_CONNECTION,REGISTER_CONNECTION,REGISTER_CONNECTION,0.9437,EXPECTED_SHARED_PROTOCOL,True,True,False,False,True,False,True,True,SOVT_GLIDE,SOVT_GLIDE
c5b20be3c802,HIGH_NOTE_CANNOT_REACH,REGISTER_CONNECTION_DIFFICULT,REGISTER_CONNECTION,REGISTER_CONNECTION,REGISTER_CONNECTION,REGISTER_CONNECTION,0.9407,EXPECTED_SHARED_PROTOCOL,True,True,False,False,True,False,True,True,SOVT_GLIDE,SOVT_GLIDE
c5b20be3c802,HIGH_NOTE_TOO_EFFORTFUL,HIGH_NOTE_FLIPS,REGISTER_CONNECTION,REGISTER_CONNECTION,REGISTER_CONNECTION,REGISTER_CONNECTION,0.9437,EXPECTED_SHARED_PROTOCOL,True,True,True,True,True,False,True,True,SOVT_GLIDE,SOVT_GLIDE
c5b20be3c802,HIGH_NOTE_TOO_EFFORTFUL,HIGH_NOTE_UNSTABLE,REGISTER_CONNECTION,REGISTER_CONNECTION,REGISTER_CONNECTION,REGISTER_CONNECTION,0.9487,EXPECTED_SHARED_PROTOCOL,True,True,True,True,True,False,True,True,SOVT_GLIDE,SOVT_GLIDE
c5b20be3c802,HIGH_NOTE_TOO_EFFORTFUL,THROAT_EFFORT,REGISTER_CONNECTION,REGISTER_CONNECTION,REGISTER_CONNECTION,REGISTER_CONNECTION,0.9356,EXPECTED_SHARED_PROTOCOL,True,True,True,False,True,False,True,True,SOVT_GLIDE,SOVT_GLIDE
c5b20be3c802,HIGH_NOTE_TOO_EFFORTFUL,LOUD_VOICE_DIFFICULT,REGISTER_CONNECTION,REGISTER_CONNECTION,REGISTER_CONNECTION,REGISTER_CONNECTION,0.9316,EXPECTED_SHARED_PROTOCOL,True,True,True,False,True,False,True,True,SOVT_GLIDE,SOVT_GLIDE
c5b20be3c802,HIGH_NOTE_TOO_EFFORTFUL,VOCAL_FATIGUE,REGISTER_CONNECTION,REGISTER_CONNECTION,REGISTER_CONNECTION,REGISTER_CONNECTION,0.9442,EXPECTED_SHARED_PROTOCOL,True,True,True,False,True,False,True,True,SOVT_GLIDE,SOVT_GLIDE
c5b20be3c802,HIGH_NOTE_TOO_EFFORTFUL,AFTER_SINGING_FATIGUE,REGISTER_CONNECTION,REGISTER_CONNECTION,REGISTER_CONNECTION,REGISTER_CONNECTION,0.9277,EXPECTED_SHARED_PROTOCOL,True,True,True,False,True,False,True,True,SOVT_GLIDE,SOVT_GLIDE
c5b20be3c802,HIGH_NOTE_TOO_EFFORTFUL,PITCH_UNSTABLE,REGISTER_CONNECTION,REGISTER_CONNECTION,REGISTER_CONNECTION,REGISTER_CONNECTION,0.9487,EXPECTED_SHARED_PROTOCOL,True,True,False,False,True,False,True,True,SOVT_GLIDE,SOVT_GLIDE
c5b20be3c802,HIGH_NOTE_TOO_EFFORTFUL,REGISTER_CONNECTION_DIFFICULT,REGISTER_CONNECTION,REGISTER_CONNECTION,REGISTER_CONNECTION,REGISTER_CONNECTION,0.9372,EXPECTED_SHARED_PROTOCOL,True,True,False,False,True,False,True,True,SOVT_GLIDE,SOVT_GLIDE
c5b20be3c802,HIGH_NOTE_FLIPS,HIGH_NOTE_UNSTABLE,REGISTER_CONNECTION,REGISTER_CONNECTION,REGISTER_CONNECTION,REGISTER_CONNECTION,0.9607,EXPECTED_SHARED_PROTOCOL,True,True,True,True,True,False,True,True,SOVT_GLIDE,SOVT_GLIDE
c5b20be3c802,HIGH_NOTE_FLIPS,THROAT_EFFORT,REGISTER_CONNECTION,REGISTER_CONNECTION,REGISTER_CONNECTION,REGISTER_CONNECTION,0.9386,EXPECTED_SHARED_PROTOCOL,True,True,True,False,True,False,True,True,SOVT_GLIDE,SOVT_GLIDE
c5b20be3c802,HIGH_NOTE_FLIPS,LOUD_VOICE_DIFFICULT,REGISTER_CONNECTION,REGISTER_CONNECTION,REGISTER_CONNECTION,REGISTER_CONNECTION,0.9432,EXPECTED_SHARED_PROTOCOL,True,True,True,False,True,False,True,True,SOVT_GLIDE,SOVT_GLIDE
c5b20be3c802,HIGH_NOTE_FLIPS,VOCAL_FATIGUE,REGISTER_CONNECTION,REGISTER_CONNECTION,REGISTER_CONNECTION,REGISTER_CONNECTION,0.9474,EXPECTED_SHARED_PROTOCOL,True,True,True,False,True,False,True,True,SOVT_GLIDE,SOVT_GLIDE
c5b20be3c802,HIGH_NOTE_FLIPS,AFTER_SINGING_FATIGUE,REGISTER_CONNECTION,REGISTER_CONNECTION,REGISTER_CONNECTION,REGISTER_CONNECTION,0.9565,EXPECTED_SHARED_PROTOCOL,True,True,True,False,True,False,True,True,SOVT_GLIDE,SOVT_GLIDE
c5b20be3c802,HIGH_NOTE_FLIPS,PITCH_UNSTABLE,REGISTER_CONNECTION,REGISTER_CONNECTION,REGISTER_CONNECTION,REGISTER_CONNECTION,0.952,EXPECTED_SHARED_PROTOCOL,True,True,False,False,True,False,True,True,SOVT_GLIDE,SOVT_GLIDE
c5b20be3c802,HIGH_NOTE_FLIPS,REGISTER_CONNECTION_DIFFICULT,REGISTER_CONNECTION,REGISTER_CONNECTION,REGISTER_CONNECTION,REGISTER_CONNECTION,0.9231,EXPECTED_SHARED_PROTOCOL,True,True,False,False,True,False,True,True,SOVT_GLIDE,SOVT_GLIDE
c5b20be3c802,HIGH_NOTE_THINS,TIMBRE_CHANGES_HIGH,REGISTER_CONNECTION,REGISTER_CONNECTION,REGISTER_CONNECTION,REGISTER_CONNECTION,0.9246,EXPECTED_SHARED_PROTOCOL,True,True,True,False,True,False,True,True,SOVT_GLIDE,SOVT_GLIDE
c5b20be3c802,HIGH_NOTE_UNSTABLE,THROAT_EFFORT,REGISTER_CONNECTION,REGISTER_CONNECTION,REGISTER_CONNECTION,REGISTER_CONNECTION,0.9351,EXPECTED_SHARED_PROTOCOL,True,True,True,False,True,False,True,True,SOVT_GLIDE,SOVT_GLIDE
c5b20be3c802,HIGH_NOTE_UNSTABLE,LOUD_VOICE_DIFFICULT,REGISTER_CONNECTION,REGISTER_CONNECTION,REGISTER_CONNECTION,REGISTER_CONNECTION,0.9397,EXPECTED_SHARED_PROTOCOL,True,True,True,False,True,False,True,True,SOVT_GLIDE,SOVT_GLIDE
c5b20be3c802,HIGH_NOTE_UNSTABLE,VOCAL_FATIGUE,REGISTER_CONNECTION,REGISTER_CONNECTION,REGISTER_CONNECTION,REGISTER_CONNECTION,0.9351,EXPECTED_SHARED_PROTOCOL,True,True,True,False,True,False,True,True,SOVT_GLIDE,SOVT_GLIDE
c5b20be3c802,HIGH_NOTE_UNSTABLE,AFTER_SINGING_FATIGUE,REGISTER_CONNECTION,REGISTER_CONNECTION,REGISTER_CONNECTION,REGISTER_CONNECTION,0.9442,EXPECTED_SHARED_PROTOCOL,True,True,True,False,True,False,True,True,SOVT_GLIDE,SOVT_GLIDE
c5b20be3c802,HIGH_NOTE_UNSTABLE,PITCH_UNSTABLE,REGISTER_CONNECTION,REGISTER_CONNECTION,REGISTER_CONNECTION,REGISTER_CONNECTION,0.9483,EXPECTED_SHARED_PROTOCOL,True,True,False,False,True,False,True,True,SOVT_GLIDE,SOVT_GLIDE
c5b20be3c802,HIGH_NOTE_UNSTABLE,REGISTER_CONNECTION_DIFFICULT,REGISTER_CONNECTION,REGISTER_CONNECTION,REGISTER_CONNECTION,REGISTER_CONNECTION,0.9367,EXPECTED_SHARED_PROTOCOL,True,True,False,False,True,False,True,True,SOVT_GLIDE,SOVT_GLIDE
c5b20be3c802,THROAT_EFFORT,LOUD_VOICE_DIFFICULT,REGISTER_CONNECTION,REGISTER_CONNECTION,REGISTER_CONNECTION,REGISTER_CONNECTION,0.9351,EXPECTED_SHARED_PROTOCOL,True,True,True,False,True,False,True,True,SOVT_GLIDE,SOVT_GLIDE
c5b20be3c802,THROAT_EFFORT,VOCAL_FATIGUE,REGISTER_CONNECTION,REGISTER_CONNECTION,REGISTER_CONNECTION,REGISTER_CONNECTION,0.9565,EXPECTED_SHARED_PROTOCOL,True,True,True,False,True,False,True,True,SOVT_GLIDE,SOVT_GLIDE
c5b20be3c802,THROAT_EFFORT,AFTER_SINGING_FATIGUE,REGISTER_CONNECTION,REGISTER_CONNECTION,REGISTER_CONNECTION,REGISTER_CONNECTION,0.931,EXPECTED_SHARED_PROTOCOL,True,True,True,False,True,False,True,True,SOVT_GLIDE,SOVT_GLIDE
c5b20be3c802,THROAT_EFFORT,PITCH_UNSTABLE,REGISTER_CONNECTION,REGISTER_CONNECTION,REGISTER_CONNECTION,REGISTER_CONNECTION,0.9437,EXPECTED_SHARED_PROTOCOL,True,True,False,False,True,False,True,True,SOVT_GLIDE,SOVT_GLIDE
c5b20be3c802,THROAT_EFFORT,REGISTER_CONNECTION_DIFFICULT,REGISTER_CONNECTION,REGISTER_CONNECTION,REGISTER_CONNECTION,REGISTER_CONNECTION,0.9407,EXPECTED_SHARED_PROTOCOL,True,True,False,False,True,False,True,True,SOVT_GLIDE,SOVT_GLIDE
c5b20be3c802,LOUD_VOICE_DIFFICULT,VOCAL_FATIGUE,REGISTER_CONNECTION,REGISTER_CONNECTION,REGISTER_CONNECTION,REGISTER_CONNECTION,0.9351,EXPECTED_SHARED_PROTOCOL,True,True,True,False,True,False,True,True,SOVT_GLIDE,SOVT_GLIDE
c5b20be3c802,LOUD_VOICE_DIFFICULT,AFTER_SINGING_FATIGUE,REGISTER_CONNECTION,REGISTER_CONNECTION,REGISTER_CONNECTION,REGISTER_CONNECTION,0.9356,EXPECTED_SHARED_PROTOCOL,True,True,True,False,True,False,True,True,SOVT_GLIDE,SOVT_GLIDE
c5b20be3c802,LOUD_VOICE_DIFFICULT,PITCH_UNSTABLE,REGISTER_CONNECTION,REGISTER_CONNECTION,REGISTER_CONNECTION,REGISTER_CONNECTION,0.931,EXPECTED_SHARED_PROTOCOL,True,True,False,False,True,False,True,True,SOVT_GLIDE,SOVT_GLIDE
c5b20be3c802,LOUD_VOICE_DIFFICULT,REGISTER_CONNECTION_DIFFICULT,REGISTER_CONNECTION,REGISTER_CONNECTION,REGISTER_CONNECTION,REGISTER_CONNECTION,0.9114,EXPECTED_SHARED_PROTOCOL,True,True,False,False,True,False,True,True,SOVT_GLIDE,SOVT_GLIDE
c5b20be3c802,VOCAL_FATIGUE,AFTER_SINGING_FATIGUE,REGISTER_CONNECTION,REGISTER_CONNECTION,REGISTER_CONNECTION,REGISTER_CONNECTION,0.9569,EXPECTED_SHARED_PROTOCOL,True,True,True,False,True,False,True,True,SOVT_GLIDE,SOVT_GLIDE
c5b20be3c802,VOCAL_FATIGUE,PITCH_UNSTABLE,REGISTER_CONNECTION,REGISTER_CONNECTION,REGISTER_CONNECTION,REGISTER_CONNECTION,0.9524,EXPECTED_SHARED_PROTOCOL,True,True,False,False,True,False,True,True,SOVT_GLIDE,SOVT_GLIDE
c5b20be3c802,VOCAL_FATIGUE,REGISTER_CONNECTION_DIFFICULT,REGISTER_CONNECTION,REGISTER_CONNECTION,REGISTER_CONNECTION,REGISTER_CONNECTION,0.9237,EXPECTED_SHARED_PROTOCOL,True,True,False,False,True,False,True,True,SOVT_GLIDE,SOVT_GLIDE
c5b20be3c802,AFTER_SINGING_FATIGUE,PITCH_UNSTABLE,REGISTER_CONNECTION,REGISTER_CONNECTION,REGISTER_CONNECTION,REGISTER_CONNECTION,0.927,EXPECTED_SHARED_PROTOCOL,True,True,False,False,True,False,True,True,SOVT_GLIDE,SOVT_GLIDE
c5b20be3c802,AFTER_SINGING_FATIGUE,REGISTER_CONNECTION_DIFFICULT,REGISTER_CONNECTION,REGISTER_CONNECTION,REGISTER_CONNECTION,REGISTER_CONNECTION,0.916,EXPECTED_SHARED_PROTOCOL,True,True,False,False,True,False,True,True,SOVT_GLIDE,SOVT_GLIDE
c5b20be3c802,PITCH_UNSTABLE,REGISTER_CONNECTION_DIFFICULT,REGISTER_CONNECTION,REGISTER_CONNECTION,REGISTER_CONNECTION,REGISTER_CONNECTION,0.9367,EXPECTED_SHARED_PROTOCOL,True,True,True,False,True,False,True,True,SOVT_GLIDE,SOVT_GLIDE
c5cd93ed40a3,HIGH_NOTE_UNSTABLE,PITCH_UNSTABLE,STABILITY,STABILITY,STABILITY,STABILITY,0.9048,EXPECTED_SHARED_PROTOCOL,True,True,False,False,True,False,True,True,SUSTAIN_HOLD,SUSTAIN_HOLD
c5cd93ed40a3,HIGH_NOTE_UNSTABLE,REGISTER_CONNECTION_DIFFICULT,STABILITY,STABILITY,STABILITY,STABILITY,0.8855,EXPECTED_SHARED_PROTOCOL,True,True,False,False,True,False,True,True,SUSTAIN_HOLD,SUSTAIN_HOLD
c5cd93ed40a3,THROAT_EFFORT,LOUD_VOICE_DIFFICULT,EFFORT,EFFORT,MAINTAIN,MAINTAIN,0.8819,EXPECTED_SHARED_PROTOCOL,True,True,True,False,True,False,True,True,SUSTAIN_HOLD,SUSTAIN_HOLD
c5cd93ed40a3,THROAT_EFFORT,VOCAL_FATIGUE,EFFORT,EFFORT,MAINTAIN,MAINTAIN,0.9206,EXPECTED_SHARED_PROTOCOL,True,True,True,False,True,False,True,True,SUSTAIN_HOLD,SUSTAIN_HOLD
c5cd93ed40a3,LOUD_VOICE_DIFFICULT,VOCAL_FATIGUE,EFFORT,EFFORT,MAINTAIN,MAINTAIN,0.8819,EXPECTED_SHARED_PROTOCOL,True,True,True,False,True,False,True,True,SUSTAIN_HOLD,SUSTAIN_HOLD
c5cd93ed40a3,LOUD_VOICE_DIFFICULT,AFTER_SINGING_FATIGUE,EFFORT,EFFORT,MAINTAIN,MAINTAIN,0.8837,EXPECTED_SHARED_PROTOCOL,True,True,True,False,True,False,True,True,SUSTAIN_HOLD,SUSTAIN_HOLD
c5cd93ed40a3,VOCAL_FATIGUE,AFTER_SINGING_FATIGUE,EFFORT,EFFORT,MAINTAIN,MAINTAIN,0.9219,EXPECTED_SHARED_PROTOCOL,True,True,True,False,True,False,True,True,SUSTAIN_HOLD,SUSTAIN_HOLD
c5cd93ed40a3,PITCH_UNSTABLE,REGISTER_CONNECTION_DIFFICULT,STABILITY,STABILITY,STABILITY,STABILITY,0.8855,EXPECTED_SHARED_PROTOCOL,True,True,True,False,True,False,True,True,SUSTAIN_HOLD,SUSTAIN_HOLD
c8d4b24b6f55,HIGH_NOTE_CANNOT_REACH,HIGH_NOTE_TOO_EFFORTFUL,REGISTER_CONNECTION,REGISTER_CONNECTION,REGISTER_CONNECTION,REGISTER_CONNECTION,0.9442,EXPECTED_SHARED_PROTOCOL,True,True,True,True,True,False,True,True,SOVT_GLIDE,SOVT_GLIDE
c8d4b24b6f55,HIGH_NOTE_CANNOT_REACH,HIGH_NOTE_FLIPS,REGISTER_CONNECTION,REGISTER_CONNECTION,REGISTER_CONNECTION,REGISTER_CONNECTION,0.9561,EXPECTED_SHARED_PROTOCOL,True,True,True,True,True,False,True,True,SOVT_GLIDE,SOVT_GLIDE
c8d4b24b6f55,HIGH_NOTE_CANNOT_REACH,HIGH_NOTE_UNSTABLE,REGISTER_CONNECTION,REGISTER_CONNECTION,REGISTER_CONNECTION,REGISTER_CONNECTION,0.9697,EXPECTED_SHARED_PROTOCOL,True,True,True,True,True,False,True,True,SOVT_GLIDE,SOVT_GLIDE
c8d4b24b6f55,HIGH_NOTE_CANNOT_REACH,THROAT_EFFORT,REGISTER_CONNECTION,REGISTER_CONNECTION,REGISTER_CONNECTION,REGISTER_CONNECTION,0.9391,EXPECTED_SHARED_PROTOCOL,True,True,True,False,True,False,True,True,SOVT_GLIDE,SOVT_GLIDE
c8d4b24b6f55,HIGH_NOTE_CANNOT_REACH,LOUD_VOICE_DIFFICULT,REGISTER_CONNECTION,REGISTER_CONNECTION,REGISTER_CONNECTION,REGISTER_CONNECTION,0.9524,EXPECTED_SHARED_PROTOCOL,True,True,True,False,True,False,True,True,SOVT_GLIDE,SOVT_GLIDE
c8d4b24b6f55,HIGH_NOTE_CANNOT_REACH,VOCAL_FATIGUE,REGISTER_CONNECTION,REGISTER_CONNECTION,REGISTER_CONNECTION,REGISTER_CONNECTION,0.9391,EXPECTED_SHARED_PROTOCOL,True,True,True,False,True,False,True,True,SOVT_GLIDE,SOVT_GLIDE
c8d4b24b6f55,HIGH_NOTE_CANNOT_REACH,AFTER_SINGING_FATIGUE,REGISTER_CONNECTION,REGISTER_CONNECTION,REGISTER_CONNECTION,REGISTER_CONNECTION,0.9397,EXPECTED_SHARED_PROTOCOL,True,True,True,False,True,False,True,True,SOVT_GLIDE,SOVT_GLIDE
c8d4b24b6f55,HIGH_NOTE_CANNOT_REACH,PITCH_UNSTABLE,REGISTER_CONNECTION,REGISTER_CONNECTION,REGISTER_CONNECTION,REGISTER_CONNECTION,0.9437,EXPECTED_SHARED_PROTOCOL,True,True,False,False,True,False,True,True,SOVT_GLIDE,SOVT_GLIDE
c8d4b24b6f55,HIGH_NOTE_CANNOT_REACH,REGISTER_CONNECTION_DIFFICULT,REGISTER_CONNECTION,REGISTER_CONNECTION,REGISTER_CONNECTION,REGISTER_CONNECTION,0.9407,EXPECTED_SHARED_PROTOCOL,True,True,False,False,True,False,True,True,SOVT_GLIDE,SOVT_GLIDE
c8d4b24b6f55,HIGH_NOTE_TOO_EFFORTFUL,HIGH_NOTE_FLIPS,REGISTER_CONNECTION,REGISTER_CONNECTION,REGISTER_CONNECTION,REGISTER_CONNECTION,0.9437,EXPECTED_SHARED_PROTOCOL,True,True,True,True,True,False,True,True,SOVT_GLIDE,SOVT_GLIDE
c8d4b24b6f55,HIGH_NOTE_TOO_EFFORTFUL,HIGH_NOTE_UNSTABLE,REGISTER_CONNECTION,REGISTER_CONNECTION,REGISTER_CONNECTION,REGISTER_CONNECTION,0.9487,EXPECTED_SHARED_PROTOCOL,True,True,True,True,True,False,True,True,SOVT_GLIDE,SOVT_GLIDE
c8d4b24b6f55,HIGH_NOTE_TOO_EFFORTFUL,THROAT_EFFORT,REGISTER_CONNECTION,REGISTER_CONNECTION,REGISTER_CONNECTION,REGISTER_CONNECTION,0.9356,EXPECTED_SHARED_PROTOCOL,True,True,True,False,True,False,True,True,SOVT_GLIDE,SOVT_GLIDE
c8d4b24b6f55,HIGH_NOTE_TOO_EFFORTFUL,LOUD_VOICE_DIFFICULT,REGISTER_CONNECTION,REGISTER_CONNECTION,REGISTER_CONNECTION,REGISTER_CONNECTION,0.9316,EXPECTED_SHARED_PROTOCOL,True,True,True,False,True,False,True,True,SOVT_GLIDE,SOVT_GLIDE
c8d4b24b6f55,HIGH_NOTE_TOO_EFFORTFUL,VOCAL_FATIGUE,REGISTER_CONNECTION,REGISTER_CONNECTION,REGISTER_CONNECTION,REGISTER_CONNECTION,0.9442,EXPECTED_SHARED_PROTOCOL,True,True,True,False,True,False,True,True,SOVT_GLIDE,SOVT_GLIDE
c8d4b24b6f55,HIGH_NOTE_TOO_EFFORTFUL,AFTER_SINGING_FATIGUE,REGISTER_CONNECTION,REGISTER_CONNECTION,REGISTER_CONNECTION,REGISTER_CONNECTION,0.9277,EXPECTED_SHARED_PROTOCOL,True,True,True,False,True,False,True,True,SOVT_GLIDE,SOVT_GLIDE
c8d4b24b6f55,HIGH_NOTE_TOO_EFFORTFUL,PITCH_UNSTABLE,REGISTER_CONNECTION,REGISTER_CONNECTION,REGISTER_CONNECTION,REGISTER_CONNECTION,0.9487,EXPECTED_SHARED_PROTOCOL,True,True,False,False,True,False,True,True,SOVT_GLIDE,SOVT_GLIDE
c8d4b24b6f55,HIGH_NOTE_TOO_EFFORTFUL,REGISTER_CONNECTION_DIFFICULT,REGISTER_CONNECTION,REGISTER_CONNECTION,REGISTER_CONNECTION,REGISTER_CONNECTION,0.9372,EXPECTED_SHARED_PROTOCOL,True,True,False,False,True,False,True,True,SOVT_GLIDE,SOVT_GLIDE
c8d4b24b6f55,HIGH_NOTE_FLIPS,HIGH_NOTE_UNSTABLE,REGISTER_CONNECTION,REGISTER_CONNECTION,REGISTER_CONNECTION,REGISTER_CONNECTION,0.9607,EXPECTED_SHARED_PROTOCOL,True,True,True,True,True,False,True,True,SOVT_GLIDE,SOVT_GLIDE
c8d4b24b6f55,HIGH_NOTE_FLIPS,THROAT_EFFORT,REGISTER_CONNECTION,REGISTER_CONNECTION,REGISTER_CONNECTION,REGISTER_CONNECTION,0.9386,EXPECTED_SHARED_PROTOCOL,True,True,True,False,True,False,True,True,SOVT_GLIDE,SOVT_GLIDE
c8d4b24b6f55,HIGH_NOTE_FLIPS,LOUD_VOICE_DIFFICULT,REGISTER_CONNECTION,REGISTER_CONNECTION,REGISTER_CONNECTION,REGISTER_CONNECTION,0.9432,EXPECTED_SHARED_PROTOCOL,True,True,True,False,True,False,True,True,SOVT_GLIDE,SOVT_GLIDE
c8d4b24b6f55,HIGH_NOTE_FLIPS,VOCAL_FATIGUE,REGISTER_CONNECTION,REGISTER_CONNECTION,REGISTER_CONNECTION,REGISTER_CONNECTION,0.9474,EXPECTED_SHARED_PROTOCOL,True,True,True,False,True,False,True,True,SOVT_GLIDE,SOVT_GLIDE
c8d4b24b6f55,HIGH_NOTE_FLIPS,AFTER_SINGING_FATIGUE,REGISTER_CONNECTION,REGISTER_CONNECTION,REGISTER_CONNECTION,REGISTER_CONNECTION,0.9565,EXPECTED_SHARED_PROTOCOL,True,True,True,False,True,False,True,True,SOVT_GLIDE,SOVT_GLIDE
c8d4b24b6f55,HIGH_NOTE_FLIPS,PITCH_UNSTABLE,REGISTER_CONNECTION,REGISTER_CONNECTION,REGISTER_CONNECTION,REGISTER_CONNECTION,0.952,EXPECTED_SHARED_PROTOCOL,True,True,False,False,True,False,True,True,SOVT_GLIDE,SOVT_GLIDE
c8d4b24b6f55,HIGH_NOTE_FLIPS,REGISTER_CONNECTION_DIFFICULT,REGISTER_CONNECTION,REGISTER_CONNECTION,REGISTER_CONNECTION,REGISTER_CONNECTION,0.9231,EXPECTED_SHARED_PROTOCOL,True,True,False,False,True,False,True,True,SOVT_GLIDE,SOVT_GLIDE
c8d4b24b6f55,HIGH_NOTE_THINS,TIMBRE_CHANGES_HIGH,REGISTER_CONNECTION,REGISTER_CONNECTION,REGISTER_CONNECTION,REGISTER_CONNECTION,0.9246,EXPECTED_SHARED_PROTOCOL,True,True,True,False,True,False,False,True,SOVT_GLIDE,SOVT_GLIDE
c8d4b24b6f55,HIGH_NOTE_UNSTABLE,THROAT_EFFORT,REGISTER_CONNECTION,REGISTER_CONNECTION,REGISTER_CONNECTION,REGISTER_CONNECTION,0.9351,EXPECTED_SHARED_PROTOCOL,True,True,True,False,True,False,True,True,SOVT_GLIDE,SOVT_GLIDE
c8d4b24b6f55,HIGH_NOTE_UNSTABLE,LOUD_VOICE_DIFFICULT,REGISTER_CONNECTION,REGISTER_CONNECTION,REGISTER_CONNECTION,REGISTER_CONNECTION,0.9397,EXPECTED_SHARED_PROTOCOL,True,True,True,False,True,False,True,True,SOVT_GLIDE,SOVT_GLIDE
c8d4b24b6f55,HIGH_NOTE_UNSTABLE,VOCAL_FATIGUE,REGISTER_CONNECTION,REGISTER_CONNECTION,REGISTER_CONNECTION,REGISTER_CONNECTION,0.9351,EXPECTED_SHARED_PROTOCOL,True,True,True,False,True,False,True,True,SOVT_GLIDE,SOVT_GLIDE
c8d4b24b6f55,HIGH_NOTE_UNSTABLE,AFTER_SINGING_FATIGUE,REGISTER_CONNECTION,REGISTER_CONNECTION,REGISTER_CONNECTION,REGISTER_CONNECTION,0.9442,EXPECTED_SHARED_PROTOCOL,True,True,True,False,True,False,True,True,SOVT_GLIDE,SOVT_GLIDE
c8d4b24b6f55,HIGH_NOTE_UNSTABLE,PITCH_UNSTABLE,REGISTER_CONNECTION,REGISTER_CONNECTION,REGISTER_CONNECTION,REGISTER_CONNECTION,0.9483,EXPECTED_SHARED_PROTOCOL,True,True,False,False,True,False,True,True,SOVT_GLIDE,SOVT_GLIDE
c8d4b24b6f55,HIGH_NOTE_UNSTABLE,REGISTER_CONNECTION_DIFFICULT,REGISTER_CONNECTION,REGISTER_CONNECTION,REGISTER_CONNECTION,REGISTER_CONNECTION,0.9367,EXPECTED_SHARED_PROTOCOL,True,True,False,False,True,False,True,True,SOVT_GLIDE,SOVT_GLIDE
c8d4b24b6f55,THROAT_EFFORT,LOUD_VOICE_DIFFICULT,REGISTER_CONNECTION,REGISTER_CONNECTION,REGISTER_CONNECTION,REGISTER_CONNECTION,0.9351,EXPECTED_SHARED_PROTOCOL,True,True,True,False,True,False,True,True,SOVT_GLIDE,SOVT_GLIDE
c8d4b24b6f55,THROAT_EFFORT,VOCAL_FATIGUE,REGISTER_CONNECTION,REGISTER_CONNECTION,REGISTER_CONNECTION,REGISTER_CONNECTION,0.9565,EXPECTED_SHARED_PROTOCOL,True,True,True,False,True,False,True,True,SOVT_GLIDE,SOVT_GLIDE
c8d4b24b6f55,THROAT_EFFORT,AFTER_SINGING_FATIGUE,REGISTER_CONNECTION,REGISTER_CONNECTION,REGISTER_CONNECTION,REGISTER_CONNECTION,0.931,EXPECTED_SHARED_PROTOCOL,True,True,True,False,True,False,True,True,SOVT_GLIDE,SOVT_GLIDE
c8d4b24b6f55,THROAT_EFFORT,PITCH_UNSTABLE,REGISTER_CONNECTION,REGISTER_CONNECTION,REGISTER_CONNECTION,REGISTER_CONNECTION,0.9437,EXPECTED_SHARED_PROTOCOL,True,True,False,False,True,False,True,True,SOVT_GLIDE,SOVT_GLIDE
c8d4b24b6f55,THROAT_EFFORT,REGISTER_CONNECTION_DIFFICULT,REGISTER_CONNECTION,REGISTER_CONNECTION,REGISTER_CONNECTION,REGISTER_CONNECTION,0.9407,EXPECTED_SHARED_PROTOCOL,True,True,False,False,True,False,True,True,SOVT_GLIDE,SOVT_GLIDE
c8d4b24b6f55,LOUD_VOICE_DIFFICULT,VOCAL_FATIGUE,REGISTER_CONNECTION,REGISTER_CONNECTION,REGISTER_CONNECTION,REGISTER_CONNECTION,0.9351,EXPECTED_SHARED_PROTOCOL,True,True,True,False,True,False,True,True,SOVT_GLIDE,SOVT_GLIDE
c8d4b24b6f55,LOUD_VOICE_DIFFICULT,AFTER_SINGING_FATIGUE,REGISTER_CONNECTION,REGISTER_CONNECTION,REGISTER_CONNECTION,REGISTER_CONNECTION,0.9356,EXPECTED_SHARED_PROTOCOL,True,True,True,False,True,False,True,True,SOVT_GLIDE,SOVT_GLIDE
c8d4b24b6f55,LOUD_VOICE_DIFFICULT,PITCH_UNSTABLE,REGISTER_CONNECTION,REGISTER_CONNECTION,REGISTER_CONNECTION,REGISTER_CONNECTION,0.931,EXPECTED_SHARED_PROTOCOL,True,True,False,False,True,False,True,True,SOVT_GLIDE,SOVT_GLIDE
c8d4b24b6f55,LOUD_VOICE_DIFFICULT,REGISTER_CONNECTION_DIFFICULT,REGISTER_CONNECTION,REGISTER_CONNECTION,REGISTER_CONNECTION,REGISTER_CONNECTION,0.9114,EXPECTED_SHARED_PROTOCOL,True,True,False,False,True,False,True,True,SOVT_GLIDE,SOVT_GLIDE
c8d4b24b6f55,VOCAL_FATIGUE,AFTER_SINGING_FATIGUE,REGISTER_CONNECTION,REGISTER_CONNECTION,REGISTER_CONNECTION,REGISTER_CONNECTION,0.9569,EXPECTED_SHARED_PROTOCOL,True,True,True,False,True,False,True,True,SOVT_GLIDE,SOVT_GLIDE
c8d4b24b6f55,VOCAL_FATIGUE,PITCH_UNSTABLE,REGISTER_CONNECTION,REGISTER_CONNECTION,REGISTER_CONNECTION,REGISTER_CONNECTION,0.9524,EXPECTED_SHARED_PROTOCOL,True,True,False,False,True,False,True,True,SOVT_GLIDE,SOVT_GLIDE
c8d4b24b6f55,VOCAL_FATIGUE,REGISTER_CONNECTION_DIFFICULT,REGISTER_CONNECTION,REGISTER_CONNECTION,REGISTER_CONNECTION,REGISTER_CONNECTION,0.9237,EXPECTED_SHARED_PROTOCOL,True,True,False,False,True,False,True,True,SOVT_GLIDE,SOVT_GLIDE
c8d4b24b6f55,AFTER_SINGING_FATIGUE,PITCH_UNSTABLE,REGISTER_CONNECTION,REGISTER_CONNECTION,REGISTER_CONNECTION,REGISTER_CONNECTION,0.927,EXPECTED_SHARED_PROTOCOL,True,True,False,False,True,False,True,True,SOVT_GLIDE,SOVT_GLIDE
c8d4b24b6f55,AFTER_SINGING_FATIGUE,REGISTER_CONNECTION_DIFFICULT,REGISTER_CONNECTION,REGISTER_CONNECTION,REGISTER_CONNECTION,REGISTER_CONNECTION,0.916,EXPECTED_SHARED_PROTOCOL,True,True,False,False,True,False,True,True,SOVT_GLIDE,SOVT_GLIDE
c8d4b24b6f55,PITCH_UNSTABLE,REGISTER_CONNECTION_DIFFICULT,REGISTER_CONNECTION,REGISTER_CONNECTION,REGISTER_CONNECTION,REGISTER_CONNECTION,0.9367,EXPECTED_SHARED_PROTOCOL,True,True,True,False,True,False,True,True,SOVT_GLIDE,SOVT_GLIDE
ca43bc2b048b,HIGH_NOTE_TOO_EFFORTFUL,HIGH_NOTE_FLIPS,REGISTER_CONNECTION,REGISTER_CONNECTION,REGISTER_CONNECTION,REGISTER_CONNECTION,0.9437,EXPECTED_SHARED_PROTOCOL,True,True,True,True,True,False,True,True,SOVT_GLIDE,SOVT_GLIDE
ca43bc2b048b,HIGH_NOTE_UNSTABLE,PITCH_UNSTABLE,STABILITY,STABILITY,STABILITY,STABILITY,0.9048,EXPECTED_SHARED_PROTOCOL,True,True,False,False,True,False,True,True,SUSTAIN_HOLD,SUSTAIN_HOLD
ca43bc2b048b,HIGH_NOTE_UNSTABLE,REGISTER_CONNECTION_DIFFICULT,STABILITY,STABILITY,STABILITY,STABILITY,0.8855,EXPECTED_SHARED_PROTOCOL,True,True,False,False,True,False,True,True,SUSTAIN_HOLD,SUSTAIN_HOLD
ca43bc2b048b,THROAT_EFFORT,LOUD_VOICE_DIFFICULT,EFFORT,EFFORT,MAINTAIN,MAINTAIN,0.8819,EXPECTED_SHARED_PROTOCOL,True,True,True,False,True,False,True,True,SUSTAIN_HOLD,SUSTAIN_HOLD
ca43bc2b048b,THROAT_EFFORT,VOCAL_FATIGUE,EFFORT,EFFORT,MAINTAIN,MAINTAIN,0.9206,EXPECTED_SHARED_PROTOCOL,True,True,True,False,True,False,True,True,SUSTAIN_HOLD,SUSTAIN_HOLD
ca43bc2b048b,LOUD_VOICE_DIFFICULT,VOCAL_FATIGUE,EFFORT,EFFORT,MAINTAIN,MAINTAIN,0.8819,EXPECTED_SHARED_PROTOCOL,True,True,True,False,True,False,True,True,SUSTAIN_HOLD,SUSTAIN_HOLD
ca43bc2b048b,LOUD_VOICE_DIFFICULT,AFTER_SINGING_FATIGUE,EFFORT,EFFORT,MAINTAIN,MAINTAIN,0.8837,EXPECTED_SHARED_PROTOCOL,True,True,True,False,True,False,True,True,SUSTAIN_HOLD,SUSTAIN_HOLD
ca43bc2b048b,VOCAL_FATIGUE,AFTER_SINGING_FATIGUE,EFFORT,EFFORT,MAINTAIN,MAINTAIN,0.9219,EXPECTED_SHARED_PROTOCOL,True,True,True,False,True,False,True,True,SUSTAIN_HOLD,SUSTAIN_HOLD
ca43bc2b048b,PITCH_UNSTABLE,REGISTER_CONNECTION_DIFFICULT,STABILITY,STABILITY,STABILITY,STABILITY,0.8855,EXPECTED_SHARED_PROTOCOL,True,True,True,False,True,False,True,True,SUSTAIN_HOLD,SUSTAIN_HOLD
cfc6b206e99b,HIGH_NOTE_TOO_EFFORTFUL,HIGH_NOTE_FLIPS,REGISTER_CONNECTION,REGISTER_CONNECTION,REGISTER_CONNECTION,REGISTER_CONNECTION,0.9437,EXPECTED_SHARED_PROTOCOL,True,True,True,True,True,False,True,True,SOVT_GLIDE,SOVT_GLIDE
cfc6b206e99b,HIGH_NOTE_UNSTABLE,PITCH_UNSTABLE,STABILITY,STABILITY,STABILITY,STABILITY,0.9048,EXPECTED_SHARED_PROTOCOL,True,True,False,False,True,False,True,True,SUSTAIN_HOLD,SUSTAIN_HOLD
cfc6b206e99b,HIGH_NOTE_UNSTABLE,REGISTER_CONNECTION_DIFFICULT,STABILITY,STABILITY,STABILITY,STABILITY,0.8855,EXPECTED_SHARED_PROTOCOL,True,True,False,False,True,False,True,True,SUSTAIN_HOLD,SUSTAIN_HOLD
cfc6b206e99b,THROAT_EFFORT,LOUD_VOICE_DIFFICULT,EFFORT,EFFORT,MAINTAIN,MAINTAIN,0.8819,EXPECTED_SHARED_PROTOCOL,True,True,True,False,True,False,True,True,SUSTAIN_HOLD,SUSTAIN_HOLD
cfc6b206e99b,THROAT_EFFORT,VOCAL_FATIGUE,EFFORT,EFFORT,MAINTAIN,MAINTAIN,0.9206,EXPECTED_SHARED_PROTOCOL,True,True,True,False,True,False,True,True,SUSTAIN_HOLD,SUSTAIN_HOLD
cfc6b206e99b,LOUD_VOICE_DIFFICULT,VOCAL_FATIGUE,EFFORT,EFFORT,MAINTAIN,MAINTAIN,0.8819,EXPECTED_SHARED_PROTOCOL,True,True,True,False,True,False,True,True,SUSTAIN_HOLD,SUSTAIN_HOLD
cfc6b206e99b,LOUD_VOICE_DIFFICULT,AFTER_SINGING_FATIGUE,EFFORT,EFFORT,MAINTAIN,MAINTAIN,0.8837,EXPECTED_SHARED_PROTOCOL,True,True,True,False,True,False,True,True,SUSTAIN_HOLD,SUSTAIN_HOLD
cfc6b206e99b,VOCAL_FATIGUE,AFTER_SINGING_FATIGUE,EFFORT,EFFORT,MAINTAIN,MAINTAIN,0.9219,EXPECTED_SHARED_PROTOCOL,True,True,True,False,True,False,True,True,SUSTAIN_HOLD,SUSTAIN_HOLD
cfc6b206e99b,PITCH_UNSTABLE,REGISTER_CONNECTION_DIFFICULT,STABILITY,STABILITY,STABILITY,STABILITY,0.8855,EXPECTED_SHARED_PROTOCOL,True,True,True,False,True,False,True,True,SUSTAIN_HOLD,SUSTAIN_HOLD
d03ad168d8d7,HIGH_NOTE_CANNOT_REACH,HIGH_NOTE_TOO_EFFORTFUL,REGISTER_CONNECTION,REGISTER_CONNECTION,REGISTER_CONNECTION,REGISTER_CONNECTION,0.9442,EXPECTED_SHARED_PROTOCOL,True,True,True,True,True,False,True,True,SOVT_GLIDE,SOVT_GLIDE
d03ad168d8d7,HIGH_NOTE_CANNOT_REACH,HIGH_NOTE_FLIPS,REGISTER_CONNECTION,REGISTER_CONNECTION,REGISTER_CONNECTION,REGISTER_CONNECTION,0.9561,EXPECTED_SHARED_PROTOCOL,True,True,True,True,True,False,True,True,SOVT_GLIDE,SOVT_GLIDE
d03ad168d8d7,HIGH_NOTE_CANNOT_REACH,HIGH_NOTE_UNSTABLE,REGISTER_CONNECTION,REGISTER_CONNECTION,REGISTER_CONNECTION,REGISTER_CONNECTION,0.9697,EXPECTED_SHARED_PROTOCOL,True,True,True,True,True,False,True,True,SOVT_GLIDE,SOVT_GLIDE
d03ad168d8d7,HIGH_NOTE_CANNOT_REACH,THROAT_EFFORT,REGISTER_CONNECTION,REGISTER_CONNECTION,REGISTER_CONNECTION,REGISTER_CONNECTION,0.9391,EXPECTED_SHARED_PROTOCOL,True,True,True,False,True,False,True,True,SOVT_GLIDE,SOVT_GLIDE
d03ad168d8d7,HIGH_NOTE_CANNOT_REACH,LOUD_VOICE_DIFFICULT,REGISTER_CONNECTION,REGISTER_CONNECTION,REGISTER_CONNECTION,REGISTER_CONNECTION,0.9524,EXPECTED_SHARED_PROTOCOL,True,True,True,False,True,False,True,True,SOVT_GLIDE,SOVT_GLIDE
d03ad168d8d7,HIGH_NOTE_CANNOT_REACH,VOCAL_FATIGUE,REGISTER_CONNECTION,REGISTER_CONNECTION,REGISTER_CONNECTION,REGISTER_CONNECTION,0.9391,EXPECTED_SHARED_PROTOCOL,True,True,True,False,True,False,True,True,SOVT_GLIDE,SOVT_GLIDE
d03ad168d8d7,HIGH_NOTE_CANNOT_REACH,AFTER_SINGING_FATIGUE,REGISTER_CONNECTION,REGISTER_CONNECTION,REGISTER_CONNECTION,REGISTER_CONNECTION,0.9397,EXPECTED_SHARED_PROTOCOL,True,True,True,False,True,False,True,True,SOVT_GLIDE,SOVT_GLIDE
d03ad168d8d7,HIGH_NOTE_CANNOT_REACH,PITCH_UNSTABLE,REGISTER_CONNECTION,REGISTER_CONNECTION,REGISTER_CONNECTION,REGISTER_CONNECTION,0.9437,EXPECTED_SHARED_PROTOCOL,True,True,False,False,True,False,True,True,SOVT_GLIDE,SOVT_GLIDE
d03ad168d8d7,HIGH_NOTE_CANNOT_REACH,REGISTER_CONNECTION_DIFFICULT,REGISTER_CONNECTION,REGISTER_CONNECTION,REGISTER_CONNECTION,REGISTER_CONNECTION,0.9407,EXPECTED_SHARED_PROTOCOL,True,True,False,False,True,False,True,True,SOVT_GLIDE,SOVT_GLIDE
d03ad168d8d7,HIGH_NOTE_TOO_EFFORTFUL,HIGH_NOTE_FLIPS,REGISTER_CONNECTION,REGISTER_CONNECTION,REGISTER_CONNECTION,REGISTER_CONNECTION,0.9437,EXPECTED_SHARED_PROTOCOL,True,True,True,True,True,False,True,True,SOVT_GLIDE,SOVT_GLIDE
d03ad168d8d7,HIGH_NOTE_TOO_EFFORTFUL,HIGH_NOTE_UNSTABLE,REGISTER_CONNECTION,REGISTER_CONNECTION,REGISTER_CONNECTION,REGISTER_CONNECTION,0.9487,EXPECTED_SHARED_PROTOCOL,True,True,True,True,True,False,True,True,SOVT_GLIDE,SOVT_GLIDE
d03ad168d8d7,HIGH_NOTE_TOO_EFFORTFUL,THROAT_EFFORT,REGISTER_CONNECTION,REGISTER_CONNECTION,REGISTER_CONNECTION,REGISTER_CONNECTION,0.9356,EXPECTED_SHARED_PROTOCOL,True,True,True,False,True,False,True,True,SOVT_GLIDE,SOVT_GLIDE
d03ad168d8d7,HIGH_NOTE_TOO_EFFORTFUL,LOUD_VOICE_DIFFICULT,REGISTER_CONNECTION,REGISTER_CONNECTION,REGISTER_CONNECTION,REGISTER_CONNECTION,0.9316,EXPECTED_SHARED_PROTOCOL,True,True,True,False,True,False,True,True,SOVT_GLIDE,SOVT_GLIDE
d03ad168d8d7,HIGH_NOTE_TOO_EFFORTFUL,VOCAL_FATIGUE,REGISTER_CONNECTION,REGISTER_CONNECTION,REGISTER_CONNECTION,REGISTER_CONNECTION,0.9442,EXPECTED_SHARED_PROTOCOL,True,True,True,False,True,False,True,True,SOVT_GLIDE,SOVT_GLIDE
d03ad168d8d7,HIGH_NOTE_TOO_EFFORTFUL,AFTER_SINGING_FATIGUE,REGISTER_CONNECTION,REGISTER_CONNECTION,REGISTER_CONNECTION,REGISTER_CONNECTION,0.9277,EXPECTED_SHARED_PROTOCOL,True,True,True,False,True,False,True,True,SOVT_GLIDE,SOVT_GLIDE
d03ad168d8d7,HIGH_NOTE_TOO_EFFORTFUL,PITCH_UNSTABLE,REGISTER_CONNECTION,REGISTER_CONNECTION,REGISTER_CONNECTION,REGISTER_CONNECTION,0.9487,EXPECTED_SHARED_PROTOCOL,True,True,False,False,True,False,True,True,SOVT_GLIDE,SOVT_GLIDE
d03ad168d8d7,HIGH_NOTE_TOO_EFFORTFUL,REGISTER_CONNECTION_DIFFICULT,REGISTER_CONNECTION,REGISTER_CONNECTION,REGISTER_CONNECTION,REGISTER_CONNECTION,0.9372,EXPECTED_SHARED_PROTOCOL,True,True,False,False,True,False,True,True,SOVT_GLIDE,SOVT_GLIDE
d03ad168d8d7,HIGH_NOTE_FLIPS,HIGH_NOTE_UNSTABLE,REGISTER_CONNECTION,REGISTER_CONNECTION,REGISTER_CONNECTION,REGISTER_CONNECTION,0.9607,EXPECTED_SHARED_PROTOCOL,True,True,True,True,True,False,True,True,SOVT_GLIDE,SOVT_GLIDE
d03ad168d8d7,HIGH_NOTE_FLIPS,THROAT_EFFORT,REGISTER_CONNECTION,REGISTER_CONNECTION,REGISTER_CONNECTION,REGISTER_CONNECTION,0.9386,EXPECTED_SHARED_PROTOCOL,True,True,True,False,True,False,True,True,SOVT_GLIDE,SOVT_GLIDE
d03ad168d8d7,HIGH_NOTE_FLIPS,LOUD_VOICE_DIFFICULT,REGISTER_CONNECTION,REGISTER_CONNECTION,REGISTER_CONNECTION,REGISTER_CONNECTION,0.9432,EXPECTED_SHARED_PROTOCOL,True,True,True,False,True,False,True,True,SOVT_GLIDE,SOVT_GLIDE
d03ad168d8d7,HIGH_NOTE_FLIPS,VOCAL_FATIGUE,REGISTER_CONNECTION,REGISTER_CONNECTION,REGISTER_CONNECTION,REGISTER_CONNECTION,0.9474,EXPECTED_SHARED_PROTOCOL,True,True,True,False,True,False,True,True,SOVT_GLIDE,SOVT_GLIDE
d03ad168d8d7,HIGH_NOTE_FLIPS,AFTER_SINGING_FATIGUE,REGISTER_CONNECTION,REGISTER_CONNECTION,REGISTER_CONNECTION,REGISTER_CONNECTION,0.9565,EXPECTED_SHARED_PROTOCOL,True,True,True,False,True,False,True,True,SOVT_GLIDE,SOVT_GLIDE
d03ad168d8d7,HIGH_NOTE_FLIPS,PITCH_UNSTABLE,REGISTER_CONNECTION,REGISTER_CONNECTION,REGISTER_CONNECTION,REGISTER_CONNECTION,0.952,EXPECTED_SHARED_PROTOCOL,True,True,False,False,True,False,True,True,SOVT_GLIDE,SOVT_GLIDE
d03ad168d8d7,HIGH_NOTE_FLIPS,REGISTER_CONNECTION_DIFFICULT,REGISTER_CONNECTION,REGISTER_CONNECTION,REGISTER_CONNECTION,REGISTER_CONNECTION,0.9231,EXPECTED_SHARED_PROTOCOL,True,True,False,False,True,False,True,True,SOVT_GLIDE,SOVT_GLIDE
d03ad168d8d7,HIGH_NOTE_THINS,TIMBRE_CHANGES_HIGH,REGISTER_CONNECTION,REGISTER_CONNECTION,REGISTER_CONNECTION,REGISTER_CONNECTION,0.9246,EXPECTED_SHARED_PROTOCOL,True,True,True,False,True,False,False,True,SOVT_GLIDE,SOVT_GLIDE
d03ad168d8d7,HIGH_NOTE_UNSTABLE,THROAT_EFFORT,REGISTER_CONNECTION,REGISTER_CONNECTION,REGISTER_CONNECTION,REGISTER_CONNECTION,0.9351,EXPECTED_SHARED_PROTOCOL,True,True,True,False,True,False,True,True,SOVT_GLIDE,SOVT_GLIDE
d03ad168d8d7,HIGH_NOTE_UNSTABLE,LOUD_VOICE_DIFFICULT,REGISTER_CONNECTION,REGISTER_CONNECTION,REGISTER_CONNECTION,REGISTER_CONNECTION,0.9397,EXPECTED_SHARED_PROTOCOL,True,True,True,False,True,False,True,True,SOVT_GLIDE,SOVT_GLIDE
d03ad168d8d7,HIGH_NOTE_UNSTABLE,VOCAL_FATIGUE,REGISTER_CONNECTION,REGISTER_CONNECTION,REGISTER_CONNECTION,REGISTER_CONNECTION,0.9351,EXPECTED_SHARED_PROTOCOL,True,True,True,False,True,False,True,True,SOVT_GLIDE,SOVT_GLIDE
d03ad168d8d7,HIGH_NOTE_UNSTABLE,AFTER_SINGING_FATIGUE,REGISTER_CONNECTION,REGISTER_CONNECTION,REGISTER_CONNECTION,REGISTER_CONNECTION,0.9442,EXPECTED_SHARED_PROTOCOL,True,True,True,False,True,False,True,True,SOVT_GLIDE,SOVT_GLIDE
d03ad168d8d7,HIGH_NOTE_UNSTABLE,PITCH_UNSTABLE,REGISTER_CONNECTION,REGISTER_CONNECTION,REGISTER_CONNECTION,REGISTER_CONNECTION,0.9483,EXPECTED_SHARED_PROTOCOL,True,True,False,False,True,False,True,True,SOVT_GLIDE,SOVT_GLIDE
d03ad168d8d7,HIGH_NOTE_UNSTABLE,REGISTER_CONNECTION_DIFFICULT,REGISTER_CONNECTION,REGISTER_CONNECTION,REGISTER_CONNECTION,REGISTER_CONNECTION,0.9367,EXPECTED_SHARED_PROTOCOL,True,True,False,False,True,False,True,True,SOVT_GLIDE,SOVT_GLIDE
d03ad168d8d7,THROAT_EFFORT,LOUD_VOICE_DIFFICULT,REGISTER_CONNECTION,REGISTER_CONNECTION,REGISTER_CONNECTION,REGISTER_CONNECTION,0.9351,EXPECTED_SHARED_PROTOCOL,True,True,True,False,True,False,True,True,SOVT_GLIDE,SOVT_GLIDE
d03ad168d8d7,THROAT_EFFORT,VOCAL_FATIGUE,REGISTER_CONNECTION,REGISTER_CONNECTION,REGISTER_CONNECTION,REGISTER_CONNECTION,0.9565,EXPECTED_SHARED_PROTOCOL,True,True,True,False,True,False,True,True,SOVT_GLIDE,SOVT_GLIDE
d03ad168d8d7,THROAT_EFFORT,AFTER_SINGING_FATIGUE,REGISTER_CONNECTION,REGISTER_CONNECTION,REGISTER_CONNECTION,REGISTER_CONNECTION,0.931,EXPECTED_SHARED_PROTOCOL,True,True,True,False,True,False,True,True,SOVT_GLIDE,SOVT_GLIDE
d03ad168d8d7,THROAT_EFFORT,PITCH_UNSTABLE,REGISTER_CONNECTION,REGISTER_CONNECTION,REGISTER_CONNECTION,REGISTER_CONNECTION,0.9437,EXPECTED_SHARED_PROTOCOL,True,True,False,False,True,False,True,True,SOVT_GLIDE,SOVT_GLIDE
d03ad168d8d7,THROAT_EFFORT,REGISTER_CONNECTION_DIFFICULT,REGISTER_CONNECTION,REGISTER_CONNECTION,REGISTER_CONNECTION,REGISTER_CONNECTION,0.9407,EXPECTED_SHARED_PROTOCOL,True,True,False,False,True,False,True,True,SOVT_GLIDE,SOVT_GLIDE
d03ad168d8d7,LOUD_VOICE_DIFFICULT,VOCAL_FATIGUE,REGISTER_CONNECTION,REGISTER_CONNECTION,REGISTER_CONNECTION,REGISTER_CONNECTION,0.9351,EXPECTED_SHARED_PROTOCOL,True,True,True,False,True,False,True,True,SOVT_GLIDE,SOVT_GLIDE
d03ad168d8d7,LOUD_VOICE_DIFFICULT,AFTER_SINGING_FATIGUE,REGISTER_CONNECTION,REGISTER_CONNECTION,REGISTER_CONNECTION,REGISTER_CONNECTION,0.9356,EXPECTED_SHARED_PROTOCOL,True,True,True,False,True,False,True,True,SOVT_GLIDE,SOVT_GLIDE
d03ad168d8d7,LOUD_VOICE_DIFFICULT,PITCH_UNSTABLE,REGISTER_CONNECTION,REGISTER_CONNECTION,REGISTER_CONNECTION,REGISTER_CONNECTION,0.931,EXPECTED_SHARED_PROTOCOL,True,True,False,False,True,False,True,True,SOVT_GLIDE,SOVT_GLIDE
d03ad168d8d7,LOUD_VOICE_DIFFICULT,REGISTER_CONNECTION_DIFFICULT,REGISTER_CONNECTION,REGISTER_CONNECTION,REGISTER_CONNECTION,REGISTER_CONNECTION,0.9114,EXPECTED_SHARED_PROTOCOL,True,True,False,False,True,False,True,True,SOVT_GLIDE,SOVT_GLIDE
d03ad168d8d7,VOCAL_FATIGUE,AFTER_SINGING_FATIGUE,REGISTER_CONNECTION,REGISTER_CONNECTION,REGISTER_CONNECTION,REGISTER_CONNECTION,0.9569,EXPECTED_SHARED_PROTOCOL,True,True,True,False,True,False,True,True,SOVT_GLIDE,SOVT_GLIDE
d03ad168d8d7,VOCAL_FATIGUE,PITCH_UNSTABLE,REGISTER_CONNECTION,REGISTER_CONNECTION,REGISTER_CONNECTION,REGISTER_CONNECTION,0.9524,EXPECTED_SHARED_PROTOCOL,True,True,False,False,True,False,True,True,SOVT_GLIDE,SOVT_GLIDE
d03ad168d8d7,VOCAL_FATIGUE,REGISTER_CONNECTION_DIFFICULT,REGISTER_CONNECTION,REGISTER_CONNECTION,REGISTER_CONNECTION,REGISTER_CONNECTION,0.9237,EXPECTED_SHARED_PROTOCOL,True,True,False,False,True,False,True,True,SOVT_GLIDE,SOVT_GLIDE
d03ad168d8d7,AFTER_SINGING_FATIGUE,PITCH_UNSTABLE,REGISTER_CONNECTION,REGISTER_CONNECTION,REGISTER_CONNECTION,REGISTER_CONNECTION,0.927,EXPECTED_SHARED_PROTOCOL,True,True,False,False,True,False,True,True,SOVT_GLIDE,SOVT_GLIDE
d03ad168d8d7,AFTER_SINGING_FATIGUE,REGISTER_CONNECTION_DIFFICULT,REGISTER_CONNECTION,REGISTER_CONNECTION,REGISTER_CONNECTION,REGISTER_CONNECTION,0.916,EXPECTED_SHARED_PROTOCOL,True,True,False,False,True,False,True,True,SOVT_GLIDE,SOVT_GLIDE
d03ad168d8d7,VOICE_TOO_SHARP,VOICE_ROUGH,REGISTER_CONNECTION,REGISTER_CONNECTION,REGISTER_CONNECTION,REGISTER_CONNECTION,0.9529,EXPECTED_SHARED_PROTOCOL,True,True,True,True,True,False,True,True,REGISTER_CONNECTION,REGISTER_CONNECTION
d03ad168d8d7,PITCH_UNSTABLE,REGISTER_CONNECTION_DIFFICULT,REGISTER_CONNECTION,REGISTER_CONNECTION,REGISTER_CONNECTION,REGISTER_CONNECTION,0.9367,EXPECTED_SHARED_PROTOCOL,True,True,True,False,True,False,True,True,SOVT_GLIDE,SOVT_GLIDE
d241c8e7a734,HIGH_NOTE_CANNOT_REACH,HIGH_NOTE_TOO_EFFORTFUL,REGISTER_CONNECTION,REGISTER_CONNECTION,REGISTER_CONNECTION,REGISTER_CONNECTION,0.9442,EXPECTED_SHARED_PROTOCOL,True,True,True,True,True,False,True,True,SOVT_GLIDE,SOVT_GLIDE
d241c8e7a734,HIGH_NOTE_CANNOT_REACH,HIGH_NOTE_FLIPS,REGISTER_CONNECTION,REGISTER_CONNECTION,REGISTER_CONNECTION,REGISTER_CONNECTION,0.9561,EXPECTED_SHARED_PROTOCOL,True,True,True,True,True,False,True,True,SOVT_GLIDE,SOVT_GLIDE
d241c8e7a734,HIGH_NOTE_CANNOT_REACH,HIGH_NOTE_UNSTABLE,REGISTER_CONNECTION,REGISTER_CONNECTION,REGISTER_CONNECTION,REGISTER_CONNECTION,0.9697,EXPECTED_SHARED_PROTOCOL,True,True,True,True,True,False,True,True,SOVT_GLIDE,SOVT_GLIDE
d241c8e7a734,HIGH_NOTE_CANNOT_REACH,THROAT_EFFORT,REGISTER_CONNECTION,REGISTER_CONNECTION,REGISTER_CONNECTION,REGISTER_CONNECTION,0.9391,EXPECTED_SHARED_PROTOCOL,True,True,True,False,True,False,True,True,SOVT_GLIDE,SOVT_GLIDE
d241c8e7a734,HIGH_NOTE_CANNOT_REACH,LOUD_VOICE_DIFFICULT,REGISTER_CONNECTION,REGISTER_CONNECTION,REGISTER_CONNECTION,REGISTER_CONNECTION,0.9524,EXPECTED_SHARED_PROTOCOL,True,True,True,False,True,False,True,True,SOVT_GLIDE,SOVT_GLIDE
d241c8e7a734,HIGH_NOTE_CANNOT_REACH,VOCAL_FATIGUE,REGISTER_CONNECTION,REGISTER_CONNECTION,REGISTER_CONNECTION,REGISTER_CONNECTION,0.9391,EXPECTED_SHARED_PROTOCOL,True,True,True,False,True,False,True,True,SOVT_GLIDE,SOVT_GLIDE
d241c8e7a734,HIGH_NOTE_CANNOT_REACH,AFTER_SINGING_FATIGUE,REGISTER_CONNECTION,REGISTER_CONNECTION,REGISTER_CONNECTION,REGISTER_CONNECTION,0.9397,EXPECTED_SHARED_PROTOCOL,True,True,True,False,True,False,True,True,SOVT_GLIDE,SOVT_GLIDE
d241c8e7a734,HIGH_NOTE_CANNOT_REACH,PITCH_UNSTABLE,REGISTER_CONNECTION,REGISTER_CONNECTION,REGISTER_CONNECTION,REGISTER_CONNECTION,0.9437,EXPECTED_SHARED_PROTOCOL,True,True,False,False,True,False,True,True,SOVT_GLIDE,SOVT_GLIDE
d241c8e7a734,HIGH_NOTE_CANNOT_REACH,REGISTER_CONNECTION_DIFFICULT,REGISTER_CONNECTION,REGISTER_CONNECTION,REGISTER_CONNECTION,REGISTER_CONNECTION,0.9407,EXPECTED_SHARED_PROTOCOL,True,True,False,False,True,False,True,True,SOVT_GLIDE,SOVT_GLIDE
d241c8e7a734,HIGH_NOTE_TOO_EFFORTFUL,HIGH_NOTE_FLIPS,REGISTER_CONNECTION,REGISTER_CONNECTION,REGISTER_CONNECTION,REGISTER_CONNECTION,0.9437,EXPECTED_SHARED_PROTOCOL,True,True,True,True,True,False,True,True,SOVT_GLIDE,SOVT_GLIDE
d241c8e7a734,HIGH_NOTE_TOO_EFFORTFUL,HIGH_NOTE_UNSTABLE,REGISTER_CONNECTION,REGISTER_CONNECTION,REGISTER_CONNECTION,REGISTER_CONNECTION,0.9487,EXPECTED_SHARED_PROTOCOL,True,True,True,True,True,False,True,True,SOVT_GLIDE,SOVT_GLIDE
d241c8e7a734,HIGH_NOTE_TOO_EFFORTFUL,THROAT_EFFORT,REGISTER_CONNECTION,REGISTER_CONNECTION,REGISTER_CONNECTION,REGISTER_CONNECTION,0.9356,EXPECTED_SHARED_PROTOCOL,True,True,True,False,True,False,True,True,SOVT_GLIDE,SOVT_GLIDE
d241c8e7a734,HIGH_NOTE_TOO_EFFORTFUL,LOUD_VOICE_DIFFICULT,REGISTER_CONNECTION,REGISTER_CONNECTION,REGISTER_CONNECTION,REGISTER_CONNECTION,0.9316,EXPECTED_SHARED_PROTOCOL,True,True,True,False,True,False,True,True,SOVT_GLIDE,SOVT_GLIDE
d241c8e7a734,HIGH_NOTE_TOO_EFFORTFUL,VOCAL_FATIGUE,REGISTER_CONNECTION,REGISTER_CONNECTION,REGISTER_CONNECTION,REGISTER_CONNECTION,0.9442,EXPECTED_SHARED_PROTOCOL,True,True,True,False,True,False,True,True,SOVT_GLIDE,SOVT_GLIDE
d241c8e7a734,HIGH_NOTE_TOO_EFFORTFUL,AFTER_SINGING_FATIGUE,REGISTER_CONNECTION,REGISTER_CONNECTION,REGISTER_CONNECTION,REGISTER_CONNECTION,0.9277,EXPECTED_SHARED_PROTOCOL,True,True,True,False,True,False,True,True,SOVT_GLIDE,SOVT_GLIDE
d241c8e7a734,HIGH_NOTE_TOO_EFFORTFUL,PITCH_UNSTABLE,REGISTER_CONNECTION,REGISTER_CONNECTION,REGISTER_CONNECTION,REGISTER_CONNECTION,0.9487,EXPECTED_SHARED_PROTOCOL,True,True,False,False,True,False,True,True,SOVT_GLIDE,SOVT_GLIDE
d241c8e7a734,HIGH_NOTE_TOO_EFFORTFUL,REGISTER_CONNECTION_DIFFICULT,REGISTER_CONNECTION,REGISTER_CONNECTION,REGISTER_CONNECTION,REGISTER_CONNECTION,0.9372,EXPECTED_SHARED_PROTOCOL,True,True,False,False,True,False,True,True,SOVT_GLIDE,SOVT_GLIDE
d241c8e7a734,HIGH_NOTE_FLIPS,HIGH_NOTE_UNSTABLE,REGISTER_CONNECTION,REGISTER_CONNECTION,REGISTER_CONNECTION,REGISTER_CONNECTION,0.9607,EXPECTED_SHARED_PROTOCOL,True,True,True,True,True,False,True,True,SOVT_GLIDE,SOVT_GLIDE
d241c8e7a734,HIGH_NOTE_FLIPS,THROAT_EFFORT,REGISTER_CONNECTION,REGISTER_CONNECTION,REGISTER_CONNECTION,REGISTER_CONNECTION,0.9386,EXPECTED_SHARED_PROTOCOL,True,True,True,False,True,False,True,True,SOVT_GLIDE,SOVT_GLIDE
d241c8e7a734,HIGH_NOTE_FLIPS,LOUD_VOICE_DIFFICULT,REGISTER_CONNECTION,REGISTER_CONNECTION,REGISTER_CONNECTION,REGISTER_CONNECTION,0.9432,EXPECTED_SHARED_PROTOCOL,True,True,True,False,True,False,True,True,SOVT_GLIDE,SOVT_GLIDE
d241c8e7a734,HIGH_NOTE_FLIPS,VOCAL_FATIGUE,REGISTER_CONNECTION,REGISTER_CONNECTION,REGISTER_CONNECTION,REGISTER_CONNECTION,0.9474,EXPECTED_SHARED_PROTOCOL,True,True,True,False,True,False,True,True,SOVT_GLIDE,SOVT_GLIDE
d241c8e7a734,HIGH_NOTE_FLIPS,AFTER_SINGING_FATIGUE,REGISTER_CONNECTION,REGISTER_CONNECTION,REGISTER_CONNECTION,REGISTER_CONNECTION,0.9565,EXPECTED_SHARED_PROTOCOL,True,True,True,False,True,False,True,True,SOVT_GLIDE,SOVT_GLIDE
d241c8e7a734,HIGH_NOTE_FLIPS,PITCH_UNSTABLE,REGISTER_CONNECTION,REGISTER_CONNECTION,REGISTER_CONNECTION,REGISTER_CONNECTION,0.952,EXPECTED_SHARED_PROTOCOL,True,True,False,False,True,False,True,True,SOVT_GLIDE,SOVT_GLIDE
d241c8e7a734,HIGH_NOTE_FLIPS,REGISTER_CONNECTION_DIFFICULT,REGISTER_CONNECTION,REGISTER_CONNECTION,REGISTER_CONNECTION,REGISTER_CONNECTION,0.9231,EXPECTED_SHARED_PROTOCOL,True,True,False,False,True,False,True,True,SOVT_GLIDE,SOVT_GLIDE
d241c8e7a734,HIGH_NOTE_THINS,TIMBRE_CHANGES_HIGH,REGISTER_CONNECTION,REGISTER_CONNECTION,REGISTER_CONNECTION,REGISTER_CONNECTION,0.9246,EXPECTED_SHARED_PROTOCOL,True,True,True,False,True,False,False,True,SOVT_GLIDE,SOVT_GLIDE
d241c8e7a734,HIGH_NOTE_UNSTABLE,THROAT_EFFORT,REGISTER_CONNECTION,REGISTER_CONNECTION,REGISTER_CONNECTION,REGISTER_CONNECTION,0.9351,EXPECTED_SHARED_PROTOCOL,True,True,True,False,True,False,True,True,SOVT_GLIDE,SOVT_GLIDE
d241c8e7a734,HIGH_NOTE_UNSTABLE,LOUD_VOICE_DIFFICULT,REGISTER_CONNECTION,REGISTER_CONNECTION,REGISTER_CONNECTION,REGISTER_CONNECTION,0.9397,EXPECTED_SHARED_PROTOCOL,True,True,True,False,True,False,True,True,SOVT_GLIDE,SOVT_GLIDE
d241c8e7a734,HIGH_NOTE_UNSTABLE,VOCAL_FATIGUE,REGISTER_CONNECTION,REGISTER_CONNECTION,REGISTER_CONNECTION,REGISTER_CONNECTION,0.9351,EXPECTED_SHARED_PROTOCOL,True,True,True,False,True,False,True,True,SOVT_GLIDE,SOVT_GLIDE
d241c8e7a734,HIGH_NOTE_UNSTABLE,AFTER_SINGING_FATIGUE,REGISTER_CONNECTION,REGISTER_CONNECTION,REGISTER_CONNECTION,REGISTER_CONNECTION,0.9442,EXPECTED_SHARED_PROTOCOL,True,True,True,False,True,False,True,True,SOVT_GLIDE,SOVT_GLIDE
d241c8e7a734,HIGH_NOTE_UNSTABLE,PITCH_UNSTABLE,REGISTER_CONNECTION,REGISTER_CONNECTION,REGISTER_CONNECTION,REGISTER_CONNECTION,0.9483,EXPECTED_SHARED_PROTOCOL,True,True,False,False,True,False,True,True,SOVT_GLIDE,SOVT_GLIDE
d241c8e7a734,HIGH_NOTE_UNSTABLE,REGISTER_CONNECTION_DIFFICULT,REGISTER_CONNECTION,REGISTER_CONNECTION,REGISTER_CONNECTION,REGISTER_CONNECTION,0.9367,EXPECTED_SHARED_PROTOCOL,True,True,False,False,True,False,True,True,SOVT_GLIDE,SOVT_GLIDE
d241c8e7a734,THROAT_EFFORT,LOUD_VOICE_DIFFICULT,REGISTER_CONNECTION,REGISTER_CONNECTION,REGISTER_CONNECTION,REGISTER_CONNECTION,0.9351,EXPECTED_SHARED_PROTOCOL,True,True,True,False,True,False,True,True,SOVT_GLIDE,SOVT_GLIDE
d241c8e7a734,THROAT_EFFORT,VOCAL_FATIGUE,REGISTER_CONNECTION,REGISTER_CONNECTION,REGISTER_CONNECTION,REGISTER_CONNECTION,0.9565,EXPECTED_SHARED_PROTOCOL,True,True,True,False,True,False,True,True,SOVT_GLIDE,SOVT_GLIDE
d241c8e7a734,THROAT_EFFORT,AFTER_SINGING_FATIGUE,REGISTER_CONNECTION,REGISTER_CONNECTION,REGISTER_CONNECTION,REGISTER_CONNECTION,0.931,EXPECTED_SHARED_PROTOCOL,True,True,True,False,True,False,True,True,SOVT_GLIDE,SOVT_GLIDE
d241c8e7a734,THROAT_EFFORT,PITCH_UNSTABLE,REGISTER_CONNECTION,REGISTER_CONNECTION,REGISTER_CONNECTION,REGISTER_CONNECTION,0.9437,EXPECTED_SHARED_PROTOCOL,True,True,False,False,True,False,True,True,SOVT_GLIDE,SOVT_GLIDE
d241c8e7a734,THROAT_EFFORT,REGISTER_CONNECTION_DIFFICULT,REGISTER_CONNECTION,REGISTER_CONNECTION,REGISTER_CONNECTION,REGISTER_CONNECTION,0.9407,EXPECTED_SHARED_PROTOCOL,True,True,False,False,True,False,True,True,SOVT_GLIDE,SOVT_GLIDE
d241c8e7a734,LOUD_VOICE_DIFFICULT,VOCAL_FATIGUE,REGISTER_CONNECTION,REGISTER_CONNECTION,REGISTER_CONNECTION,REGISTER_CONNECTION,0.9351,EXPECTED_SHARED_PROTOCOL,True,True,True,False,True,False,True,True,SOVT_GLIDE,SOVT_GLIDE
d241c8e7a734,LOUD_VOICE_DIFFICULT,AFTER_SINGING_FATIGUE,REGISTER_CONNECTION,REGISTER_CONNECTION,REGISTER_CONNECTION,REGISTER_CONNECTION,0.9356,EXPECTED_SHARED_PROTOCOL,True,True,True,False,True,False,True,True,SOVT_GLIDE,SOVT_GLIDE
d241c8e7a734,LOUD_VOICE_DIFFICULT,PITCH_UNSTABLE,REGISTER_CONNECTION,REGISTER_CONNECTION,REGISTER_CONNECTION,REGISTER_CONNECTION,0.931,EXPECTED_SHARED_PROTOCOL,True,True,False,False,True,False,True,True,SOVT_GLIDE,SOVT_GLIDE
d241c8e7a734,LOUD_VOICE_DIFFICULT,REGISTER_CONNECTION_DIFFICULT,REGISTER_CONNECTION,REGISTER_CONNECTION,REGISTER_CONNECTION,REGISTER_CONNECTION,0.9114,EXPECTED_SHARED_PROTOCOL,True,True,False,False,True,False,True,True,SOVT_GLIDE,SOVT_GLIDE
d241c8e7a734,VOCAL_FATIGUE,AFTER_SINGING_FATIGUE,REGISTER_CONNECTION,REGISTER_CONNECTION,REGISTER_CONNECTION,REGISTER_CONNECTION,0.9569,EXPECTED_SHARED_PROTOCOL,True,True,True,False,True,False,True,True,SOVT_GLIDE,SOVT_GLIDE
d241c8e7a734,VOCAL_FATIGUE,PITCH_UNSTABLE,REGISTER_CONNECTION,REGISTER_CONNECTION,REGISTER_CONNECTION,REGISTER_CONNECTION,0.9524,EXPECTED_SHARED_PROTOCOL,True,True,False,False,True,False,True,True,SOVT_GLIDE,SOVT_GLIDE
d241c8e7a734,VOCAL_FATIGUE,REGISTER_CONNECTION_DIFFICULT,REGISTER_CONNECTION,REGISTER_CONNECTION,REGISTER_CONNECTION,REGISTER_CONNECTION,0.9237,EXPECTED_SHARED_PROTOCOL,True,True,False,False,True,False,True,True,SOVT_GLIDE,SOVT_GLIDE
d241c8e7a734,AFTER_SINGING_FATIGUE,PITCH_UNSTABLE,REGISTER_CONNECTION,REGISTER_CONNECTION,REGISTER_CONNECTION,REGISTER_CONNECTION,0.927,EXPECTED_SHARED_PROTOCOL,True,True,False,False,True,False,True,True,SOVT_GLIDE,SOVT_GLIDE
d241c8e7a734,AFTER_SINGING_FATIGUE,REGISTER_CONNECTION_DIFFICULT,REGISTER_CONNECTION,REGISTER_CONNECTION,REGISTER_CONNECTION,REGISTER_CONNECTION,0.916,EXPECTED_SHARED_PROTOCOL,True,True,False,False,True,False,True,True,SOVT_GLIDE,SOVT_GLIDE
d241c8e7a734,VOICE_TOO_SHARP,VOICE_ROUGH,REGISTER_CONNECTION,REGISTER_CONNECTION,REGISTER_CONNECTION,REGISTER_CONNECTION,0.9529,EXPECTED_SHARED_PROTOCOL,True,True,True,True,True,False,True,True,REGISTER_CONNECTION,REGISTER_CONNECTION
d241c8e7a734,PITCH_UNSTABLE,REGISTER_CONNECTION_DIFFICULT,REGISTER_CONNECTION,REGISTER_CONNECTION,REGISTER_CONNECTION,REGISTER_CONNECTION,0.9367,EXPECTED_SHARED_PROTOCOL,True,True,True,False,True,False,True,True,SOVT_GLIDE,SOVT_GLIDE
d395d6bc40d4,HIGH_NOTE_TOO_EFFORTFUL,HIGH_NOTE_FLIPS,REGISTER_CONNECTION,REGISTER_CONNECTION,REGISTER_CONNECTION,REGISTER_CONNECTION,0.9437,EXPECTED_SHARED_PROTOCOL,True,True,True,True,True,False,True,True,SOVT_GLIDE,SOVT_GLIDE
d395d6bc40d4,HIGH_NOTE_UNSTABLE,PITCH_UNSTABLE,STABILITY,STABILITY,STABILITY,STABILITY,0.9048,EXPECTED_SHARED_PROTOCOL,True,True,False,False,True,False,True,True,SUSTAIN_HOLD,SUSTAIN_HOLD
d395d6bc40d4,HIGH_NOTE_UNSTABLE,REGISTER_CONNECTION_DIFFICULT,STABILITY,STABILITY,STABILITY,STABILITY,0.8855,EXPECTED_SHARED_PROTOCOL,True,True,False,False,True,False,True,True,SUSTAIN_HOLD,SUSTAIN_HOLD
d395d6bc40d4,THROAT_EFFORT,LOUD_VOICE_DIFFICULT,EFFORT,EFFORT,MAINTAIN,MAINTAIN,0.8819,EXPECTED_SHARED_PROTOCOL,True,True,True,False,True,False,True,True,SUSTAIN_HOLD,SUSTAIN_HOLD
d395d6bc40d4,THROAT_EFFORT,VOCAL_FATIGUE,EFFORT,EFFORT,MAINTAIN,MAINTAIN,0.9206,EXPECTED_SHARED_PROTOCOL,True,True,True,False,True,False,True,True,SUSTAIN_HOLD,SUSTAIN_HOLD
d395d6bc40d4,LOUD_VOICE_DIFFICULT,VOCAL_FATIGUE,EFFORT,EFFORT,MAINTAIN,MAINTAIN,0.8819,EXPECTED_SHARED_PROTOCOL,True,True,True,False,True,False,True,True,SUSTAIN_HOLD,SUSTAIN_HOLD
d395d6bc40d4,LOUD_VOICE_DIFFICULT,AFTER_SINGING_FATIGUE,EFFORT,EFFORT,MAINTAIN,MAINTAIN,0.8837,EXPECTED_SHARED_PROTOCOL,True,True,True,False,True,False,True,True,SUSTAIN_HOLD,SUSTAIN_HOLD
d395d6bc40d4,VOCAL_FATIGUE,AFTER_SINGING_FATIGUE,EFFORT,EFFORT,MAINTAIN,MAINTAIN,0.9219,EXPECTED_SHARED_PROTOCOL,True,True,True,False,True,False,True,True,SUSTAIN_HOLD,SUSTAIN_HOLD
d395d6bc40d4,PITCH_UNSTABLE,REGISTER_CONNECTION_DIFFICULT,STABILITY,STABILITY,STABILITY,STABILITY,0.8855,EXPECTED_SHARED_PROTOCOL,True,True,True,False,True,False,True,True,SUSTAIN_HOLD,SUSTAIN_HOLD
d399575eeebe,HIGH_NOTE_CANNOT_REACH,HIGH_NOTE_TOO_EFFORTFUL,REGISTER_CONNECTION,REGISTER_CONNECTION,REGISTER_CONNECTION,REGISTER_CONNECTION,0.9442,EXPECTED_SHARED_PROTOCOL,True,True,True,True,True,False,True,True,SOVT_GLIDE,SOVT_GLIDE
d399575eeebe,HIGH_NOTE_CANNOT_REACH,HIGH_NOTE_FLIPS,REGISTER_CONNECTION,REGISTER_CONNECTION,REGISTER_CONNECTION,REGISTER_CONNECTION,0.9561,EXPECTED_SHARED_PROTOCOL,True,True,True,True,True,False,True,True,SOVT_GLIDE,SOVT_GLIDE
d399575eeebe,HIGH_NOTE_CANNOT_REACH,HIGH_NOTE_UNSTABLE,REGISTER_CONNECTION,REGISTER_CONNECTION,REGISTER_CONNECTION,REGISTER_CONNECTION,0.9697,EXPECTED_SHARED_PROTOCOL,True,True,True,True,True,False,True,True,SOVT_GLIDE,SOVT_GLIDE
d399575eeebe,HIGH_NOTE_CANNOT_REACH,THROAT_EFFORT,REGISTER_CONNECTION,REGISTER_CONNECTION,REGISTER_CONNECTION,REGISTER_CONNECTION,0.9391,EXPECTED_SHARED_PROTOCOL,True,True,True,False,True,False,True,True,SOVT_GLIDE,SOVT_GLIDE
d399575eeebe,HIGH_NOTE_CANNOT_REACH,LOUD_VOICE_DIFFICULT,REGISTER_CONNECTION,REGISTER_CONNECTION,REGISTER_CONNECTION,REGISTER_CONNECTION,0.9524,EXPECTED_SHARED_PROTOCOL,True,True,True,False,True,False,True,True,SOVT_GLIDE,SOVT_GLIDE
d399575eeebe,HIGH_NOTE_CANNOT_REACH,VOCAL_FATIGUE,REGISTER_CONNECTION,REGISTER_CONNECTION,REGISTER_CONNECTION,REGISTER_CONNECTION,0.9391,EXPECTED_SHARED_PROTOCOL,True,True,True,False,True,False,True,True,SOVT_GLIDE,SOVT_GLIDE
d399575eeebe,HIGH_NOTE_CANNOT_REACH,AFTER_SINGING_FATIGUE,REGISTER_CONNECTION,REGISTER_CONNECTION,REGISTER_CONNECTION,REGISTER_CONNECTION,0.9397,EXPECTED_SHARED_PROTOCOL,True,True,True,False,True,False,True,True,SOVT_GLIDE,SOVT_GLIDE
d399575eeebe,HIGH_NOTE_CANNOT_REACH,PITCH_UNSTABLE,REGISTER_CONNECTION,REGISTER_CONNECTION,REGISTER_CONNECTION,REGISTER_CONNECTION,0.9437,EXPECTED_SHARED_PROTOCOL,True,True,False,False,True,False,True,True,SOVT_GLIDE,SOVT_GLIDE
d399575eeebe,HIGH_NOTE_CANNOT_REACH,REGISTER_CONNECTION_DIFFICULT,REGISTER_CONNECTION,REGISTER_CONNECTION,REGISTER_CONNECTION,REGISTER_CONNECTION,0.9407,EXPECTED_SHARED_PROTOCOL,True,True,False,False,True,False,True,True,SOVT_GLIDE,SOVT_GLIDE
d399575eeebe,HIGH_NOTE_TOO_EFFORTFUL,HIGH_NOTE_FLIPS,REGISTER_CONNECTION,REGISTER_CONNECTION,REGISTER_CONNECTION,REGISTER_CONNECTION,0.9437,EXPECTED_SHARED_PROTOCOL,True,True,True,True,True,False,True,True,SOVT_GLIDE,SOVT_GLIDE
d399575eeebe,HIGH_NOTE_TOO_EFFORTFUL,HIGH_NOTE_UNSTABLE,REGISTER_CONNECTION,REGISTER_CONNECTION,REGISTER_CONNECTION,REGISTER_CONNECTION,0.9487,EXPECTED_SHARED_PROTOCOL,True,True,True,True,True,False,True,True,SOVT_GLIDE,SOVT_GLIDE
d399575eeebe,HIGH_NOTE_TOO_EFFORTFUL,THROAT_EFFORT,REGISTER_CONNECTION,REGISTER_CONNECTION,REGISTER_CONNECTION,REGISTER_CONNECTION,0.9356,EXPECTED_SHARED_PROTOCOL,True,True,True,False,True,False,True,True,SOVT_GLIDE,SOVT_GLIDE
d399575eeebe,HIGH_NOTE_TOO_EFFORTFUL,LOUD_VOICE_DIFFICULT,REGISTER_CONNECTION,REGISTER_CONNECTION,REGISTER_CONNECTION,REGISTER_CONNECTION,0.9316,EXPECTED_SHARED_PROTOCOL,True,True,True,False,True,False,True,True,SOVT_GLIDE,SOVT_GLIDE
d399575eeebe,HIGH_NOTE_TOO_EFFORTFUL,VOCAL_FATIGUE,REGISTER_CONNECTION,REGISTER_CONNECTION,REGISTER_CONNECTION,REGISTER_CONNECTION,0.9442,EXPECTED_SHARED_PROTOCOL,True,True,True,False,True,False,True,True,SOVT_GLIDE,SOVT_GLIDE
d399575eeebe,HIGH_NOTE_TOO_EFFORTFUL,AFTER_SINGING_FATIGUE,REGISTER_CONNECTION,REGISTER_CONNECTION,REGISTER_CONNECTION,REGISTER_CONNECTION,0.9277,EXPECTED_SHARED_PROTOCOL,True,True,True,False,True,False,True,True,SOVT_GLIDE,SOVT_GLIDE
d399575eeebe,HIGH_NOTE_TOO_EFFORTFUL,PITCH_UNSTABLE,REGISTER_CONNECTION,REGISTER_CONNECTION,REGISTER_CONNECTION,REGISTER_CONNECTION,0.9487,EXPECTED_SHARED_PROTOCOL,True,True,False,False,True,False,True,True,SOVT_GLIDE,SOVT_GLIDE
d399575eeebe,HIGH_NOTE_TOO_EFFORTFUL,REGISTER_CONNECTION_DIFFICULT,REGISTER_CONNECTION,REGISTER_CONNECTION,REGISTER_CONNECTION,REGISTER_CONNECTION,0.9372,EXPECTED_SHARED_PROTOCOL,True,True,False,False,True,False,True,True,SOVT_GLIDE,SOVT_GLIDE
d399575eeebe,HIGH_NOTE_FLIPS,HIGH_NOTE_UNSTABLE,REGISTER_CONNECTION,REGISTER_CONNECTION,REGISTER_CONNECTION,REGISTER_CONNECTION,0.9607,EXPECTED_SHARED_PROTOCOL,True,True,True,True,True,False,True,True,SOVT_GLIDE,SOVT_GLIDE
d399575eeebe,HIGH_NOTE_FLIPS,THROAT_EFFORT,REGISTER_CONNECTION,REGISTER_CONNECTION,REGISTER_CONNECTION,REGISTER_CONNECTION,0.9386,EXPECTED_SHARED_PROTOCOL,True,True,True,False,True,False,True,True,SOVT_GLIDE,SOVT_GLIDE
d399575eeebe,HIGH_NOTE_FLIPS,LOUD_VOICE_DIFFICULT,REGISTER_CONNECTION,REGISTER_CONNECTION,REGISTER_CONNECTION,REGISTER_CONNECTION,0.9432,EXPECTED_SHARED_PROTOCOL,True,True,True,False,True,False,True,True,SOVT_GLIDE,SOVT_GLIDE
d399575eeebe,HIGH_NOTE_FLIPS,VOCAL_FATIGUE,REGISTER_CONNECTION,REGISTER_CONNECTION,REGISTER_CONNECTION,REGISTER_CONNECTION,0.9474,EXPECTED_SHARED_PROTOCOL,True,True,True,False,True,False,True,True,SOVT_GLIDE,SOVT_GLIDE
d399575eeebe,HIGH_NOTE_FLIPS,AFTER_SINGING_FATIGUE,REGISTER_CONNECTION,REGISTER_CONNECTION,REGISTER_CONNECTION,REGISTER_CONNECTION,0.9565,EXPECTED_SHARED_PROTOCOL,True,True,True,False,True,False,True,True,SOVT_GLIDE,SOVT_GLIDE
d399575eeebe,HIGH_NOTE_FLIPS,PITCH_UNSTABLE,REGISTER_CONNECTION,REGISTER_CONNECTION,REGISTER_CONNECTION,REGISTER_CONNECTION,0.952,EXPECTED_SHARED_PROTOCOL,True,True,False,False,True,False,True,True,SOVT_GLIDE,SOVT_GLIDE
d399575eeebe,HIGH_NOTE_FLIPS,REGISTER_CONNECTION_DIFFICULT,REGISTER_CONNECTION,REGISTER_CONNECTION,REGISTER_CONNECTION,REGISTER_CONNECTION,0.9231,EXPECTED_SHARED_PROTOCOL,True,True,False,False,True,False,True,True,SOVT_GLIDE,SOVT_GLIDE
d399575eeebe,HIGH_NOTE_THINS,TIMBRE_CHANGES_HIGH,REGISTER_CONNECTION,REGISTER_CONNECTION,REGISTER_CONNECTION,REGISTER_CONNECTION,0.9246,EXPECTED_SHARED_PROTOCOL,True,True,True,False,True,False,False,True,SOVT_GLIDE,SOVT_GLIDE
d399575eeebe,HIGH_NOTE_UNSTABLE,THROAT_EFFORT,REGISTER_CONNECTION,REGISTER_CONNECTION,REGISTER_CONNECTION,REGISTER_CONNECTION,0.9351,EXPECTED_SHARED_PROTOCOL,True,True,True,False,True,False,True,True,SOVT_GLIDE,SOVT_GLIDE
d399575eeebe,HIGH_NOTE_UNSTABLE,LOUD_VOICE_DIFFICULT,REGISTER_CONNECTION,REGISTER_CONNECTION,REGISTER_CONNECTION,REGISTER_CONNECTION,0.9397,EXPECTED_SHARED_PROTOCOL,True,True,True,False,True,False,True,True,SOVT_GLIDE,SOVT_GLIDE
d399575eeebe,HIGH_NOTE_UNSTABLE,VOCAL_FATIGUE,REGISTER_CONNECTION,REGISTER_CONNECTION,REGISTER_CONNECTION,REGISTER_CONNECTION,0.9351,EXPECTED_SHARED_PROTOCOL,True,True,True,False,True,False,True,True,SOVT_GLIDE,SOVT_GLIDE
d399575eeebe,HIGH_NOTE_UNSTABLE,AFTER_SINGING_FATIGUE,REGISTER_CONNECTION,REGISTER_CONNECTION,REGISTER_CONNECTION,REGISTER_CONNECTION,0.9442,EXPECTED_SHARED_PROTOCOL,True,True,True,False,True,False,True,True,SOVT_GLIDE,SOVT_GLIDE
d399575eeebe,HIGH_NOTE_UNSTABLE,PITCH_UNSTABLE,REGISTER_CONNECTION,REGISTER_CONNECTION,REGISTER_CONNECTION,REGISTER_CONNECTION,0.9483,EXPECTED_SHARED_PROTOCOL,True,True,False,False,True,False,True,True,SOVT_GLIDE,SOVT_GLIDE
d399575eeebe,HIGH_NOTE_UNSTABLE,REGISTER_CONNECTION_DIFFICULT,REGISTER_CONNECTION,REGISTER_CONNECTION,REGISTER_CONNECTION,REGISTER_CONNECTION,0.9367,EXPECTED_SHARED_PROTOCOL,True,True,False,False,True,False,True,True,SOVT_GLIDE,SOVT_GLIDE
d399575eeebe,THROAT_EFFORT,LOUD_VOICE_DIFFICULT,REGISTER_CONNECTION,REGISTER_CONNECTION,REGISTER_CONNECTION,REGISTER_CONNECTION,0.9351,EXPECTED_SHARED_PROTOCOL,True,True,True,False,True,False,True,True,SOVT_GLIDE,SOVT_GLIDE
d399575eeebe,THROAT_EFFORT,VOCAL_FATIGUE,REGISTER_CONNECTION,REGISTER_CONNECTION,REGISTER_CONNECTION,REGISTER_CONNECTION,0.9565,EXPECTED_SHARED_PROTOCOL,True,True,True,False,True,False,True,True,SOVT_GLIDE,SOVT_GLIDE
d399575eeebe,THROAT_EFFORT,AFTER_SINGING_FATIGUE,REGISTER_CONNECTION,REGISTER_CONNECTION,REGISTER_CONNECTION,REGISTER_CONNECTION,0.931,EXPECTED_SHARED_PROTOCOL,True,True,True,False,True,False,True,True,SOVT_GLIDE,SOVT_GLIDE
d399575eeebe,THROAT_EFFORT,PITCH_UNSTABLE,REGISTER_CONNECTION,REGISTER_CONNECTION,REGISTER_CONNECTION,REGISTER_CONNECTION,0.9437,EXPECTED_SHARED_PROTOCOL,True,True,False,False,True,False,True,True,SOVT_GLIDE,SOVT_GLIDE
d399575eeebe,THROAT_EFFORT,REGISTER_CONNECTION_DIFFICULT,REGISTER_CONNECTION,REGISTER_CONNECTION,REGISTER_CONNECTION,REGISTER_CONNECTION,0.9407,EXPECTED_SHARED_PROTOCOL,True,True,False,False,True,False,True,True,SOVT_GLIDE,SOVT_GLIDE
d399575eeebe,LOUD_VOICE_DIFFICULT,VOCAL_FATIGUE,REGISTER_CONNECTION,REGISTER_CONNECTION,REGISTER_CONNECTION,REGISTER_CONNECTION,0.9351,EXPECTED_SHARED_PROTOCOL,True,True,True,False,True,False,True,True,SOVT_GLIDE,SOVT_GLIDE
d399575eeebe,LOUD_VOICE_DIFFICULT,AFTER_SINGING_FATIGUE,REGISTER_CONNECTION,REGISTER_CONNECTION,REGISTER_CONNECTION,REGISTER_CONNECTION,0.9356,EXPECTED_SHARED_PROTOCOL,True,True,True,False,True,False,True,True,SOVT_GLIDE,SOVT_GLIDE
d399575eeebe,LOUD_VOICE_DIFFICULT,PITCH_UNSTABLE,REGISTER_CONNECTION,REGISTER_CONNECTION,REGISTER_CONNECTION,REGISTER_CONNECTION,0.931,EXPECTED_SHARED_PROTOCOL,True,True,False,False,True,False,True,True,SOVT_GLIDE,SOVT_GLIDE
d399575eeebe,LOUD_VOICE_DIFFICULT,REGISTER_CONNECTION_DIFFICULT,REGISTER_CONNECTION,REGISTER_CONNECTION,REGISTER_CONNECTION,REGISTER_CONNECTION,0.9114,EXPECTED_SHARED_PROTOCOL,True,True,False,False,True,False,True,True,SOVT_GLIDE,SOVT_GLIDE
d399575eeebe,VOCAL_FATIGUE,AFTER_SINGING_FATIGUE,REGISTER_CONNECTION,REGISTER_CONNECTION,REGISTER_CONNECTION,REGISTER_CONNECTION,0.9569,EXPECTED_SHARED_PROTOCOL,True,True,True,False,True,False,True,True,SOVT_GLIDE,SOVT_GLIDE
d399575eeebe,VOCAL_FATIGUE,PITCH_UNSTABLE,REGISTER_CONNECTION,REGISTER_CONNECTION,REGISTER_CONNECTION,REGISTER_CONNECTION,0.9524,EXPECTED_SHARED_PROTOCOL,True,True,False,False,True,False,True,True,SOVT_GLIDE,SOVT_GLIDE
d399575eeebe,VOCAL_FATIGUE,REGISTER_CONNECTION_DIFFICULT,REGISTER_CONNECTION,REGISTER_CONNECTION,REGISTER_CONNECTION,REGISTER_CONNECTION,0.9237,EXPECTED_SHARED_PROTOCOL,True,True,False,False,True,False,True,True,SOVT_GLIDE,SOVT_GLIDE
d399575eeebe,AFTER_SINGING_FATIGUE,PITCH_UNSTABLE,REGISTER_CONNECTION,REGISTER_CONNECTION,REGISTER_CONNECTION,REGISTER_CONNECTION,0.927,EXPECTED_SHARED_PROTOCOL,True,True,False,False,True,False,True,True,SOVT_GLIDE,SOVT_GLIDE
d399575eeebe,AFTER_SINGING_FATIGUE,REGISTER_CONNECTION_DIFFICULT,REGISTER_CONNECTION,REGISTER_CONNECTION,REGISTER_CONNECTION,REGISTER_CONNECTION,0.916,EXPECTED_SHARED_PROTOCOL,True,True,False,False,True,False,True,True,SOVT_GLIDE,SOVT_GLIDE
d399575eeebe,VOICE_TOO_SHARP,VOICE_ROUGH,REGISTER_CONNECTION,REGISTER_CONNECTION,REGISTER_CONNECTION,REGISTER_CONNECTION,0.9529,EXPECTED_SHARED_PROTOCOL,True,True,True,True,True,False,True,True,REGISTER_CONNECTION,REGISTER_CONNECTION
d399575eeebe,PITCH_UNSTABLE,REGISTER_CONNECTION_DIFFICULT,REGISTER_CONNECTION,REGISTER_CONNECTION,REGISTER_CONNECTION,REGISTER_CONNECTION,0.9367,EXPECTED_SHARED_PROTOCOL,True,True,True,False,True,False,True,True,SOVT_GLIDE,SOVT_GLIDE
d46938baf1fc,HIGH_NOTE_TOO_EFFORTFUL,HIGH_NOTE_FLIPS,REGISTER_CONNECTION,REGISTER_CONNECTION,REGISTER_CONNECTION,REGISTER_CONNECTION,0.9437,EXPECTED_SHARED_PROTOCOL,True,True,True,True,True,False,True,True,SOVT_GLIDE,SOVT_GLIDE
d46938baf1fc,HIGH_NOTE_UNSTABLE,PITCH_UNSTABLE,STABILITY,STABILITY,STABILITY,STABILITY,0.9048,EXPECTED_SHARED_PROTOCOL,True,True,False,False,True,False,True,True,SUSTAIN_HOLD,SUSTAIN_HOLD
d46938baf1fc,HIGH_NOTE_UNSTABLE,REGISTER_CONNECTION_DIFFICULT,STABILITY,STABILITY,STABILITY,STABILITY,0.8855,EXPECTED_SHARED_PROTOCOL,True,True,False,False,True,False,True,True,SUSTAIN_HOLD,SUSTAIN_HOLD
d46938baf1fc,THROAT_EFFORT,LOUD_VOICE_DIFFICULT,EFFORT,EFFORT,MAINTAIN,MAINTAIN,0.8819,EXPECTED_SHARED_PROTOCOL,True,True,True,False,True,False,True,True,SUSTAIN_HOLD,SUSTAIN_HOLD
d46938baf1fc,THROAT_EFFORT,VOCAL_FATIGUE,EFFORT,EFFORT,MAINTAIN,MAINTAIN,0.9206,EXPECTED_SHARED_PROTOCOL,True,True,True,False,True,False,True,True,SUSTAIN_HOLD,SUSTAIN_HOLD
d46938baf1fc,LOUD_VOICE_DIFFICULT,VOCAL_FATIGUE,EFFORT,EFFORT,MAINTAIN,MAINTAIN,0.8819,EXPECTED_SHARED_PROTOCOL,True,True,True,False,True,False,True,True,SUSTAIN_HOLD,SUSTAIN_HOLD
d46938baf1fc,LOUD_VOICE_DIFFICULT,AFTER_SINGING_FATIGUE,EFFORT,EFFORT,MAINTAIN,MAINTAIN,0.8837,EXPECTED_SHARED_PROTOCOL,True,True,True,False,True,False,True,True,SUSTAIN_HOLD,SUSTAIN_HOLD
d46938baf1fc,VOCAL_FATIGUE,AFTER_SINGING_FATIGUE,EFFORT,EFFORT,MAINTAIN,MAINTAIN,0.9219,EXPECTED_SHARED_PROTOCOL,True,True,True,False,True,False,True,True,SUSTAIN_HOLD,SUSTAIN_HOLD
d46938baf1fc,PITCH_UNSTABLE,REGISTER_CONNECTION_DIFFICULT,STABILITY,STABILITY,STABILITY,STABILITY,0.8855,EXPECTED_SHARED_PROTOCOL,True,True,True,False,True,False,True,True,SUSTAIN_HOLD,SUSTAIN_HOLD
d5045bc290a1,HIGH_NOTE_CANNOT_REACH,HIGH_NOTE_TOO_EFFORTFUL,REGISTER_CONNECTION,REGISTER_CONNECTION,REGISTER_CONNECTION,REGISTER_CONNECTION,0.9442,EXPECTED_SHARED_PROTOCOL,True,True,True,True,True,False,True,True,SOVT_GLIDE,SOVT_GLIDE
d5045bc290a1,HIGH_NOTE_CANNOT_REACH,HIGH_NOTE_FLIPS,REGISTER_CONNECTION,REGISTER_CONNECTION,REGISTER_CONNECTION,REGISTER_CONNECTION,0.9561,EXPECTED_SHARED_PROTOCOL,True,True,True,True,True,False,True,True,SOVT_GLIDE,SOVT_GLIDE
d5045bc290a1,HIGH_NOTE_CANNOT_REACH,HIGH_NOTE_UNSTABLE,REGISTER_CONNECTION,REGISTER_CONNECTION,REGISTER_CONNECTION,REGISTER_CONNECTION,0.9697,EXPECTED_SHARED_PROTOCOL,True,True,True,True,True,False,True,True,SOVT_GLIDE,SOVT_GLIDE
d5045bc290a1,HIGH_NOTE_CANNOT_REACH,THROAT_EFFORT,REGISTER_CONNECTION,REGISTER_CONNECTION,REGISTER_CONNECTION,REGISTER_CONNECTION,0.9391,EXPECTED_SHARED_PROTOCOL,True,True,True,False,True,False,True,True,SOVT_GLIDE,SOVT_GLIDE
d5045bc290a1,HIGH_NOTE_CANNOT_REACH,LOUD_VOICE_DIFFICULT,REGISTER_CONNECTION,REGISTER_CONNECTION,REGISTER_CONNECTION,REGISTER_CONNECTION,0.9524,EXPECTED_SHARED_PROTOCOL,True,True,True,False,True,False,True,True,SOVT_GLIDE,SOVT_GLIDE
d5045bc290a1,HIGH_NOTE_CANNOT_REACH,VOCAL_FATIGUE,REGISTER_CONNECTION,REGISTER_CONNECTION,REGISTER_CONNECTION,REGISTER_CONNECTION,0.9391,EXPECTED_SHARED_PROTOCOL,True,True,True,False,True,False,True,True,SOVT_GLIDE,SOVT_GLIDE
d5045bc290a1,HIGH_NOTE_CANNOT_REACH,AFTER_SINGING_FATIGUE,REGISTER_CONNECTION,REGISTER_CONNECTION,REGISTER_CONNECTION,REGISTER_CONNECTION,0.9397,EXPECTED_SHARED_PROTOCOL,True,True,True,False,True,False,True,True,SOVT_GLIDE,SOVT_GLIDE
d5045bc290a1,HIGH_NOTE_CANNOT_REACH,PITCH_UNSTABLE,REGISTER_CONNECTION,REGISTER_CONNECTION,REGISTER_CONNECTION,REGISTER_CONNECTION,0.9437,EXPECTED_SHARED_PROTOCOL,True,True,False,False,True,False,True,True,SOVT_GLIDE,SOVT_GLIDE
d5045bc290a1,HIGH_NOTE_CANNOT_REACH,REGISTER_CONNECTION_DIFFICULT,REGISTER_CONNECTION,REGISTER_CONNECTION,REGISTER_CONNECTION,REGISTER_CONNECTION,0.9407,EXPECTED_SHARED_PROTOCOL,True,True,False,False,True,False,True,True,SOVT_GLIDE,SOVT_GLIDE
d5045bc290a1,HIGH_NOTE_TOO_EFFORTFUL,HIGH_NOTE_FLIPS,REGISTER_CONNECTION,REGISTER_CONNECTION,REGISTER_CONNECTION,REGISTER_CONNECTION,0.9437,EXPECTED_SHARED_PROTOCOL,True,True,True,True,True,False,True,True,SOVT_GLIDE,SOVT_GLIDE
d5045bc290a1,HIGH_NOTE_TOO_EFFORTFUL,HIGH_NOTE_UNSTABLE,REGISTER_CONNECTION,REGISTER_CONNECTION,REGISTER_CONNECTION,REGISTER_CONNECTION,0.9487,EXPECTED_SHARED_PROTOCOL,True,True,True,True,True,False,True,True,SOVT_GLIDE,SOVT_GLIDE
d5045bc290a1,HIGH_NOTE_TOO_EFFORTFUL,THROAT_EFFORT,REGISTER_CONNECTION,REGISTER_CONNECTION,REGISTER_CONNECTION,REGISTER_CONNECTION,0.9356,EXPECTED_SHARED_PROTOCOL,True,True,True,False,True,False,True,True,SOVT_GLIDE,SOVT_GLIDE
d5045bc290a1,HIGH_NOTE_TOO_EFFORTFUL,LOUD_VOICE_DIFFICULT,REGISTER_CONNECTION,REGISTER_CONNECTION,REGISTER_CONNECTION,REGISTER_CONNECTION,0.9316,EXPECTED_SHARED_PROTOCOL,True,True,True,False,True,False,True,True,SOVT_GLIDE,SOVT_GLIDE
d5045bc290a1,HIGH_NOTE_TOO_EFFORTFUL,VOCAL_FATIGUE,REGISTER_CONNECTION,REGISTER_CONNECTION,REGISTER_CONNECTION,REGISTER_CONNECTION,0.9442,EXPECTED_SHARED_PROTOCOL,True,True,True,False,True,False,True,True,SOVT_GLIDE,SOVT_GLIDE
d5045bc290a1,HIGH_NOTE_TOO_EFFORTFUL,AFTER_SINGING_FATIGUE,REGISTER_CONNECTION,REGISTER_CONNECTION,REGISTER_CONNECTION,REGISTER_CONNECTION,0.9277,EXPECTED_SHARED_PROTOCOL,True,True,True,False,True,False,True,True,SOVT_GLIDE,SOVT_GLIDE
d5045bc290a1,HIGH_NOTE_TOO_EFFORTFUL,PITCH_UNSTABLE,REGISTER_CONNECTION,REGISTER_CONNECTION,REGISTER_CONNECTION,REGISTER_CONNECTION,0.9487,EXPECTED_SHARED_PROTOCOL,True,True,False,False,True,False,True,True,SOVT_GLIDE,SOVT_GLIDE
d5045bc290a1,HIGH_NOTE_TOO_EFFORTFUL,REGISTER_CONNECTION_DIFFICULT,REGISTER_CONNECTION,REGISTER_CONNECTION,REGISTER_CONNECTION,REGISTER_CONNECTION,0.9372,EXPECTED_SHARED_PROTOCOL,True,True,False,False,True,False,True,True,SOVT_GLIDE,SOVT_GLIDE
d5045bc290a1,HIGH_NOTE_FLIPS,HIGH_NOTE_UNSTABLE,REGISTER_CONNECTION,REGISTER_CONNECTION,REGISTER_CONNECTION,REGISTER_CONNECTION,0.9607,EXPECTED_SHARED_PROTOCOL,True,True,True,True,True,False,True,True,SOVT_GLIDE,SOVT_GLIDE
d5045bc290a1,HIGH_NOTE_FLIPS,THROAT_EFFORT,REGISTER_CONNECTION,REGISTER_CONNECTION,REGISTER_CONNECTION,REGISTER_CONNECTION,0.9386,EXPECTED_SHARED_PROTOCOL,True,True,True,False,True,False,True,True,SOVT_GLIDE,SOVT_GLIDE
d5045bc290a1,HIGH_NOTE_FLIPS,LOUD_VOICE_DIFFICULT,REGISTER_CONNECTION,REGISTER_CONNECTION,REGISTER_CONNECTION,REGISTER_CONNECTION,0.9432,EXPECTED_SHARED_PROTOCOL,True,True,True,False,True,False,True,True,SOVT_GLIDE,SOVT_GLIDE
d5045bc290a1,HIGH_NOTE_FLIPS,VOCAL_FATIGUE,REGISTER_CONNECTION,REGISTER_CONNECTION,REGISTER_CONNECTION,REGISTER_CONNECTION,0.9474,EXPECTED_SHARED_PROTOCOL,True,True,True,False,True,False,True,True,SOVT_GLIDE,SOVT_GLIDE
d5045bc290a1,HIGH_NOTE_FLIPS,AFTER_SINGING_FATIGUE,REGISTER_CONNECTION,REGISTER_CONNECTION,REGISTER_CONNECTION,REGISTER_CONNECTION,0.9565,EXPECTED_SHARED_PROTOCOL,True,True,True,False,True,False,True,True,SOVT_GLIDE,SOVT_GLIDE
d5045bc290a1,HIGH_NOTE_FLIPS,PITCH_UNSTABLE,REGISTER_CONNECTION,REGISTER_CONNECTION,REGISTER_CONNECTION,REGISTER_CONNECTION,0.952,EXPECTED_SHARED_PROTOCOL,True,True,False,False,True,False,True,True,SOVT_GLIDE,SOVT_GLIDE
d5045bc290a1,HIGH_NOTE_FLIPS,REGISTER_CONNECTION_DIFFICULT,REGISTER_CONNECTION,REGISTER_CONNECTION,REGISTER_CONNECTION,REGISTER_CONNECTION,0.9231,EXPECTED_SHARED_PROTOCOL,True,True,False,False,True,False,True,True,SOVT_GLIDE,SOVT_GLIDE
d5045bc290a1,HIGH_NOTE_THINS,TIMBRE_CHANGES_HIGH,REGISTER_CONNECTION,REGISTER_CONNECTION,REGISTER_CONNECTION,REGISTER_CONNECTION,0.9246,EXPECTED_SHARED_PROTOCOL,True,True,True,False,True,False,False,True,SOVT_GLIDE,SOVT_GLIDE
d5045bc290a1,HIGH_NOTE_UNSTABLE,THROAT_EFFORT,REGISTER_CONNECTION,REGISTER_CONNECTION,REGISTER_CONNECTION,REGISTER_CONNECTION,0.9351,EXPECTED_SHARED_PROTOCOL,True,True,True,False,True,False,True,True,SOVT_GLIDE,SOVT_GLIDE
d5045bc290a1,HIGH_NOTE_UNSTABLE,LOUD_VOICE_DIFFICULT,REGISTER_CONNECTION,REGISTER_CONNECTION,REGISTER_CONNECTION,REGISTER_CONNECTION,0.9397,EXPECTED_SHARED_PROTOCOL,True,True,True,False,True,False,True,True,SOVT_GLIDE,SOVT_GLIDE
d5045bc290a1,HIGH_NOTE_UNSTABLE,VOCAL_FATIGUE,REGISTER_CONNECTION,REGISTER_CONNECTION,REGISTER_CONNECTION,REGISTER_CONNECTION,0.9351,EXPECTED_SHARED_PROTOCOL,True,True,True,False,True,False,True,True,SOVT_GLIDE,SOVT_GLIDE
d5045bc290a1,HIGH_NOTE_UNSTABLE,AFTER_SINGING_FATIGUE,REGISTER_CONNECTION,REGISTER_CONNECTION,REGISTER_CONNECTION,REGISTER_CONNECTION,0.9442,EXPECTED_SHARED_PROTOCOL,True,True,True,False,True,False,True,True,SOVT_GLIDE,SOVT_GLIDE
d5045bc290a1,HIGH_NOTE_UNSTABLE,PITCH_UNSTABLE,REGISTER_CONNECTION,REGISTER_CONNECTION,REGISTER_CONNECTION,REGISTER_CONNECTION,0.9483,EXPECTED_SHARED_PROTOCOL,True,True,False,False,True,False,True,True,SOVT_GLIDE,SOVT_GLIDE
d5045bc290a1,HIGH_NOTE_UNSTABLE,REGISTER_CONNECTION_DIFFICULT,REGISTER_CONNECTION,REGISTER_CONNECTION,REGISTER_CONNECTION,REGISTER_CONNECTION,0.9367,EXPECTED_SHARED_PROTOCOL,True,True,False,False,True,False,True,True,SOVT_GLIDE,SOVT_GLIDE
d5045bc290a1,THROAT_EFFORT,LOUD_VOICE_DIFFICULT,REGISTER_CONNECTION,REGISTER_CONNECTION,REGISTER_CONNECTION,REGISTER_CONNECTION,0.9351,EXPECTED_SHARED_PROTOCOL,True,True,True,False,True,False,True,True,SOVT_GLIDE,SOVT_GLIDE
d5045bc290a1,THROAT_EFFORT,VOCAL_FATIGUE,REGISTER_CONNECTION,REGISTER_CONNECTION,REGISTER_CONNECTION,REGISTER_CONNECTION,0.9565,EXPECTED_SHARED_PROTOCOL,True,True,True,False,True,False,True,True,SOVT_GLIDE,SOVT_GLIDE
d5045bc290a1,THROAT_EFFORT,AFTER_SINGING_FATIGUE,REGISTER_CONNECTION,REGISTER_CONNECTION,REGISTER_CONNECTION,REGISTER_CONNECTION,0.931,EXPECTED_SHARED_PROTOCOL,True,True,True,False,True,False,True,True,SOVT_GLIDE,SOVT_GLIDE
d5045bc290a1,THROAT_EFFORT,PITCH_UNSTABLE,REGISTER_CONNECTION,REGISTER_CONNECTION,REGISTER_CONNECTION,REGISTER_CONNECTION,0.9437,EXPECTED_SHARED_PROTOCOL,True,True,False,False,True,False,True,True,SOVT_GLIDE,SOVT_GLIDE
d5045bc290a1,THROAT_EFFORT,REGISTER_CONNECTION_DIFFICULT,REGISTER_CONNECTION,REGISTER_CONNECTION,REGISTER_CONNECTION,REGISTER_CONNECTION,0.9407,EXPECTED_SHARED_PROTOCOL,True,True,False,False,True,False,True,True,SOVT_GLIDE,SOVT_GLIDE
d5045bc290a1,LOUD_VOICE_DIFFICULT,VOCAL_FATIGUE,REGISTER_CONNECTION,REGISTER_CONNECTION,REGISTER_CONNECTION,REGISTER_CONNECTION,0.9351,EXPECTED_SHARED_PROTOCOL,True,True,True,False,True,False,True,True,SOVT_GLIDE,SOVT_GLIDE
d5045bc290a1,LOUD_VOICE_DIFFICULT,AFTER_SINGING_FATIGUE,REGISTER_CONNECTION,REGISTER_CONNECTION,REGISTER_CONNECTION,REGISTER_CONNECTION,0.9356,EXPECTED_SHARED_PROTOCOL,True,True,True,False,True,False,True,True,SOVT_GLIDE,SOVT_GLIDE
d5045bc290a1,LOUD_VOICE_DIFFICULT,PITCH_UNSTABLE,REGISTER_CONNECTION,REGISTER_CONNECTION,REGISTER_CONNECTION,REGISTER_CONNECTION,0.931,EXPECTED_SHARED_PROTOCOL,True,True,False,False,True,False,True,True,SOVT_GLIDE,SOVT_GLIDE
d5045bc290a1,LOUD_VOICE_DIFFICULT,REGISTER_CONNECTION_DIFFICULT,REGISTER_CONNECTION,REGISTER_CONNECTION,REGISTER_CONNECTION,REGISTER_CONNECTION,0.9114,EXPECTED_SHARED_PROTOCOL,True,True,False,False,True,False,True,True,SOVT_GLIDE,SOVT_GLIDE
d5045bc290a1,VOCAL_FATIGUE,AFTER_SINGING_FATIGUE,REGISTER_CONNECTION,REGISTER_CONNECTION,REGISTER_CONNECTION,REGISTER_CONNECTION,0.9569,EXPECTED_SHARED_PROTOCOL,True,True,True,False,True,False,True,True,SOVT_GLIDE,SOVT_GLIDE
d5045bc290a1,VOCAL_FATIGUE,PITCH_UNSTABLE,REGISTER_CONNECTION,REGISTER_CONNECTION,REGISTER_CONNECTION,REGISTER_CONNECTION,0.9524,EXPECTED_SHARED_PROTOCOL,True,True,False,False,True,False,True,True,SOVT_GLIDE,SOVT_GLIDE
d5045bc290a1,VOCAL_FATIGUE,REGISTER_CONNECTION_DIFFICULT,REGISTER_CONNECTION,REGISTER_CONNECTION,REGISTER_CONNECTION,REGISTER_CONNECTION,0.9237,EXPECTED_SHARED_PROTOCOL,True,True,False,False,True,False,True,True,SOVT_GLIDE,SOVT_GLIDE
d5045bc290a1,AFTER_SINGING_FATIGUE,PITCH_UNSTABLE,REGISTER_CONNECTION,REGISTER_CONNECTION,REGISTER_CONNECTION,REGISTER_CONNECTION,0.927,EXPECTED_SHARED_PROTOCOL,True,True,False,False,True,False,True,True,SOVT_GLIDE,SOVT_GLIDE
d5045bc290a1,AFTER_SINGING_FATIGUE,REGISTER_CONNECTION_DIFFICULT,REGISTER_CONNECTION,REGISTER_CONNECTION,REGISTER_CONNECTION,REGISTER_CONNECTION,0.916,EXPECTED_SHARED_PROTOCOL,True,True,False,False,True,False,True,True,SOVT_GLIDE,SOVT_GLIDE
d5045bc290a1,PITCH_UNSTABLE,REGISTER_CONNECTION_DIFFICULT,REGISTER_CONNECTION,REGISTER_CONNECTION,REGISTER_CONNECTION,REGISTER_CONNECTION,0.9367,EXPECTED_SHARED_PROTOCOL,True,True,True,False,True,False,True,True,SOVT_GLIDE,SOVT_GLIDE
d87efe3c048b,HIGH_NOTE_CANNOT_REACH,HIGH_NOTE_TOO_EFFORTFUL,REGISTER_CONNECTION,REGISTER_CONNECTION,REGISTER_CONNECTION,REGISTER_CONNECTION,0.9442,EXPECTED_SHARED_PROTOCOL,True,True,True,True,True,False,True,True,SOVT_GLIDE,SOVT_GLIDE
d87efe3c048b,HIGH_NOTE_CANNOT_REACH,HIGH_NOTE_FLIPS,REGISTER_CONNECTION,REGISTER_CONNECTION,REGISTER_CONNECTION,REGISTER_CONNECTION,0.9561,EXPECTED_SHARED_PROTOCOL,True,True,True,True,True,False,True,True,SOVT_GLIDE,SOVT_GLIDE
d87efe3c048b,HIGH_NOTE_CANNOT_REACH,HIGH_NOTE_UNSTABLE,REGISTER_CONNECTION,REGISTER_CONNECTION,REGISTER_CONNECTION,REGISTER_CONNECTION,0.9697,EXPECTED_SHARED_PROTOCOL,True,True,True,True,True,False,True,True,SOVT_GLIDE,SOVT_GLIDE
d87efe3c048b,HIGH_NOTE_CANNOT_REACH,THROAT_EFFORT,REGISTER_CONNECTION,REGISTER_CONNECTION,REGISTER_CONNECTION,REGISTER_CONNECTION,0.9391,EXPECTED_SHARED_PROTOCOL,True,True,True,False,True,False,True,True,SOVT_GLIDE,SOVT_GLIDE
d87efe3c048b,HIGH_NOTE_CANNOT_REACH,LOUD_VOICE_DIFFICULT,REGISTER_CONNECTION,REGISTER_CONNECTION,REGISTER_CONNECTION,REGISTER_CONNECTION,0.9524,EXPECTED_SHARED_PROTOCOL,True,True,True,False,True,False,True,True,SOVT_GLIDE,SOVT_GLIDE
d87efe3c048b,HIGH_NOTE_CANNOT_REACH,VOCAL_FATIGUE,REGISTER_CONNECTION,REGISTER_CONNECTION,REGISTER_CONNECTION,REGISTER_CONNECTION,0.9391,EXPECTED_SHARED_PROTOCOL,True,True,True,False,True,False,True,True,SOVT_GLIDE,SOVT_GLIDE
d87efe3c048b,HIGH_NOTE_CANNOT_REACH,AFTER_SINGING_FATIGUE,REGISTER_CONNECTION,REGISTER_CONNECTION,REGISTER_CONNECTION,REGISTER_CONNECTION,0.9397,EXPECTED_SHARED_PROTOCOL,True,True,True,False,True,False,True,True,SOVT_GLIDE,SOVT_GLIDE
d87efe3c048b,HIGH_NOTE_CANNOT_REACH,PITCH_UNSTABLE,REGISTER_CONNECTION,REGISTER_CONNECTION,REGISTER_CONNECTION,REGISTER_CONNECTION,0.9437,EXPECTED_SHARED_PROTOCOL,True,True,False,False,True,False,True,True,SOVT_GLIDE,SOVT_GLIDE
d87efe3c048b,HIGH_NOTE_CANNOT_REACH,REGISTER_CONNECTION_DIFFICULT,REGISTER_CONNECTION,REGISTER_CONNECTION,REGISTER_CONNECTION,REGISTER_CONNECTION,0.9407,EXPECTED_SHARED_PROTOCOL,True,True,False,False,True,False,True,True,SOVT_GLIDE,SOVT_GLIDE
d87efe3c048b,HIGH_NOTE_TOO_EFFORTFUL,HIGH_NOTE_FLIPS,REGISTER_CONNECTION,REGISTER_CONNECTION,REGISTER_CONNECTION,REGISTER_CONNECTION,0.9437,EXPECTED_SHARED_PROTOCOL,True,True,True,True,True,False,True,True,SOVT_GLIDE,SOVT_GLIDE
d87efe3c048b,HIGH_NOTE_TOO_EFFORTFUL,HIGH_NOTE_UNSTABLE,REGISTER_CONNECTION,REGISTER_CONNECTION,REGISTER_CONNECTION,REGISTER_CONNECTION,0.9487,EXPECTED_SHARED_PROTOCOL,True,True,True,True,True,False,True,True,SOVT_GLIDE,SOVT_GLIDE
d87efe3c048b,HIGH_NOTE_TOO_EFFORTFUL,THROAT_EFFORT,REGISTER_CONNECTION,REGISTER_CONNECTION,REGISTER_CONNECTION,REGISTER_CONNECTION,0.9356,EXPECTED_SHARED_PROTOCOL,True,True,True,False,True,False,True,True,SOVT_GLIDE,SOVT_GLIDE
d87efe3c048b,HIGH_NOTE_TOO_EFFORTFUL,LOUD_VOICE_DIFFICULT,REGISTER_CONNECTION,REGISTER_CONNECTION,REGISTER_CONNECTION,REGISTER_CONNECTION,0.9316,EXPECTED_SHARED_PROTOCOL,True,True,True,False,True,False,True,True,SOVT_GLIDE,SOVT_GLIDE
d87efe3c048b,HIGH_NOTE_TOO_EFFORTFUL,VOCAL_FATIGUE,REGISTER_CONNECTION,REGISTER_CONNECTION,REGISTER_CONNECTION,REGISTER_CONNECTION,0.9442,EXPECTED_SHARED_PROTOCOL,True,True,True,False,True,False,True,True,SOVT_GLIDE,SOVT_GLIDE
d87efe3c048b,HIGH_NOTE_TOO_EFFORTFUL,AFTER_SINGING_FATIGUE,REGISTER_CONNECTION,REGISTER_CONNECTION,REGISTER_CONNECTION,REGISTER_CONNECTION,0.9277,EXPECTED_SHARED_PROTOCOL,True,True,True,False,True,False,True,True,SOVT_GLIDE,SOVT_GLIDE
d87efe3c048b,HIGH_NOTE_TOO_EFFORTFUL,PITCH_UNSTABLE,REGISTER_CONNECTION,REGISTER_CONNECTION,REGISTER_CONNECTION,REGISTER_CONNECTION,0.9487,EXPECTED_SHARED_PROTOCOL,True,True,False,False,True,False,True,True,SOVT_GLIDE,SOVT_GLIDE
d87efe3c048b,HIGH_NOTE_TOO_EFFORTFUL,REGISTER_CONNECTION_DIFFICULT,REGISTER_CONNECTION,REGISTER_CONNECTION,REGISTER_CONNECTION,REGISTER_CONNECTION,0.9372,EXPECTED_SHARED_PROTOCOL,True,True,False,False,True,False,True,True,SOVT_GLIDE,SOVT_GLIDE
d87efe3c048b,HIGH_NOTE_FLIPS,HIGH_NOTE_UNSTABLE,REGISTER_CONNECTION,REGISTER_CONNECTION,REGISTER_CONNECTION,REGISTER_CONNECTION,0.9607,EXPECTED_SHARED_PROTOCOL,True,True,True,True,True,False,True,True,SOVT_GLIDE,SOVT_GLIDE
d87efe3c048b,HIGH_NOTE_FLIPS,THROAT_EFFORT,REGISTER_CONNECTION,REGISTER_CONNECTION,REGISTER_CONNECTION,REGISTER_CONNECTION,0.9386,EXPECTED_SHARED_PROTOCOL,True,True,True,False,True,False,True,True,SOVT_GLIDE,SOVT_GLIDE
d87efe3c048b,HIGH_NOTE_FLIPS,LOUD_VOICE_DIFFICULT,REGISTER_CONNECTION,REGISTER_CONNECTION,REGISTER_CONNECTION,REGISTER_CONNECTION,0.9432,EXPECTED_SHARED_PROTOCOL,True,True,True,False,True,False,True,True,SOVT_GLIDE,SOVT_GLIDE
d87efe3c048b,HIGH_NOTE_FLIPS,VOCAL_FATIGUE,REGISTER_CONNECTION,REGISTER_CONNECTION,REGISTER_CONNECTION,REGISTER_CONNECTION,0.9474,EXPECTED_SHARED_PROTOCOL,True,True,True,False,True,False,True,True,SOVT_GLIDE,SOVT_GLIDE
d87efe3c048b,HIGH_NOTE_FLIPS,AFTER_SINGING_FATIGUE,REGISTER_CONNECTION,REGISTER_CONNECTION,REGISTER_CONNECTION,REGISTER_CONNECTION,0.9565,EXPECTED_SHARED_PROTOCOL,True,True,True,False,True,False,True,True,SOVT_GLIDE,SOVT_GLIDE
d87efe3c048b,HIGH_NOTE_FLIPS,PITCH_UNSTABLE,REGISTER_CONNECTION,REGISTER_CONNECTION,REGISTER_CONNECTION,REGISTER_CONNECTION,0.952,EXPECTED_SHARED_PROTOCOL,True,True,False,False,True,False,True,True,SOVT_GLIDE,SOVT_GLIDE
d87efe3c048b,HIGH_NOTE_FLIPS,REGISTER_CONNECTION_DIFFICULT,REGISTER_CONNECTION,REGISTER_CONNECTION,REGISTER_CONNECTION,REGISTER_CONNECTION,0.9231,EXPECTED_SHARED_PROTOCOL,True,True,False,False,True,False,True,True,SOVT_GLIDE,SOVT_GLIDE
d87efe3c048b,HIGH_NOTE_THINS,TIMBRE_CHANGES_HIGH,REGISTER_CONNECTION,REGISTER_CONNECTION,REGISTER_CONNECTION,REGISTER_CONNECTION,0.9246,EXPECTED_SHARED_PROTOCOL,True,True,True,False,True,False,True,True,SOVT_GLIDE,SOVT_GLIDE
d87efe3c048b,HIGH_NOTE_UNSTABLE,THROAT_EFFORT,REGISTER_CONNECTION,REGISTER_CONNECTION,REGISTER_CONNECTION,REGISTER_CONNECTION,0.9351,EXPECTED_SHARED_PROTOCOL,True,True,True,False,True,False,True,True,SOVT_GLIDE,SOVT_GLIDE
d87efe3c048b,HIGH_NOTE_UNSTABLE,LOUD_VOICE_DIFFICULT,REGISTER_CONNECTION,REGISTER_CONNECTION,REGISTER_CONNECTION,REGISTER_CONNECTION,0.9397,EXPECTED_SHARED_PROTOCOL,True,True,True,False,True,False,True,True,SOVT_GLIDE,SOVT_GLIDE
d87efe3c048b,HIGH_NOTE_UNSTABLE,VOCAL_FATIGUE,REGISTER_CONNECTION,REGISTER_CONNECTION,REGISTER_CONNECTION,REGISTER_CONNECTION,0.9351,EXPECTED_SHARED_PROTOCOL,True,True,True,False,True,False,True,True,SOVT_GLIDE,SOVT_GLIDE
d87efe3c048b,HIGH_NOTE_UNSTABLE,AFTER_SINGING_FATIGUE,REGISTER_CONNECTION,REGISTER_CONNECTION,REGISTER_CONNECTION,REGISTER_CONNECTION,0.9442,EXPECTED_SHARED_PROTOCOL,True,True,True,False,True,False,True,True,SOVT_GLIDE,SOVT_GLIDE
d87efe3c048b,HIGH_NOTE_UNSTABLE,PITCH_UNSTABLE,REGISTER_CONNECTION,REGISTER_CONNECTION,REGISTER_CONNECTION,REGISTER_CONNECTION,0.9483,EXPECTED_SHARED_PROTOCOL,True,True,False,False,True,False,True,True,SOVT_GLIDE,SOVT_GLIDE
d87efe3c048b,HIGH_NOTE_UNSTABLE,REGISTER_CONNECTION_DIFFICULT,REGISTER_CONNECTION,REGISTER_CONNECTION,REGISTER_CONNECTION,REGISTER_CONNECTION,0.9367,EXPECTED_SHARED_PROTOCOL,True,True,False,False,True,False,True,True,SOVT_GLIDE,SOVT_GLIDE
d87efe3c048b,THROAT_EFFORT,LOUD_VOICE_DIFFICULT,REGISTER_CONNECTION,REGISTER_CONNECTION,REGISTER_CONNECTION,REGISTER_CONNECTION,0.9351,EXPECTED_SHARED_PROTOCOL,True,True,True,False,True,False,True,True,SOVT_GLIDE,SOVT_GLIDE
d87efe3c048b,THROAT_EFFORT,VOCAL_FATIGUE,REGISTER_CONNECTION,REGISTER_CONNECTION,REGISTER_CONNECTION,REGISTER_CONNECTION,0.9565,EXPECTED_SHARED_PROTOCOL,True,True,True,False,True,False,True,True,SOVT_GLIDE,SOVT_GLIDE
d87efe3c048b,THROAT_EFFORT,AFTER_SINGING_FATIGUE,REGISTER_CONNECTION,REGISTER_CONNECTION,REGISTER_CONNECTION,REGISTER_CONNECTION,0.931,EXPECTED_SHARED_PROTOCOL,True,True,True,False,True,False,True,True,SOVT_GLIDE,SOVT_GLIDE
d87efe3c048b,THROAT_EFFORT,PITCH_UNSTABLE,REGISTER_CONNECTION,REGISTER_CONNECTION,REGISTER_CONNECTION,REGISTER_CONNECTION,0.9437,EXPECTED_SHARED_PROTOCOL,True,True,False,False,True,False,True,True,SOVT_GLIDE,SOVT_GLIDE
d87efe3c048b,THROAT_EFFORT,REGISTER_CONNECTION_DIFFICULT,REGISTER_CONNECTION,REGISTER_CONNECTION,REGISTER_CONNECTION,REGISTER_CONNECTION,0.9407,EXPECTED_SHARED_PROTOCOL,True,True,False,False,True,False,True,True,SOVT_GLIDE,SOVT_GLIDE
d87efe3c048b,LOUD_VOICE_DIFFICULT,VOCAL_FATIGUE,REGISTER_CONNECTION,REGISTER_CONNECTION,REGISTER_CONNECTION,REGISTER_CONNECTION,0.9351,EXPECTED_SHARED_PROTOCOL,True,True,True,False,True,False,True,True,SOVT_GLIDE,SOVT_GLIDE
d87efe3c048b,LOUD_VOICE_DIFFICULT,AFTER_SINGING_FATIGUE,REGISTER_CONNECTION,REGISTER_CONNECTION,REGISTER_CONNECTION,REGISTER_CONNECTION,0.9356,EXPECTED_SHARED_PROTOCOL,True,True,True,False,True,False,True,True,SOVT_GLIDE,SOVT_GLIDE
d87efe3c048b,LOUD_VOICE_DIFFICULT,PITCH_UNSTABLE,REGISTER_CONNECTION,REGISTER_CONNECTION,REGISTER_CONNECTION,REGISTER_CONNECTION,0.931,EXPECTED_SHARED_PROTOCOL,True,True,False,False,True,False,True,True,SOVT_GLIDE,SOVT_GLIDE
d87efe3c048b,LOUD_VOICE_DIFFICULT,REGISTER_CONNECTION_DIFFICULT,REGISTER_CONNECTION,REGISTER_CONNECTION,REGISTER_CONNECTION,REGISTER_CONNECTION,0.9114,EXPECTED_SHARED_PROTOCOL,True,True,False,False,True,False,True,True,SOVT_GLIDE,SOVT_GLIDE
d87efe3c048b,VOCAL_FATIGUE,AFTER_SINGING_FATIGUE,REGISTER_CONNECTION,REGISTER_CONNECTION,REGISTER_CONNECTION,REGISTER_CONNECTION,0.9569,EXPECTED_SHARED_PROTOCOL,True,True,True,False,True,False,True,True,SOVT_GLIDE,SOVT_GLIDE
d87efe3c048b,VOCAL_FATIGUE,PITCH_UNSTABLE,REGISTER_CONNECTION,REGISTER_CONNECTION,REGISTER_CONNECTION,REGISTER_CONNECTION,0.9524,EXPECTED_SHARED_PROTOCOL,True,True,False,False,True,False,True,True,SOVT_GLIDE,SOVT_GLIDE
d87efe3c048b,VOCAL_FATIGUE,REGISTER_CONNECTION_DIFFICULT,REGISTER_CONNECTION,REGISTER_CONNECTION,REGISTER_CONNECTION,REGISTER_CONNECTION,0.9237,EXPECTED_SHARED_PROTOCOL,True,True,False,False,True,False,True,True,SOVT_GLIDE,SOVT_GLIDE
d87efe3c048b,AFTER_SINGING_FATIGUE,PITCH_UNSTABLE,REGISTER_CONNECTION,REGISTER_CONNECTION,REGISTER_CONNECTION,REGISTER_CONNECTION,0.927,EXPECTED_SHARED_PROTOCOL,True,True,False,False,True,False,True,True,SOVT_GLIDE,SOVT_GLIDE
d87efe3c048b,AFTER_SINGING_FATIGUE,REGISTER_CONNECTION_DIFFICULT,REGISTER_CONNECTION,REGISTER_CONNECTION,REGISTER_CONNECTION,REGISTER_CONNECTION,0.916,EXPECTED_SHARED_PROTOCOL,True,True,False,False,True,False,True,True,SOVT_GLIDE,SOVT_GLIDE
d87efe3c048b,PITCH_UNSTABLE,REGISTER_CONNECTION_DIFFICULT,REGISTER_CONNECTION,REGISTER_CONNECTION,REGISTER_CONNECTION,REGISTER_CONNECTION,0.9367,EXPECTED_SHARED_PROTOCOL,True,True,True,False,True,False,True,True,SOVT_GLIDE,SOVT_GLIDE
e1c87ca2521c,HIGH_NOTE_CANNOT_REACH,HIGH_NOTE_TOO_EFFORTFUL,REGISTER_CONNECTION,REGISTER_CONNECTION,REGISTER_CONNECTION,REGISTER_CONNECTION,0.9442,EXPECTED_SHARED_PROTOCOL,True,True,True,True,True,False,True,True,SOVT_GLIDE,SOVT_GLIDE
e1c87ca2521c,HIGH_NOTE_CANNOT_REACH,HIGH_NOTE_FLIPS,REGISTER_CONNECTION,REGISTER_CONNECTION,REGISTER_CONNECTION,REGISTER_CONNECTION,0.9561,EXPECTED_SHARED_PROTOCOL,True,True,True,True,True,False,True,True,SOVT_GLIDE,SOVT_GLIDE
e1c87ca2521c,HIGH_NOTE_CANNOT_REACH,HIGH_NOTE_UNSTABLE,REGISTER_CONNECTION,REGISTER_CONNECTION,REGISTER_CONNECTION,REGISTER_CONNECTION,0.9697,EXPECTED_SHARED_PROTOCOL,True,True,True,True,True,False,True,True,SOVT_GLIDE,SOVT_GLIDE
e1c87ca2521c,HIGH_NOTE_CANNOT_REACH,THROAT_EFFORT,REGISTER_CONNECTION,REGISTER_CONNECTION,REGISTER_CONNECTION,REGISTER_CONNECTION,0.9391,EXPECTED_SHARED_PROTOCOL,True,True,True,False,True,False,True,True,SOVT_GLIDE,SOVT_GLIDE
e1c87ca2521c,HIGH_NOTE_CANNOT_REACH,LOUD_VOICE_DIFFICULT,REGISTER_CONNECTION,REGISTER_CONNECTION,REGISTER_CONNECTION,REGISTER_CONNECTION,0.9524,EXPECTED_SHARED_PROTOCOL,True,True,True,False,True,False,True,True,SOVT_GLIDE,SOVT_GLIDE
e1c87ca2521c,HIGH_NOTE_CANNOT_REACH,VOCAL_FATIGUE,REGISTER_CONNECTION,REGISTER_CONNECTION,REGISTER_CONNECTION,REGISTER_CONNECTION,0.9391,EXPECTED_SHARED_PROTOCOL,True,True,True,False,True,False,True,True,SOVT_GLIDE,SOVT_GLIDE
e1c87ca2521c,HIGH_NOTE_CANNOT_REACH,AFTER_SINGING_FATIGUE,REGISTER_CONNECTION,REGISTER_CONNECTION,REGISTER_CONNECTION,REGISTER_CONNECTION,0.9397,EXPECTED_SHARED_PROTOCOL,True,True,True,False,True,False,True,True,SOVT_GLIDE,SOVT_GLIDE
e1c87ca2521c,HIGH_NOTE_CANNOT_REACH,PITCH_UNSTABLE,REGISTER_CONNECTION,REGISTER_CONNECTION,REGISTER_CONNECTION,REGISTER_CONNECTION,0.9437,EXPECTED_SHARED_PROTOCOL,True,True,False,False,True,False,True,True,SOVT_GLIDE,SOVT_GLIDE
e1c87ca2521c,HIGH_NOTE_CANNOT_REACH,REGISTER_CONNECTION_DIFFICULT,REGISTER_CONNECTION,REGISTER_CONNECTION,REGISTER_CONNECTION,REGISTER_CONNECTION,0.9407,EXPECTED_SHARED_PROTOCOL,True,True,False,False,True,False,True,True,SOVT_GLIDE,SOVT_GLIDE
e1c87ca2521c,HIGH_NOTE_TOO_EFFORTFUL,HIGH_NOTE_FLIPS,REGISTER_CONNECTION,REGISTER_CONNECTION,REGISTER_CONNECTION,REGISTER_CONNECTION,0.9437,EXPECTED_SHARED_PROTOCOL,True,True,True,True,True,False,True,True,SOVT_GLIDE,SOVT_GLIDE
e1c87ca2521c,HIGH_NOTE_TOO_EFFORTFUL,HIGH_NOTE_UNSTABLE,REGISTER_CONNECTION,REGISTER_CONNECTION,REGISTER_CONNECTION,REGISTER_CONNECTION,0.9487,EXPECTED_SHARED_PROTOCOL,True,True,True,True,True,False,True,True,SOVT_GLIDE,SOVT_GLIDE
e1c87ca2521c,HIGH_NOTE_TOO_EFFORTFUL,THROAT_EFFORT,REGISTER_CONNECTION,REGISTER_CONNECTION,REGISTER_CONNECTION,REGISTER_CONNECTION,0.9356,EXPECTED_SHARED_PROTOCOL,True,True,True,False,True,False,True,True,SOVT_GLIDE,SOVT_GLIDE
e1c87ca2521c,HIGH_NOTE_TOO_EFFORTFUL,LOUD_VOICE_DIFFICULT,REGISTER_CONNECTION,REGISTER_CONNECTION,REGISTER_CONNECTION,REGISTER_CONNECTION,0.9316,EXPECTED_SHARED_PROTOCOL,True,True,True,False,True,False,True,True,SOVT_GLIDE,SOVT_GLIDE
e1c87ca2521c,HIGH_NOTE_TOO_EFFORTFUL,VOCAL_FATIGUE,REGISTER_CONNECTION,REGISTER_CONNECTION,REGISTER_CONNECTION,REGISTER_CONNECTION,0.9442,EXPECTED_SHARED_PROTOCOL,True,True,True,False,True,False,True,True,SOVT_GLIDE,SOVT_GLIDE
e1c87ca2521c,HIGH_NOTE_TOO_EFFORTFUL,AFTER_SINGING_FATIGUE,REGISTER_CONNECTION,REGISTER_CONNECTION,REGISTER_CONNECTION,REGISTER_CONNECTION,0.9277,EXPECTED_SHARED_PROTOCOL,True,True,True,False,True,False,True,True,SOVT_GLIDE,SOVT_GLIDE
e1c87ca2521c,HIGH_NOTE_TOO_EFFORTFUL,PITCH_UNSTABLE,REGISTER_CONNECTION,REGISTER_CONNECTION,REGISTER_CONNECTION,REGISTER_CONNECTION,0.9487,EXPECTED_SHARED_PROTOCOL,True,True,False,False,True,False,True,True,SOVT_GLIDE,SOVT_GLIDE
e1c87ca2521c,HIGH_NOTE_TOO_EFFORTFUL,REGISTER_CONNECTION_DIFFICULT,REGISTER_CONNECTION,REGISTER_CONNECTION,REGISTER_CONNECTION,REGISTER_CONNECTION,0.9372,EXPECTED_SHARED_PROTOCOL,True,True,False,False,True,False,True,True,SOVT_GLIDE,SOVT_GLIDE
e1c87ca2521c,HIGH_NOTE_FLIPS,HIGH_NOTE_UNSTABLE,REGISTER_CONNECTION,REGISTER_CONNECTION,REGISTER_CONNECTION,REGISTER_CONNECTION,0.9607,EXPECTED_SHARED_PROTOCOL,True,True,True,True,True,False,True,True,SOVT_GLIDE,SOVT_GLIDE
e1c87ca2521c,HIGH_NOTE_FLIPS,THROAT_EFFORT,REGISTER_CONNECTION,REGISTER_CONNECTION,REGISTER_CONNECTION,REGISTER_CONNECTION,0.9386,EXPECTED_SHARED_PROTOCOL,True,True,True,False,True,False,True,True,SOVT_GLIDE,SOVT_GLIDE
e1c87ca2521c,HIGH_NOTE_FLIPS,LOUD_VOICE_DIFFICULT,REGISTER_CONNECTION,REGISTER_CONNECTION,REGISTER_CONNECTION,REGISTER_CONNECTION,0.9432,EXPECTED_SHARED_PROTOCOL,True,True,True,False,True,False,True,True,SOVT_GLIDE,SOVT_GLIDE
e1c87ca2521c,HIGH_NOTE_FLIPS,VOCAL_FATIGUE,REGISTER_CONNECTION,REGISTER_CONNECTION,REGISTER_CONNECTION,REGISTER_CONNECTION,0.9474,EXPECTED_SHARED_PROTOCOL,True,True,True,False,True,False,True,True,SOVT_GLIDE,SOVT_GLIDE
e1c87ca2521c,HIGH_NOTE_FLIPS,AFTER_SINGING_FATIGUE,REGISTER_CONNECTION,REGISTER_CONNECTION,REGISTER_CONNECTION,REGISTER_CONNECTION,0.9565,EXPECTED_SHARED_PROTOCOL,True,True,True,False,True,False,True,True,SOVT_GLIDE,SOVT_GLIDE
e1c87ca2521c,HIGH_NOTE_FLIPS,PITCH_UNSTABLE,REGISTER_CONNECTION,REGISTER_CONNECTION,REGISTER_CONNECTION,REGISTER_CONNECTION,0.952,EXPECTED_SHARED_PROTOCOL,True,True,False,False,True,False,True,True,SOVT_GLIDE,SOVT_GLIDE
e1c87ca2521c,HIGH_NOTE_FLIPS,REGISTER_CONNECTION_DIFFICULT,REGISTER_CONNECTION,REGISTER_CONNECTION,REGISTER_CONNECTION,REGISTER_CONNECTION,0.9231,EXPECTED_SHARED_PROTOCOL,True,True,False,False,True,False,True,True,SOVT_GLIDE,SOVT_GLIDE
e1c87ca2521c,HIGH_NOTE_THINS,TIMBRE_CHANGES_HIGH,REGISTER_CONNECTION,REGISTER_CONNECTION,REGISTER_CONNECTION,REGISTER_CONNECTION,0.9246,EXPECTED_SHARED_PROTOCOL,True,True,True,False,True,False,False,True,SOVT_GLIDE,SOVT_GLIDE
e1c87ca2521c,HIGH_NOTE_UNSTABLE,THROAT_EFFORT,REGISTER_CONNECTION,REGISTER_CONNECTION,REGISTER_CONNECTION,REGISTER_CONNECTION,0.9351,EXPECTED_SHARED_PROTOCOL,True,True,True,False,True,False,True,True,SOVT_GLIDE,SOVT_GLIDE
e1c87ca2521c,HIGH_NOTE_UNSTABLE,LOUD_VOICE_DIFFICULT,REGISTER_CONNECTION,REGISTER_CONNECTION,REGISTER_CONNECTION,REGISTER_CONNECTION,0.9397,EXPECTED_SHARED_PROTOCOL,True,True,True,False,True,False,True,True,SOVT_GLIDE,SOVT_GLIDE
e1c87ca2521c,HIGH_NOTE_UNSTABLE,VOCAL_FATIGUE,REGISTER_CONNECTION,REGISTER_CONNECTION,REGISTER_CONNECTION,REGISTER_CONNECTION,0.9351,EXPECTED_SHARED_PROTOCOL,True,True,True,False,True,False,True,True,SOVT_GLIDE,SOVT_GLIDE
e1c87ca2521c,HIGH_NOTE_UNSTABLE,AFTER_SINGING_FATIGUE,REGISTER_CONNECTION,REGISTER_CONNECTION,REGISTER_CONNECTION,REGISTER_CONNECTION,0.9442,EXPECTED_SHARED_PROTOCOL,True,True,True,False,True,False,True,True,SOVT_GLIDE,SOVT_GLIDE
e1c87ca2521c,HIGH_NOTE_UNSTABLE,PITCH_UNSTABLE,REGISTER_CONNECTION,REGISTER_CONNECTION,REGISTER_CONNECTION,REGISTER_CONNECTION,0.9483,EXPECTED_SHARED_PROTOCOL,True,True,False,False,True,False,True,True,SOVT_GLIDE,SOVT_GLIDE
e1c87ca2521c,HIGH_NOTE_UNSTABLE,REGISTER_CONNECTION_DIFFICULT,REGISTER_CONNECTION,REGISTER_CONNECTION,REGISTER_CONNECTION,REGISTER_CONNECTION,0.9367,EXPECTED_SHARED_PROTOCOL,True,True,False,False,True,False,True,True,SOVT_GLIDE,SOVT_GLIDE
e1c87ca2521c,THROAT_EFFORT,LOUD_VOICE_DIFFICULT,REGISTER_CONNECTION,REGISTER_CONNECTION,REGISTER_CONNECTION,REGISTER_CONNECTION,0.9351,EXPECTED_SHARED_PROTOCOL,True,True,True,False,True,False,True,True,SOVT_GLIDE,SOVT_GLIDE
e1c87ca2521c,THROAT_EFFORT,VOCAL_FATIGUE,REGISTER_CONNECTION,REGISTER_CONNECTION,REGISTER_CONNECTION,REGISTER_CONNECTION,0.9565,EXPECTED_SHARED_PROTOCOL,True,True,True,False,True,False,True,True,SOVT_GLIDE,SOVT_GLIDE
e1c87ca2521c,THROAT_EFFORT,AFTER_SINGING_FATIGUE,REGISTER_CONNECTION,REGISTER_CONNECTION,REGISTER_CONNECTION,REGISTER_CONNECTION,0.931,EXPECTED_SHARED_PROTOCOL,True,True,True,False,True,False,True,True,SOVT_GLIDE,SOVT_GLIDE
e1c87ca2521c,THROAT_EFFORT,PITCH_UNSTABLE,REGISTER_CONNECTION,REGISTER_CONNECTION,REGISTER_CONNECTION,REGISTER_CONNECTION,0.9437,EXPECTED_SHARED_PROTOCOL,True,True,False,False,True,False,True,True,SOVT_GLIDE,SOVT_GLIDE
e1c87ca2521c,THROAT_EFFORT,REGISTER_CONNECTION_DIFFICULT,REGISTER_CONNECTION,REGISTER_CONNECTION,REGISTER_CONNECTION,REGISTER_CONNECTION,0.9407,EXPECTED_SHARED_PROTOCOL,True,True,False,False,True,False,True,True,SOVT_GLIDE,SOVT_GLIDE
e1c87ca2521c,LOUD_VOICE_DIFFICULT,VOCAL_FATIGUE,REGISTER_CONNECTION,REGISTER_CONNECTION,REGISTER_CONNECTION,REGISTER_CONNECTION,0.9351,EXPECTED_SHARED_PROTOCOL,True,True,True,False,True,False,True,True,SOVT_GLIDE,SOVT_GLIDE
e1c87ca2521c,LOUD_VOICE_DIFFICULT,AFTER_SINGING_FATIGUE,REGISTER_CONNECTION,REGISTER_CONNECTION,REGISTER_CONNECTION,REGISTER_CONNECTION,0.9356,EXPECTED_SHARED_PROTOCOL,True,True,True,False,True,False,True,True,SOVT_GLIDE,SOVT_GLIDE
e1c87ca2521c,LOUD_VOICE_DIFFICULT,PITCH_UNSTABLE,REGISTER_CONNECTION,REGISTER_CONNECTION,REGISTER_CONNECTION,REGISTER_CONNECTION,0.931,EXPECTED_SHARED_PROTOCOL,True,True,False,False,True,False,True,True,SOVT_GLIDE,SOVT_GLIDE
e1c87ca2521c,LOUD_VOICE_DIFFICULT,REGISTER_CONNECTION_DIFFICULT,REGISTER_CONNECTION,REGISTER_CONNECTION,REGISTER_CONNECTION,REGISTER_CONNECTION,0.9114,EXPECTED_SHARED_PROTOCOL,True,True,False,False,True,False,True,True,SOVT_GLIDE,SOVT_GLIDE
e1c87ca2521c,VOCAL_FATIGUE,AFTER_SINGING_FATIGUE,REGISTER_CONNECTION,REGISTER_CONNECTION,REGISTER_CONNECTION,REGISTER_CONNECTION,0.9569,EXPECTED_SHARED_PROTOCOL,True,True,True,False,True,False,True,True,SOVT_GLIDE,SOVT_GLIDE
e1c87ca2521c,VOCAL_FATIGUE,PITCH_UNSTABLE,REGISTER_CONNECTION,REGISTER_CONNECTION,REGISTER_CONNECTION,REGISTER_CONNECTION,0.9524,EXPECTED_SHARED_PROTOCOL,True,True,False,False,True,False,True,True,SOVT_GLIDE,SOVT_GLIDE
e1c87ca2521c,VOCAL_FATIGUE,REGISTER_CONNECTION_DIFFICULT,REGISTER_CONNECTION,REGISTER_CONNECTION,REGISTER_CONNECTION,REGISTER_CONNECTION,0.9237,EXPECTED_SHARED_PROTOCOL,True,True,False,False,True,False,True,True,SOVT_GLIDE,SOVT_GLIDE
e1c87ca2521c,AFTER_SINGING_FATIGUE,PITCH_UNSTABLE,REGISTER_CONNECTION,REGISTER_CONNECTION,REGISTER_CONNECTION,REGISTER_CONNECTION,0.927,EXPECTED_SHARED_PROTOCOL,True,True,False,False,True,False,True,True,SOVT_GLIDE,SOVT_GLIDE
e1c87ca2521c,AFTER_SINGING_FATIGUE,REGISTER_CONNECTION_DIFFICULT,REGISTER_CONNECTION,REGISTER_CONNECTION,REGISTER_CONNECTION,REGISTER_CONNECTION,0.916,EXPECTED_SHARED_PROTOCOL,True,True,False,False,True,False,True,True,SOVT_GLIDE,SOVT_GLIDE
e1c87ca2521c,VOICE_TOO_SHARP,VOICE_ROUGH,REGISTER_CONNECTION,REGISTER_CONNECTION,REGISTER_CONNECTION,REGISTER_CONNECTION,0.9529,EXPECTED_SHARED_PROTOCOL,True,True,True,True,True,False,True,True,REGISTER_CONNECTION,REGISTER_CONNECTION
e1c87ca2521c,PITCH_UNSTABLE,REGISTER_CONNECTION_DIFFICULT,REGISTER_CONNECTION,REGISTER_CONNECTION,REGISTER_CONNECTION,REGISTER_CONNECTION,0.9367,EXPECTED_SHARED_PROTOCOL,True,True,True,False,True,False,True,True,SOVT_GLIDE,SOVT_GLIDE
e67deea6f112,HIGH_NOTE_CANNOT_REACH,HIGH_NOTE_TOO_EFFORTFUL,REGISTER_CONNECTION,REGISTER_CONNECTION,REGISTER_CONNECTION,REGISTER_CONNECTION,0.9442,EXPECTED_SHARED_PROTOCOL,True,True,True,True,True,False,True,True,SOVT_GLIDE,SOVT_GLIDE
e67deea6f112,HIGH_NOTE_CANNOT_REACH,HIGH_NOTE_FLIPS,REGISTER_CONNECTION,REGISTER_CONNECTION,REGISTER_CONNECTION,REGISTER_CONNECTION,0.9561,EXPECTED_SHARED_PROTOCOL,True,True,True,True,True,False,True,True,SOVT_GLIDE,SOVT_GLIDE
e67deea6f112,HIGH_NOTE_CANNOT_REACH,HIGH_NOTE_UNSTABLE,REGISTER_CONNECTION,REGISTER_CONNECTION,REGISTER_CONNECTION,REGISTER_CONNECTION,0.9697,EXPECTED_SHARED_PROTOCOL,True,True,True,True,True,False,True,True,SOVT_GLIDE,SOVT_GLIDE
e67deea6f112,HIGH_NOTE_CANNOT_REACH,THROAT_EFFORT,REGISTER_CONNECTION,REGISTER_CONNECTION,REGISTER_CONNECTION,REGISTER_CONNECTION,0.9391,EXPECTED_SHARED_PROTOCOL,True,True,True,False,True,False,True,True,SOVT_GLIDE,SOVT_GLIDE
e67deea6f112,HIGH_NOTE_CANNOT_REACH,LOUD_VOICE_DIFFICULT,REGISTER_CONNECTION,REGISTER_CONNECTION,REGISTER_CONNECTION,REGISTER_CONNECTION,0.9524,EXPECTED_SHARED_PROTOCOL,True,True,True,False,True,False,True,True,SOVT_GLIDE,SOVT_GLIDE
e67deea6f112,HIGH_NOTE_CANNOT_REACH,VOCAL_FATIGUE,REGISTER_CONNECTION,REGISTER_CONNECTION,REGISTER_CONNECTION,REGISTER_CONNECTION,0.9391,EXPECTED_SHARED_PROTOCOL,True,True,True,False,True,False,True,True,SOVT_GLIDE,SOVT_GLIDE
e67deea6f112,HIGH_NOTE_CANNOT_REACH,AFTER_SINGING_FATIGUE,REGISTER_CONNECTION,REGISTER_CONNECTION,REGISTER_CONNECTION,REGISTER_CONNECTION,0.9397,EXPECTED_SHARED_PROTOCOL,True,True,True,False,True,False,True,True,SOVT_GLIDE,SOVT_GLIDE
e67deea6f112,HIGH_NOTE_CANNOT_REACH,PITCH_UNSTABLE,REGISTER_CONNECTION,REGISTER_CONNECTION,REGISTER_CONNECTION,REGISTER_CONNECTION,0.9437,EXPECTED_SHARED_PROTOCOL,True,True,False,False,True,False,True,True,SOVT_GLIDE,SOVT_GLIDE
e67deea6f112,HIGH_NOTE_CANNOT_REACH,REGISTER_CONNECTION_DIFFICULT,REGISTER_CONNECTION,REGISTER_CONNECTION,REGISTER_CONNECTION,REGISTER_CONNECTION,0.9407,EXPECTED_SHARED_PROTOCOL,True,True,False,False,True,False,True,True,SOVT_GLIDE,SOVT_GLIDE
e67deea6f112,HIGH_NOTE_TOO_EFFORTFUL,HIGH_NOTE_FLIPS,REGISTER_CONNECTION,REGISTER_CONNECTION,REGISTER_CONNECTION,REGISTER_CONNECTION,0.9437,EXPECTED_SHARED_PROTOCOL,True,True,True,True,True,False,True,True,SOVT_GLIDE,SOVT_GLIDE
e67deea6f112,HIGH_NOTE_TOO_EFFORTFUL,HIGH_NOTE_UNSTABLE,REGISTER_CONNECTION,REGISTER_CONNECTION,REGISTER_CONNECTION,REGISTER_CONNECTION,0.9487,EXPECTED_SHARED_PROTOCOL,True,True,True,True,True,False,True,True,SOVT_GLIDE,SOVT_GLIDE
e67deea6f112,HIGH_NOTE_TOO_EFFORTFUL,THROAT_EFFORT,REGISTER_CONNECTION,REGISTER_CONNECTION,REGISTER_CONNECTION,REGISTER_CONNECTION,0.9356,EXPECTED_SHARED_PROTOCOL,True,True,True,False,True,False,True,True,SOVT_GLIDE,SOVT_GLIDE
e67deea6f112,HIGH_NOTE_TOO_EFFORTFUL,LOUD_VOICE_DIFFICULT,REGISTER_CONNECTION,REGISTER_CONNECTION,REGISTER_CONNECTION,REGISTER_CONNECTION,0.9316,EXPECTED_SHARED_PROTOCOL,True,True,True,False,True,False,True,True,SOVT_GLIDE,SOVT_GLIDE
e67deea6f112,HIGH_NOTE_TOO_EFFORTFUL,VOCAL_FATIGUE,REGISTER_CONNECTION,REGISTER_CONNECTION,REGISTER_CONNECTION,REGISTER_CONNECTION,0.9442,EXPECTED_SHARED_PROTOCOL,True,True,True,False,True,False,True,True,SOVT_GLIDE,SOVT_GLIDE
e67deea6f112,HIGH_NOTE_TOO_EFFORTFUL,AFTER_SINGING_FATIGUE,REGISTER_CONNECTION,REGISTER_CONNECTION,REGISTER_CONNECTION,REGISTER_CONNECTION,0.9277,EXPECTED_SHARED_PROTOCOL,True,True,True,False,True,False,True,True,SOVT_GLIDE,SOVT_GLIDE
e67deea6f112,HIGH_NOTE_TOO_EFFORTFUL,PITCH_UNSTABLE,REGISTER_CONNECTION,REGISTER_CONNECTION,REGISTER_CONNECTION,REGISTER_CONNECTION,0.9487,EXPECTED_SHARED_PROTOCOL,True,True,False,False,True,False,True,True,SOVT_GLIDE,SOVT_GLIDE
e67deea6f112,HIGH_NOTE_TOO_EFFORTFUL,REGISTER_CONNECTION_DIFFICULT,REGISTER_CONNECTION,REGISTER_CONNECTION,REGISTER_CONNECTION,REGISTER_CONNECTION,0.9372,EXPECTED_SHARED_PROTOCOL,True,True,False,False,True,False,True,True,SOVT_GLIDE,SOVT_GLIDE
e67deea6f112,HIGH_NOTE_FLIPS,HIGH_NOTE_UNSTABLE,REGISTER_CONNECTION,REGISTER_CONNECTION,REGISTER_CONNECTION,REGISTER_CONNECTION,0.9607,EXPECTED_SHARED_PROTOCOL,True,True,True,True,True,False,True,True,SOVT_GLIDE,SOVT_GLIDE
e67deea6f112,HIGH_NOTE_FLIPS,THROAT_EFFORT,REGISTER_CONNECTION,REGISTER_CONNECTION,REGISTER_CONNECTION,REGISTER_CONNECTION,0.9386,EXPECTED_SHARED_PROTOCOL,True,True,True,False,True,False,True,True,SOVT_GLIDE,SOVT_GLIDE
e67deea6f112,HIGH_NOTE_FLIPS,LOUD_VOICE_DIFFICULT,REGISTER_CONNECTION,REGISTER_CONNECTION,REGISTER_CONNECTION,REGISTER_CONNECTION,0.9432,EXPECTED_SHARED_PROTOCOL,True,True,True,False,True,False,True,True,SOVT_GLIDE,SOVT_GLIDE
e67deea6f112,HIGH_NOTE_FLIPS,VOCAL_FATIGUE,REGISTER_CONNECTION,REGISTER_CONNECTION,REGISTER_CONNECTION,REGISTER_CONNECTION,0.9474,EXPECTED_SHARED_PROTOCOL,True,True,True,False,True,False,True,True,SOVT_GLIDE,SOVT_GLIDE
e67deea6f112,HIGH_NOTE_FLIPS,AFTER_SINGING_FATIGUE,REGISTER_CONNECTION,REGISTER_CONNECTION,REGISTER_CONNECTION,REGISTER_CONNECTION,0.9565,EXPECTED_SHARED_PROTOCOL,True,True,True,False,True,False,True,True,SOVT_GLIDE,SOVT_GLIDE
e67deea6f112,HIGH_NOTE_FLIPS,PITCH_UNSTABLE,REGISTER_CONNECTION,REGISTER_CONNECTION,REGISTER_CONNECTION,REGISTER_CONNECTION,0.952,EXPECTED_SHARED_PROTOCOL,True,True,False,False,True,False,True,True,SOVT_GLIDE,SOVT_GLIDE
e67deea6f112,HIGH_NOTE_FLIPS,REGISTER_CONNECTION_DIFFICULT,REGISTER_CONNECTION,REGISTER_CONNECTION,REGISTER_CONNECTION,REGISTER_CONNECTION,0.9231,EXPECTED_SHARED_PROTOCOL,True,True,False,False,True,False,True,True,SOVT_GLIDE,SOVT_GLIDE
e67deea6f112,HIGH_NOTE_THINS,TIMBRE_CHANGES_HIGH,REGISTER_CONNECTION,REGISTER_CONNECTION,REGISTER_CONNECTION,REGISTER_CONNECTION,0.9246,EXPECTED_SHARED_PROTOCOL,True,True,True,False,True,False,True,True,SOVT_GLIDE,SOVT_GLIDE
e67deea6f112,HIGH_NOTE_UNSTABLE,THROAT_EFFORT,REGISTER_CONNECTION,REGISTER_CONNECTION,REGISTER_CONNECTION,REGISTER_CONNECTION,0.9351,EXPECTED_SHARED_PROTOCOL,True,True,True,False,True,False,True,True,SOVT_GLIDE,SOVT_GLIDE
e67deea6f112,HIGH_NOTE_UNSTABLE,LOUD_VOICE_DIFFICULT,REGISTER_CONNECTION,REGISTER_CONNECTION,REGISTER_CONNECTION,REGISTER_CONNECTION,0.9397,EXPECTED_SHARED_PROTOCOL,True,True,True,False,True,False,True,True,SOVT_GLIDE,SOVT_GLIDE
e67deea6f112,HIGH_NOTE_UNSTABLE,VOCAL_FATIGUE,REGISTER_CONNECTION,REGISTER_CONNECTION,REGISTER_CONNECTION,REGISTER_CONNECTION,0.9351,EXPECTED_SHARED_PROTOCOL,True,True,True,False,True,False,True,True,SOVT_GLIDE,SOVT_GLIDE
e67deea6f112,HIGH_NOTE_UNSTABLE,AFTER_SINGING_FATIGUE,REGISTER_CONNECTION,REGISTER_CONNECTION,REGISTER_CONNECTION,REGISTER_CONNECTION,0.9442,EXPECTED_SHARED_PROTOCOL,True,True,True,False,True,False,True,True,SOVT_GLIDE,SOVT_GLIDE
e67deea6f112,HIGH_NOTE_UNSTABLE,PITCH_UNSTABLE,REGISTER_CONNECTION,REGISTER_CONNECTION,REGISTER_CONNECTION,REGISTER_CONNECTION,0.9483,EXPECTED_SHARED_PROTOCOL,True,True,False,False,True,False,True,True,SOVT_GLIDE,SOVT_GLIDE
e67deea6f112,HIGH_NOTE_UNSTABLE,REGISTER_CONNECTION_DIFFICULT,REGISTER_CONNECTION,REGISTER_CONNECTION,REGISTER_CONNECTION,REGISTER_CONNECTION,0.9367,EXPECTED_SHARED_PROTOCOL,True,True,False,False,True,False,True,True,SOVT_GLIDE,SOVT_GLIDE
e67deea6f112,THROAT_EFFORT,LOUD_VOICE_DIFFICULT,REGISTER_CONNECTION,REGISTER_CONNECTION,REGISTER_CONNECTION,REGISTER_CONNECTION,0.9351,EXPECTED_SHARED_PROTOCOL,True,True,True,False,True,False,True,True,SOVT_GLIDE,SOVT_GLIDE
e67deea6f112,THROAT_EFFORT,VOCAL_FATIGUE,REGISTER_CONNECTION,REGISTER_CONNECTION,REGISTER_CONNECTION,REGISTER_CONNECTION,0.9565,EXPECTED_SHARED_PROTOCOL,True,True,True,False,True,False,True,True,SOVT_GLIDE,SOVT_GLIDE
e67deea6f112,THROAT_EFFORT,AFTER_SINGING_FATIGUE,REGISTER_CONNECTION,REGISTER_CONNECTION,REGISTER_CONNECTION,REGISTER_CONNECTION,0.931,EXPECTED_SHARED_PROTOCOL,True,True,True,False,True,False,True,True,SOVT_GLIDE,SOVT_GLIDE
e67deea6f112,THROAT_EFFORT,PITCH_UNSTABLE,REGISTER_CONNECTION,REGISTER_CONNECTION,REGISTER_CONNECTION,REGISTER_CONNECTION,0.9437,EXPECTED_SHARED_PROTOCOL,True,True,False,False,True,False,True,True,SOVT_GLIDE,SOVT_GLIDE
e67deea6f112,THROAT_EFFORT,REGISTER_CONNECTION_DIFFICULT,REGISTER_CONNECTION,REGISTER_CONNECTION,REGISTER_CONNECTION,REGISTER_CONNECTION,0.9407,EXPECTED_SHARED_PROTOCOL,True,True,False,False,True,False,True,True,SOVT_GLIDE,SOVT_GLIDE
e67deea6f112,LOUD_VOICE_DIFFICULT,VOCAL_FATIGUE,REGISTER_CONNECTION,REGISTER_CONNECTION,REGISTER_CONNECTION,REGISTER_CONNECTION,0.9351,EXPECTED_SHARED_PROTOCOL,True,True,True,False,True,False,True,True,SOVT_GLIDE,SOVT_GLIDE
e67deea6f112,LOUD_VOICE_DIFFICULT,AFTER_SINGING_FATIGUE,REGISTER_CONNECTION,REGISTER_CONNECTION,REGISTER_CONNECTION,REGISTER_CONNECTION,0.9356,EXPECTED_SHARED_PROTOCOL,True,True,True,False,True,False,True,True,SOVT_GLIDE,SOVT_GLIDE
e67deea6f112,LOUD_VOICE_DIFFICULT,PITCH_UNSTABLE,REGISTER_CONNECTION,REGISTER_CONNECTION,REGISTER_CONNECTION,REGISTER_CONNECTION,0.931,EXPECTED_SHARED_PROTOCOL,True,True,False,False,True,False,True,True,SOVT_GLIDE,SOVT_GLIDE
e67deea6f112,LOUD_VOICE_DIFFICULT,REGISTER_CONNECTION_DIFFICULT,REGISTER_CONNECTION,REGISTER_CONNECTION,REGISTER_CONNECTION,REGISTER_CONNECTION,0.9114,EXPECTED_SHARED_PROTOCOL,True,True,False,False,True,False,True,True,SOVT_GLIDE,SOVT_GLIDE
e67deea6f112,VOCAL_FATIGUE,AFTER_SINGING_FATIGUE,REGISTER_CONNECTION,REGISTER_CONNECTION,REGISTER_CONNECTION,REGISTER_CONNECTION,0.9569,EXPECTED_SHARED_PROTOCOL,True,True,True,False,True,False,True,True,SOVT_GLIDE,SOVT_GLIDE
e67deea6f112,VOCAL_FATIGUE,PITCH_UNSTABLE,REGISTER_CONNECTION,REGISTER_CONNECTION,REGISTER_CONNECTION,REGISTER_CONNECTION,0.9524,EXPECTED_SHARED_PROTOCOL,True,True,False,False,True,False,True,True,SOVT_GLIDE,SOVT_GLIDE
e67deea6f112,VOCAL_FATIGUE,REGISTER_CONNECTION_DIFFICULT,REGISTER_CONNECTION,REGISTER_CONNECTION,REGISTER_CONNECTION,REGISTER_CONNECTION,0.9237,EXPECTED_SHARED_PROTOCOL,True,True,False,False,True,False,True,True,SOVT_GLIDE,SOVT_GLIDE
e67deea6f112,AFTER_SINGING_FATIGUE,PITCH_UNSTABLE,REGISTER_CONNECTION,REGISTER_CONNECTION,REGISTER_CONNECTION,REGISTER_CONNECTION,0.927,EXPECTED_SHARED_PROTOCOL,True,True,False,False,True,False,True,True,SOVT_GLIDE,SOVT_GLIDE
e67deea6f112,AFTER_SINGING_FATIGUE,REGISTER_CONNECTION_DIFFICULT,REGISTER_CONNECTION,REGISTER_CONNECTION,REGISTER_CONNECTION,REGISTER_CONNECTION,0.916,EXPECTED_SHARED_PROTOCOL,True,True,False,False,True,False,True,True,SOVT_GLIDE,SOVT_GLIDE
e67deea6f112,PITCH_UNSTABLE,REGISTER_CONNECTION_DIFFICULT,REGISTER_CONNECTION,REGISTER_CONNECTION,REGISTER_CONNECTION,REGISTER_CONNECTION,0.9367,EXPECTED_SHARED_PROTOCOL,True,True,True,False,True,False,True,True,SOVT_GLIDE,SOVT_GLIDE
e8314e2d9fd3,HIGH_NOTE_TOO_EFFORTFUL,HIGH_NOTE_FLIPS,REGISTER_CONNECTION,REGISTER_CONNECTION,REGISTER_CONNECTION,REGISTER_CONNECTION,0.9437,EXPECTED_SHARED_PROTOCOL,True,True,True,True,True,False,True,True,SOVT_GLIDE,SOVT_GLIDE
e8314e2d9fd3,HIGH_NOTE_UNSTABLE,PITCH_UNSTABLE,STABILITY,STABILITY,STABILITY,STABILITY,0.9048,EXPECTED_SHARED_PROTOCOL,True,True,False,False,True,False,True,True,SUSTAIN_HOLD,SUSTAIN_HOLD
e8314e2d9fd3,HIGH_NOTE_UNSTABLE,REGISTER_CONNECTION_DIFFICULT,STABILITY,STABILITY,STABILITY,STABILITY,0.8855,EXPECTED_SHARED_PROTOCOL,True,True,False,False,True,False,True,True,SUSTAIN_HOLD,SUSTAIN_HOLD
e8314e2d9fd3,THROAT_EFFORT,LOUD_VOICE_DIFFICULT,EFFORT,EFFORT,MAINTAIN,MAINTAIN,0.8819,EXPECTED_SHARED_PROTOCOL,True,True,True,False,True,False,True,True,SUSTAIN_HOLD,SUSTAIN_HOLD
e8314e2d9fd3,THROAT_EFFORT,VOCAL_FATIGUE,EFFORT,EFFORT,MAINTAIN,MAINTAIN,0.9206,EXPECTED_SHARED_PROTOCOL,True,True,True,False,True,False,True,True,SUSTAIN_HOLD,SUSTAIN_HOLD
e8314e2d9fd3,LOUD_VOICE_DIFFICULT,VOCAL_FATIGUE,EFFORT,EFFORT,MAINTAIN,MAINTAIN,0.8819,EXPECTED_SHARED_PROTOCOL,True,True,True,False,True,False,True,True,SUSTAIN_HOLD,SUSTAIN_HOLD
e8314e2d9fd3,LOUD_VOICE_DIFFICULT,AFTER_SINGING_FATIGUE,EFFORT,EFFORT,MAINTAIN,MAINTAIN,0.8837,EXPECTED_SHARED_PROTOCOL,True,True,True,False,True,False,True,True,SUSTAIN_HOLD,SUSTAIN_HOLD
e8314e2d9fd3,VOCAL_FATIGUE,AFTER_SINGING_FATIGUE,EFFORT,EFFORT,MAINTAIN,MAINTAIN,0.9219,EXPECTED_SHARED_PROTOCOL,True,True,True,False,True,False,True,True,SUSTAIN_HOLD,SUSTAIN_HOLD
e8314e2d9fd3,PITCH_UNSTABLE,REGISTER_CONNECTION_DIFFICULT,STABILITY,STABILITY,STABILITY,STABILITY,0.8855,EXPECTED_SHARED_PROTOCOL,True,True,True,False,True,False,True,True,SUSTAIN_HOLD,SUSTAIN_HOLD
e8b8aa373520,HIGH_NOTE_CANNOT_REACH,HIGH_NOTE_TOO_EFFORTFUL,REGISTER_CONNECTION,REGISTER_CONNECTION,REGISTER_CONNECTION,REGISTER_CONNECTION,0.9442,EXPECTED_SHARED_PROTOCOL,True,True,True,True,True,False,True,True,SOVT_GLIDE,SOVT_GLIDE
e8b8aa373520,HIGH_NOTE_CANNOT_REACH,HIGH_NOTE_FLIPS,REGISTER_CONNECTION,REGISTER_CONNECTION,REGISTER_CONNECTION,REGISTER_CONNECTION,0.9561,EXPECTED_SHARED_PROTOCOL,True,True,True,True,True,False,True,True,SOVT_GLIDE,SOVT_GLIDE
e8b8aa373520,HIGH_NOTE_CANNOT_REACH,HIGH_NOTE_UNSTABLE,REGISTER_CONNECTION,REGISTER_CONNECTION,REGISTER_CONNECTION,REGISTER_CONNECTION,0.9697,EXPECTED_SHARED_PROTOCOL,True,True,True,True,True,False,True,True,SOVT_GLIDE,SOVT_GLIDE
e8b8aa373520,HIGH_NOTE_CANNOT_REACH,THROAT_EFFORT,REGISTER_CONNECTION,REGISTER_CONNECTION,REGISTER_CONNECTION,REGISTER_CONNECTION,0.9391,EXPECTED_SHARED_PROTOCOL,True,True,True,False,True,False,True,True,SOVT_GLIDE,SOVT_GLIDE
e8b8aa373520,HIGH_NOTE_CANNOT_REACH,LOUD_VOICE_DIFFICULT,REGISTER_CONNECTION,REGISTER_CONNECTION,REGISTER_CONNECTION,REGISTER_CONNECTION,0.9524,EXPECTED_SHARED_PROTOCOL,True,True,True,False,True,False,True,True,SOVT_GLIDE,SOVT_GLIDE
e8b8aa373520,HIGH_NOTE_CANNOT_REACH,VOCAL_FATIGUE,REGISTER_CONNECTION,REGISTER_CONNECTION,REGISTER_CONNECTION,REGISTER_CONNECTION,0.9391,EXPECTED_SHARED_PROTOCOL,True,True,True,False,True,False,True,True,SOVT_GLIDE,SOVT_GLIDE
e8b8aa373520,HIGH_NOTE_CANNOT_REACH,AFTER_SINGING_FATIGUE,REGISTER_CONNECTION,REGISTER_CONNECTION,REGISTER_CONNECTION,REGISTER_CONNECTION,0.9397,EXPECTED_SHARED_PROTOCOL,True,True,True,False,True,False,True,True,SOVT_GLIDE,SOVT_GLIDE
e8b8aa373520,HIGH_NOTE_CANNOT_REACH,PITCH_UNSTABLE,REGISTER_CONNECTION,REGISTER_CONNECTION,REGISTER_CONNECTION,REGISTER_CONNECTION,0.9437,EXPECTED_SHARED_PROTOCOL,True,True,False,False,True,False,True,True,SOVT_GLIDE,SOVT_GLIDE
e8b8aa373520,HIGH_NOTE_CANNOT_REACH,REGISTER_CONNECTION_DIFFICULT,REGISTER_CONNECTION,REGISTER_CONNECTION,REGISTER_CONNECTION,REGISTER_CONNECTION,0.9407,EXPECTED_SHARED_PROTOCOL,True,True,False,False,True,False,True,True,SOVT_GLIDE,SOVT_GLIDE
e8b8aa373520,HIGH_NOTE_TOO_EFFORTFUL,HIGH_NOTE_FLIPS,REGISTER_CONNECTION,REGISTER_CONNECTION,REGISTER_CONNECTION,REGISTER_CONNECTION,0.9437,EXPECTED_SHARED_PROTOCOL,True,True,True,True,True,False,True,True,SOVT_GLIDE,SOVT_GLIDE
e8b8aa373520,HIGH_NOTE_TOO_EFFORTFUL,HIGH_NOTE_UNSTABLE,REGISTER_CONNECTION,REGISTER_CONNECTION,REGISTER_CONNECTION,REGISTER_CONNECTION,0.9487,EXPECTED_SHARED_PROTOCOL,True,True,True,True,True,False,True,True,SOVT_GLIDE,SOVT_GLIDE
e8b8aa373520,HIGH_NOTE_TOO_EFFORTFUL,THROAT_EFFORT,REGISTER_CONNECTION,REGISTER_CONNECTION,REGISTER_CONNECTION,REGISTER_CONNECTION,0.9356,EXPECTED_SHARED_PROTOCOL,True,True,True,False,True,False,True,True,SOVT_GLIDE,SOVT_GLIDE
e8b8aa373520,HIGH_NOTE_TOO_EFFORTFUL,LOUD_VOICE_DIFFICULT,REGISTER_CONNECTION,REGISTER_CONNECTION,REGISTER_CONNECTION,REGISTER_CONNECTION,0.9316,EXPECTED_SHARED_PROTOCOL,True,True,True,False,True,False,True,True,SOVT_GLIDE,SOVT_GLIDE
e8b8aa373520,HIGH_NOTE_TOO_EFFORTFUL,VOCAL_FATIGUE,REGISTER_CONNECTION,REGISTER_CONNECTION,REGISTER_CONNECTION,REGISTER_CONNECTION,0.9442,EXPECTED_SHARED_PROTOCOL,True,True,True,False,True,False,True,True,SOVT_GLIDE,SOVT_GLIDE
e8b8aa373520,HIGH_NOTE_TOO_EFFORTFUL,AFTER_SINGING_FATIGUE,REGISTER_CONNECTION,REGISTER_CONNECTION,REGISTER_CONNECTION,REGISTER_CONNECTION,0.9277,EXPECTED_SHARED_PROTOCOL,True,True,True,False,True,False,True,True,SOVT_GLIDE,SOVT_GLIDE
e8b8aa373520,HIGH_NOTE_TOO_EFFORTFUL,PITCH_UNSTABLE,REGISTER_CONNECTION,REGISTER_CONNECTION,REGISTER_CONNECTION,REGISTER_CONNECTION,0.9487,EXPECTED_SHARED_PROTOCOL,True,True,False,False,True,False,True,True,SOVT_GLIDE,SOVT_GLIDE
e8b8aa373520,HIGH_NOTE_TOO_EFFORTFUL,REGISTER_CONNECTION_DIFFICULT,REGISTER_CONNECTION,REGISTER_CONNECTION,REGISTER_CONNECTION,REGISTER_CONNECTION,0.9372,EXPECTED_SHARED_PROTOCOL,True,True,False,False,True,False,True,True,SOVT_GLIDE,SOVT_GLIDE
e8b8aa373520,HIGH_NOTE_FLIPS,HIGH_NOTE_UNSTABLE,REGISTER_CONNECTION,REGISTER_CONNECTION,REGISTER_CONNECTION,REGISTER_CONNECTION,0.9607,EXPECTED_SHARED_PROTOCOL,True,True,True,True,True,False,True,True,SOVT_GLIDE,SOVT_GLIDE
e8b8aa373520,HIGH_NOTE_FLIPS,THROAT_EFFORT,REGISTER_CONNECTION,REGISTER_CONNECTION,REGISTER_CONNECTION,REGISTER_CONNECTION,0.9386,EXPECTED_SHARED_PROTOCOL,True,True,True,False,True,False,True,True,SOVT_GLIDE,SOVT_GLIDE
e8b8aa373520,HIGH_NOTE_FLIPS,LOUD_VOICE_DIFFICULT,REGISTER_CONNECTION,REGISTER_CONNECTION,REGISTER_CONNECTION,REGISTER_CONNECTION,0.9432,EXPECTED_SHARED_PROTOCOL,True,True,True,False,True,False,True,True,SOVT_GLIDE,SOVT_GLIDE
e8b8aa373520,HIGH_NOTE_FLIPS,VOCAL_FATIGUE,REGISTER_CONNECTION,REGISTER_CONNECTION,REGISTER_CONNECTION,REGISTER_CONNECTION,0.9474,EXPECTED_SHARED_PROTOCOL,True,True,True,False,True,False,True,True,SOVT_GLIDE,SOVT_GLIDE
e8b8aa373520,HIGH_NOTE_FLIPS,AFTER_SINGING_FATIGUE,REGISTER_CONNECTION,REGISTER_CONNECTION,REGISTER_CONNECTION,REGISTER_CONNECTION,0.9565,EXPECTED_SHARED_PROTOCOL,True,True,True,False,True,False,True,True,SOVT_GLIDE,SOVT_GLIDE
e8b8aa373520,HIGH_NOTE_FLIPS,PITCH_UNSTABLE,REGISTER_CONNECTION,REGISTER_CONNECTION,REGISTER_CONNECTION,REGISTER_CONNECTION,0.952,EXPECTED_SHARED_PROTOCOL,True,True,False,False,True,False,True,True,SOVT_GLIDE,SOVT_GLIDE
e8b8aa373520,HIGH_NOTE_FLIPS,REGISTER_CONNECTION_DIFFICULT,REGISTER_CONNECTION,REGISTER_CONNECTION,REGISTER_CONNECTION,REGISTER_CONNECTION,0.9231,EXPECTED_SHARED_PROTOCOL,True,True,False,False,True,False,True,True,SOVT_GLIDE,SOVT_GLIDE
e8b8aa373520,HIGH_NOTE_UNSTABLE,THROAT_EFFORT,REGISTER_CONNECTION,REGISTER_CONNECTION,REGISTER_CONNECTION,REGISTER_CONNECTION,0.9351,EXPECTED_SHARED_PROTOCOL,True,True,True,False,True,False,True,True,SOVT_GLIDE,SOVT_GLIDE
e8b8aa373520,HIGH_NOTE_UNSTABLE,LOUD_VOICE_DIFFICULT,REGISTER_CONNECTION,REGISTER_CONNECTION,REGISTER_CONNECTION,REGISTER_CONNECTION,0.9397,EXPECTED_SHARED_PROTOCOL,True,True,True,False,True,False,True,True,SOVT_GLIDE,SOVT_GLIDE
e8b8aa373520,HIGH_NOTE_UNSTABLE,VOCAL_FATIGUE,REGISTER_CONNECTION,REGISTER_CONNECTION,REGISTER_CONNECTION,REGISTER_CONNECTION,0.9351,EXPECTED_SHARED_PROTOCOL,True,True,True,False,True,False,True,True,SOVT_GLIDE,SOVT_GLIDE
e8b8aa373520,HIGH_NOTE_UNSTABLE,AFTER_SINGING_FATIGUE,REGISTER_CONNECTION,REGISTER_CONNECTION,REGISTER_CONNECTION,REGISTER_CONNECTION,0.9442,EXPECTED_SHARED_PROTOCOL,True,True,True,False,True,False,True,True,SOVT_GLIDE,SOVT_GLIDE
e8b8aa373520,HIGH_NOTE_UNSTABLE,PITCH_UNSTABLE,REGISTER_CONNECTION,REGISTER_CONNECTION,REGISTER_CONNECTION,REGISTER_CONNECTION,0.9483,EXPECTED_SHARED_PROTOCOL,True,True,False,False,True,False,True,True,SOVT_GLIDE,SOVT_GLIDE
e8b8aa373520,HIGH_NOTE_UNSTABLE,REGISTER_CONNECTION_DIFFICULT,REGISTER_CONNECTION,REGISTER_CONNECTION,REGISTER_CONNECTION,REGISTER_CONNECTION,0.9367,EXPECTED_SHARED_PROTOCOL,True,True,False,False,True,False,True,True,SOVT_GLIDE,SOVT_GLIDE
e8b8aa373520,THROAT_EFFORT,LOUD_VOICE_DIFFICULT,REGISTER_CONNECTION,REGISTER_CONNECTION,REGISTER_CONNECTION,REGISTER_CONNECTION,0.9351,EXPECTED_SHARED_PROTOCOL,True,True,True,False,True,False,True,True,SOVT_GLIDE,SOVT_GLIDE
e8b8aa373520,THROAT_EFFORT,VOCAL_FATIGUE,REGISTER_CONNECTION,REGISTER_CONNECTION,REGISTER_CONNECTION,REGISTER_CONNECTION,0.9565,EXPECTED_SHARED_PROTOCOL,True,True,True,False,True,False,True,True,SOVT_GLIDE,SOVT_GLIDE
e8b8aa373520,THROAT_EFFORT,AFTER_SINGING_FATIGUE,REGISTER_CONNECTION,REGISTER_CONNECTION,REGISTER_CONNECTION,REGISTER_CONNECTION,0.931,EXPECTED_SHARED_PROTOCOL,True,True,True,False,True,False,True,True,SOVT_GLIDE,SOVT_GLIDE
e8b8aa373520,THROAT_EFFORT,PITCH_UNSTABLE,REGISTER_CONNECTION,REGISTER_CONNECTION,REGISTER_CONNECTION,REGISTER_CONNECTION,0.9437,EXPECTED_SHARED_PROTOCOL,True,True,False,False,True,False,True,True,SOVT_GLIDE,SOVT_GLIDE
e8b8aa373520,THROAT_EFFORT,REGISTER_CONNECTION_DIFFICULT,REGISTER_CONNECTION,REGISTER_CONNECTION,REGISTER_CONNECTION,REGISTER_CONNECTION,0.9407,EXPECTED_SHARED_PROTOCOL,True,True,False,False,True,False,True,True,SOVT_GLIDE,SOVT_GLIDE
e8b8aa373520,LOUD_VOICE_DIFFICULT,VOCAL_FATIGUE,REGISTER_CONNECTION,REGISTER_CONNECTION,REGISTER_CONNECTION,REGISTER_CONNECTION,0.9351,EXPECTED_SHARED_PROTOCOL,True,True,True,False,True,False,True,True,SOVT_GLIDE,SOVT_GLIDE
e8b8aa373520,LOUD_VOICE_DIFFICULT,AFTER_SINGING_FATIGUE,REGISTER_CONNECTION,REGISTER_CONNECTION,REGISTER_CONNECTION,REGISTER_CONNECTION,0.9356,EXPECTED_SHARED_PROTOCOL,True,True,True,False,True,False,True,True,SOVT_GLIDE,SOVT_GLIDE
e8b8aa373520,LOUD_VOICE_DIFFICULT,PITCH_UNSTABLE,REGISTER_CONNECTION,REGISTER_CONNECTION,REGISTER_CONNECTION,REGISTER_CONNECTION,0.931,EXPECTED_SHARED_PROTOCOL,True,True,False,False,True,False,True,True,SOVT_GLIDE,SOVT_GLIDE
e8b8aa373520,LOUD_VOICE_DIFFICULT,REGISTER_CONNECTION_DIFFICULT,REGISTER_CONNECTION,REGISTER_CONNECTION,REGISTER_CONNECTION,REGISTER_CONNECTION,0.9114,EXPECTED_SHARED_PROTOCOL,True,True,False,False,True,False,True,True,SOVT_GLIDE,SOVT_GLIDE
e8b8aa373520,VOCAL_FATIGUE,AFTER_SINGING_FATIGUE,REGISTER_CONNECTION,REGISTER_CONNECTION,REGISTER_CONNECTION,REGISTER_CONNECTION,0.9569,EXPECTED_SHARED_PROTOCOL,True,True,True,False,True,False,True,True,SOVT_GLIDE,SOVT_GLIDE
e8b8aa373520,VOCAL_FATIGUE,PITCH_UNSTABLE,REGISTER_CONNECTION,REGISTER_CONNECTION,REGISTER_CONNECTION,REGISTER_CONNECTION,0.9524,EXPECTED_SHARED_PROTOCOL,True,True,False,False,True,False,True,True,SOVT_GLIDE,SOVT_GLIDE
e8b8aa373520,VOCAL_FATIGUE,REGISTER_CONNECTION_DIFFICULT,REGISTER_CONNECTION,REGISTER_CONNECTION,REGISTER_CONNECTION,REGISTER_CONNECTION,0.9237,EXPECTED_SHARED_PROTOCOL,True,True,False,False,True,False,True,True,SOVT_GLIDE,SOVT_GLIDE
e8b8aa373520,AFTER_SINGING_FATIGUE,PITCH_UNSTABLE,REGISTER_CONNECTION,REGISTER_CONNECTION,REGISTER_CONNECTION,REGISTER_CONNECTION,0.927,EXPECTED_SHARED_PROTOCOL,True,True,False,False,True,False,True,True,SOVT_GLIDE,SOVT_GLIDE
e8b8aa373520,AFTER_SINGING_FATIGUE,REGISTER_CONNECTION_DIFFICULT,REGISTER_CONNECTION,REGISTER_CONNECTION,REGISTER_CONNECTION,REGISTER_CONNECTION,0.916,EXPECTED_SHARED_PROTOCOL,True,True,False,False,True,False,True,True,SOVT_GLIDE,SOVT_GLIDE
e8b8aa373520,VOICE_TOO_BREATHY,VOICE_ROUGH,BREATHINESS,BREATHINESS,BREATHINESS,BREATHINESS,0.8857,EXPECTED_SHARED_PROTOCOL,True,True,True,True,True,False,True,True,SUSTAIN_HOLD,SUSTAIN_HOLD
e8b8aa373520,PITCH_UNSTABLE,REGISTER_CONNECTION_DIFFICULT,REGISTER_CONNECTION,REGISTER_CONNECTION,REGISTER_CONNECTION,REGISTER_CONNECTION,0.9367,EXPECTED_SHARED_PROTOCOL,True,True,True,False,True,False,True,True,SOVT_GLIDE,SOVT_GLIDE
ec93548d279f,HIGH_NOTE_TOO_EFFORTFUL,HIGH_NOTE_FLIPS,REGISTER_CONNECTION,REGISTER_CONNECTION,REGISTER_CONNECTION,REGISTER_CONNECTION,0.9437,EXPECTED_SHARED_PROTOCOL,True,True,True,True,True,False,True,True,SOVT_GLIDE,SOVT_GLIDE
ec93548d279f,HIGH_NOTE_UNSTABLE,PITCH_UNSTABLE,STABILITY,STABILITY,STABILITY,STABILITY,0.9048,EXPECTED_SHARED_PROTOCOL,True,True,False,False,True,False,True,True,SUSTAIN_HOLD,SUSTAIN_HOLD
ec93548d279f,HIGH_NOTE_UNSTABLE,REGISTER_CONNECTION_DIFFICULT,STABILITY,STABILITY,STABILITY,STABILITY,0.8855,EXPECTED_SHARED_PROTOCOL,True,True,False,False,True,False,True,True,SUSTAIN_HOLD,SUSTAIN_HOLD
ec93548d279f,THROAT_EFFORT,LOUD_VOICE_DIFFICULT,EFFORT,EFFORT,MAINTAIN,MAINTAIN,0.8819,EXPECTED_SHARED_PROTOCOL,True,True,True,False,True,False,True,True,SUSTAIN_HOLD,SUSTAIN_HOLD
ec93548d279f,THROAT_EFFORT,VOCAL_FATIGUE,EFFORT,EFFORT,MAINTAIN,MAINTAIN,0.9206,EXPECTED_SHARED_PROTOCOL,True,True,True,False,True,False,True,True,SUSTAIN_HOLD,SUSTAIN_HOLD
ec93548d279f,LOUD_VOICE_DIFFICULT,VOCAL_FATIGUE,EFFORT,EFFORT,MAINTAIN,MAINTAIN,0.8819,EXPECTED_SHARED_PROTOCOL,True,True,True,False,True,False,True,True,SUSTAIN_HOLD,SUSTAIN_HOLD
ec93548d279f,LOUD_VOICE_DIFFICULT,AFTER_SINGING_FATIGUE,EFFORT,EFFORT,MAINTAIN,MAINTAIN,0.8837,EXPECTED_SHARED_PROTOCOL,True,True,True,False,True,False,True,True,SUSTAIN_HOLD,SUSTAIN_HOLD
ec93548d279f,VOCAL_FATIGUE,AFTER_SINGING_FATIGUE,EFFORT,EFFORT,MAINTAIN,MAINTAIN,0.9219,EXPECTED_SHARED_PROTOCOL,True,True,True,False,True,False,True,True,SUSTAIN_HOLD,SUSTAIN_HOLD
ec93548d279f,PITCH_UNSTABLE,REGISTER_CONNECTION_DIFFICULT,STABILITY,STABILITY,STABILITY,STABILITY,0.8855,EXPECTED_SHARED_PROTOCOL,True,True,True,False,True,False,True,True,SUSTAIN_HOLD,SUSTAIN_HOLD
ed401e191813,HIGH_NOTE_CANNOT_REACH,HIGH_NOTE_TOO_EFFORTFUL,REGISTER_CONNECTION,REGISTER_CONNECTION,REGISTER_CONNECTION,REGISTER_CONNECTION,0.9442,EXPECTED_SHARED_PROTOCOL,True,True,True,True,True,False,True,True,SOVT_GLIDE,SOVT_GLIDE
ed401e191813,HIGH_NOTE_CANNOT_REACH,HIGH_NOTE_FLIPS,REGISTER_CONNECTION,REGISTER_CONNECTION,REGISTER_CONNECTION,REGISTER_CONNECTION,0.9561,EXPECTED_SHARED_PROTOCOL,True,True,True,True,True,False,True,True,SOVT_GLIDE,SOVT_GLIDE
ed401e191813,HIGH_NOTE_CANNOT_REACH,HIGH_NOTE_UNSTABLE,REGISTER_CONNECTION,REGISTER_CONNECTION,REGISTER_CONNECTION,REGISTER_CONNECTION,0.9697,EXPECTED_SHARED_PROTOCOL,True,True,True,True,True,False,True,True,SOVT_GLIDE,SOVT_GLIDE
ed401e191813,HIGH_NOTE_CANNOT_REACH,THROAT_EFFORT,REGISTER_CONNECTION,REGISTER_CONNECTION,REGISTER_CONNECTION,REGISTER_CONNECTION,0.9391,EXPECTED_SHARED_PROTOCOL,True,True,True,False,True,False,True,True,SOVT_GLIDE,SOVT_GLIDE
ed401e191813,HIGH_NOTE_CANNOT_REACH,LOUD_VOICE_DIFFICULT,REGISTER_CONNECTION,REGISTER_CONNECTION,REGISTER_CONNECTION,REGISTER_CONNECTION,0.9524,EXPECTED_SHARED_PROTOCOL,True,True,True,False,True,False,True,True,SOVT_GLIDE,SOVT_GLIDE
ed401e191813,HIGH_NOTE_CANNOT_REACH,VOCAL_FATIGUE,REGISTER_CONNECTION,REGISTER_CONNECTION,REGISTER_CONNECTION,REGISTER_CONNECTION,0.9391,EXPECTED_SHARED_PROTOCOL,True,True,True,False,True,False,True,True,SOVT_GLIDE,SOVT_GLIDE
ed401e191813,HIGH_NOTE_CANNOT_REACH,AFTER_SINGING_FATIGUE,REGISTER_CONNECTION,REGISTER_CONNECTION,REGISTER_CONNECTION,REGISTER_CONNECTION,0.9397,EXPECTED_SHARED_PROTOCOL,True,True,True,False,True,False,True,True,SOVT_GLIDE,SOVT_GLIDE
ed401e191813,HIGH_NOTE_CANNOT_REACH,PITCH_UNSTABLE,REGISTER_CONNECTION,REGISTER_CONNECTION,REGISTER_CONNECTION,REGISTER_CONNECTION,0.9437,EXPECTED_SHARED_PROTOCOL,True,True,False,False,True,False,True,True,SOVT_GLIDE,SOVT_GLIDE
ed401e191813,HIGH_NOTE_CANNOT_REACH,REGISTER_CONNECTION_DIFFICULT,REGISTER_CONNECTION,REGISTER_CONNECTION,REGISTER_CONNECTION,REGISTER_CONNECTION,0.9407,EXPECTED_SHARED_PROTOCOL,True,True,False,False,True,False,True,True,SOVT_GLIDE,SOVT_GLIDE
ed401e191813,HIGH_NOTE_TOO_EFFORTFUL,HIGH_NOTE_FLIPS,REGISTER_CONNECTION,REGISTER_CONNECTION,REGISTER_CONNECTION,REGISTER_CONNECTION,0.9437,EXPECTED_SHARED_PROTOCOL,True,True,True,True,True,False,True,True,SOVT_GLIDE,SOVT_GLIDE
ed401e191813,HIGH_NOTE_TOO_EFFORTFUL,HIGH_NOTE_UNSTABLE,REGISTER_CONNECTION,REGISTER_CONNECTION,REGISTER_CONNECTION,REGISTER_CONNECTION,0.9487,EXPECTED_SHARED_PROTOCOL,True,True,True,True,True,False,True,True,SOVT_GLIDE,SOVT_GLIDE
ed401e191813,HIGH_NOTE_TOO_EFFORTFUL,THROAT_EFFORT,REGISTER_CONNECTION,REGISTER_CONNECTION,REGISTER_CONNECTION,REGISTER_CONNECTION,0.9356,EXPECTED_SHARED_PROTOCOL,True,True,True,False,True,False,True,True,SOVT_GLIDE,SOVT_GLIDE
ed401e191813,HIGH_NOTE_TOO_EFFORTFUL,LOUD_VOICE_DIFFICULT,REGISTER_CONNECTION,REGISTER_CONNECTION,REGISTER_CONNECTION,REGISTER_CONNECTION,0.9316,EXPECTED_SHARED_PROTOCOL,True,True,True,False,True,False,True,True,SOVT_GLIDE,SOVT_GLIDE
ed401e191813,HIGH_NOTE_TOO_EFFORTFUL,VOCAL_FATIGUE,REGISTER_CONNECTION,REGISTER_CONNECTION,REGISTER_CONNECTION,REGISTER_CONNECTION,0.9442,EXPECTED_SHARED_PROTOCOL,True,True,True,False,True,False,True,True,SOVT_GLIDE,SOVT_GLIDE
ed401e191813,HIGH_NOTE_TOO_EFFORTFUL,AFTER_SINGING_FATIGUE,REGISTER_CONNECTION,REGISTER_CONNECTION,REGISTER_CONNECTION,REGISTER_CONNECTION,0.9277,EXPECTED_SHARED_PROTOCOL,True,True,True,False,True,False,True,True,SOVT_GLIDE,SOVT_GLIDE
ed401e191813,HIGH_NOTE_TOO_EFFORTFUL,PITCH_UNSTABLE,REGISTER_CONNECTION,REGISTER_CONNECTION,REGISTER_CONNECTION,REGISTER_CONNECTION,0.9487,EXPECTED_SHARED_PROTOCOL,True,True,False,False,True,False,True,True,SOVT_GLIDE,SOVT_GLIDE
ed401e191813,HIGH_NOTE_TOO_EFFORTFUL,REGISTER_CONNECTION_DIFFICULT,REGISTER_CONNECTION,REGISTER_CONNECTION,REGISTER_CONNECTION,REGISTER_CONNECTION,0.9372,EXPECTED_SHARED_PROTOCOL,True,True,False,False,True,False,True,True,SOVT_GLIDE,SOVT_GLIDE
ed401e191813,HIGH_NOTE_FLIPS,HIGH_NOTE_UNSTABLE,REGISTER_CONNECTION,REGISTER_CONNECTION,REGISTER_CONNECTION,REGISTER_CONNECTION,0.9607,EXPECTED_SHARED_PROTOCOL,True,True,True,True,True,False,True,True,SOVT_GLIDE,SOVT_GLIDE
ed401e191813,HIGH_NOTE_FLIPS,THROAT_EFFORT,REGISTER_CONNECTION,REGISTER_CONNECTION,REGISTER_CONNECTION,REGISTER_CONNECTION,0.9386,EXPECTED_SHARED_PROTOCOL,True,True,True,False,True,False,True,True,SOVT_GLIDE,SOVT_GLIDE
ed401e191813,HIGH_NOTE_FLIPS,LOUD_VOICE_DIFFICULT,REGISTER_CONNECTION,REGISTER_CONNECTION,REGISTER_CONNECTION,REGISTER_CONNECTION,0.9432,EXPECTED_SHARED_PROTOCOL,True,True,True,False,True,False,True,True,SOVT_GLIDE,SOVT_GLIDE
ed401e191813,HIGH_NOTE_FLIPS,VOCAL_FATIGUE,REGISTER_CONNECTION,REGISTER_CONNECTION,REGISTER_CONNECTION,REGISTER_CONNECTION,0.9474,EXPECTED_SHARED_PROTOCOL,True,True,True,False,True,False,True,True,SOVT_GLIDE,SOVT_GLIDE
ed401e191813,HIGH_NOTE_FLIPS,AFTER_SINGING_FATIGUE,REGISTER_CONNECTION,REGISTER_CONNECTION,REGISTER_CONNECTION,REGISTER_CONNECTION,0.9565,EXPECTED_SHARED_PROTOCOL,True,True,True,False,True,False,True,True,SOVT_GLIDE,SOVT_GLIDE
ed401e191813,HIGH_NOTE_FLIPS,PITCH_UNSTABLE,REGISTER_CONNECTION,REGISTER_CONNECTION,REGISTER_CONNECTION,REGISTER_CONNECTION,0.952,EXPECTED_SHARED_PROTOCOL,True,True,False,False,True,False,True,True,SOVT_GLIDE,SOVT_GLIDE
ed401e191813,HIGH_NOTE_FLIPS,REGISTER_CONNECTION_DIFFICULT,REGISTER_CONNECTION,REGISTER_CONNECTION,REGISTER_CONNECTION,REGISTER_CONNECTION,0.9231,EXPECTED_SHARED_PROTOCOL,True,True,False,False,True,False,True,True,SOVT_GLIDE,SOVT_GLIDE
ed401e191813,HIGH_NOTE_UNSTABLE,THROAT_EFFORT,REGISTER_CONNECTION,REGISTER_CONNECTION,REGISTER_CONNECTION,REGISTER_CONNECTION,0.9351,EXPECTED_SHARED_PROTOCOL,True,True,True,False,True,False,True,True,SOVT_GLIDE,SOVT_GLIDE
ed401e191813,HIGH_NOTE_UNSTABLE,LOUD_VOICE_DIFFICULT,REGISTER_CONNECTION,REGISTER_CONNECTION,REGISTER_CONNECTION,REGISTER_CONNECTION,0.9397,EXPECTED_SHARED_PROTOCOL,True,True,True,False,True,False,True,True,SOVT_GLIDE,SOVT_GLIDE
ed401e191813,HIGH_NOTE_UNSTABLE,VOCAL_FATIGUE,REGISTER_CONNECTION,REGISTER_CONNECTION,REGISTER_CONNECTION,REGISTER_CONNECTION,0.9351,EXPECTED_SHARED_PROTOCOL,True,True,True,False,True,False,True,True,SOVT_GLIDE,SOVT_GLIDE
ed401e191813,HIGH_NOTE_UNSTABLE,AFTER_SINGING_FATIGUE,REGISTER_CONNECTION,REGISTER_CONNECTION,REGISTER_CONNECTION,REGISTER_CONNECTION,0.9442,EXPECTED_SHARED_PROTOCOL,True,True,True,False,True,False,True,True,SOVT_GLIDE,SOVT_GLIDE
ed401e191813,HIGH_NOTE_UNSTABLE,PITCH_UNSTABLE,REGISTER_CONNECTION,REGISTER_CONNECTION,REGISTER_CONNECTION,REGISTER_CONNECTION,0.9483,EXPECTED_SHARED_PROTOCOL,True,True,False,False,True,False,True,True,SOVT_GLIDE,SOVT_GLIDE
ed401e191813,HIGH_NOTE_UNSTABLE,REGISTER_CONNECTION_DIFFICULT,REGISTER_CONNECTION,REGISTER_CONNECTION,REGISTER_CONNECTION,REGISTER_CONNECTION,0.9367,EXPECTED_SHARED_PROTOCOL,True,True,False,False,True,False,True,True,SOVT_GLIDE,SOVT_GLIDE
ed401e191813,THROAT_EFFORT,LOUD_VOICE_DIFFICULT,REGISTER_CONNECTION,REGISTER_CONNECTION,REGISTER_CONNECTION,REGISTER_CONNECTION,0.9351,EXPECTED_SHARED_PROTOCOL,True,True,True,False,True,False,True,True,SOVT_GLIDE,SOVT_GLIDE
ed401e191813,THROAT_EFFORT,VOCAL_FATIGUE,REGISTER_CONNECTION,REGISTER_CONNECTION,REGISTER_CONNECTION,REGISTER_CONNECTION,0.9565,EXPECTED_SHARED_PROTOCOL,True,True,True,False,True,False,True,True,SOVT_GLIDE,SOVT_GLIDE
ed401e191813,THROAT_EFFORT,AFTER_SINGING_FATIGUE,REGISTER_CONNECTION,REGISTER_CONNECTION,REGISTER_CONNECTION,REGISTER_CONNECTION,0.931,EXPECTED_SHARED_PROTOCOL,True,True,True,False,True,False,True,True,SOVT_GLIDE,SOVT_GLIDE
ed401e191813,THROAT_EFFORT,PITCH_UNSTABLE,REGISTER_CONNECTION,REGISTER_CONNECTION,REGISTER_CONNECTION,REGISTER_CONNECTION,0.9437,EXPECTED_SHARED_PROTOCOL,True,True,False,False,True,False,True,True,SOVT_GLIDE,SOVT_GLIDE
ed401e191813,THROAT_EFFORT,REGISTER_CONNECTION_DIFFICULT,REGISTER_CONNECTION,REGISTER_CONNECTION,REGISTER_CONNECTION,REGISTER_CONNECTION,0.9407,EXPECTED_SHARED_PROTOCOL,True,True,False,False,True,False,True,True,SOVT_GLIDE,SOVT_GLIDE
ed401e191813,LOUD_VOICE_DIFFICULT,VOCAL_FATIGUE,REGISTER_CONNECTION,REGISTER_CONNECTION,REGISTER_CONNECTION,REGISTER_CONNECTION,0.9351,EXPECTED_SHARED_PROTOCOL,True,True,True,False,True,False,True,True,SOVT_GLIDE,SOVT_GLIDE
ed401e191813,LOUD_VOICE_DIFFICULT,AFTER_SINGING_FATIGUE,REGISTER_CONNECTION,REGISTER_CONNECTION,REGISTER_CONNECTION,REGISTER_CONNECTION,0.9356,EXPECTED_SHARED_PROTOCOL,True,True,True,False,True,False,True,True,SOVT_GLIDE,SOVT_GLIDE
ed401e191813,LOUD_VOICE_DIFFICULT,PITCH_UNSTABLE,REGISTER_CONNECTION,REGISTER_CONNECTION,REGISTER_CONNECTION,REGISTER_CONNECTION,0.931,EXPECTED_SHARED_PROTOCOL,True,True,False,False,True,False,True,True,SOVT_GLIDE,SOVT_GLIDE
ed401e191813,LOUD_VOICE_DIFFICULT,REGISTER_CONNECTION_DIFFICULT,REGISTER_CONNECTION,REGISTER_CONNECTION,REGISTER_CONNECTION,REGISTER_CONNECTION,0.9114,EXPECTED_SHARED_PROTOCOL,True,True,False,False,True,False,True,True,SOVT_GLIDE,SOVT_GLIDE
ed401e191813,VOCAL_FATIGUE,AFTER_SINGING_FATIGUE,REGISTER_CONNECTION,REGISTER_CONNECTION,REGISTER_CONNECTION,REGISTER_CONNECTION,0.9569,EXPECTED_SHARED_PROTOCOL,True,True,True,False,True,False,True,True,SOVT_GLIDE,SOVT_GLIDE
ed401e191813,VOCAL_FATIGUE,PITCH_UNSTABLE,REGISTER_CONNECTION,REGISTER_CONNECTION,REGISTER_CONNECTION,REGISTER_CONNECTION,0.9524,EXPECTED_SHARED_PROTOCOL,True,True,False,False,True,False,True,True,SOVT_GLIDE,SOVT_GLIDE
ed401e191813,VOCAL_FATIGUE,REGISTER_CONNECTION_DIFFICULT,REGISTER_CONNECTION,REGISTER_CONNECTION,REGISTER_CONNECTION,REGISTER_CONNECTION,0.9237,EXPECTED_SHARED_PROTOCOL,True,True,False,False,True,False,True,True,SOVT_GLIDE,SOVT_GLIDE
ed401e191813,AFTER_SINGING_FATIGUE,PITCH_UNSTABLE,REGISTER_CONNECTION,REGISTER_CONNECTION,REGISTER_CONNECTION,REGISTER_CONNECTION,0.927,EXPECTED_SHARED_PROTOCOL,True,True,False,False,True,False,True,True,SOVT_GLIDE,SOVT_GLIDE
ed401e191813,AFTER_SINGING_FATIGUE,REGISTER_CONNECTION_DIFFICULT,REGISTER_CONNECTION,REGISTER_CONNECTION,REGISTER_CONNECTION,REGISTER_CONNECTION,0.916,EXPECTED_SHARED_PROTOCOL,True,True,False,False,True,False,True,True,SOVT_GLIDE,SOVT_GLIDE
ed401e191813,PITCH_UNSTABLE,REGISTER_CONNECTION_DIFFICULT,REGISTER_CONNECTION,REGISTER_CONNECTION,REGISTER_CONNECTION,REGISTER_CONNECTION,0.9367,EXPECTED_SHARED_PROTOCOL,True,True,True,False,True,False,True,True,SOVT_GLIDE,SOVT_GLIDE
ee4a74e09cc1,HIGH_NOTE_TOO_EFFORTFUL,HIGH_NOTE_FLIPS,REGISTER_CONNECTION,REGISTER_CONNECTION,REGISTER_CONNECTION,REGISTER_CONNECTION,0.9437,EXPECTED_SHARED_PROTOCOL,True,True,True,True,True,False,True,True,SOVT_GLIDE,SOVT_GLIDE
ee4a74e09cc1,HIGH_NOTE_UNSTABLE,PITCH_UNSTABLE,STABILITY,STABILITY,STABILITY,STABILITY,0.9048,EXPECTED_SHARED_PROTOCOL,True,True,False,False,True,False,True,True,SUSTAIN_HOLD,SUSTAIN_HOLD
ee4a74e09cc1,HIGH_NOTE_UNSTABLE,REGISTER_CONNECTION_DIFFICULT,STABILITY,STABILITY,STABILITY,STABILITY,0.8855,EXPECTED_SHARED_PROTOCOL,True,True,False,False,True,False,True,True,SUSTAIN_HOLD,SUSTAIN_HOLD
ee4a74e09cc1,THROAT_EFFORT,LOUD_VOICE_DIFFICULT,EFFORT,EFFORT,MAINTAIN,MAINTAIN,0.8819,EXPECTED_SHARED_PROTOCOL,True,True,True,False,True,False,True,True,SUSTAIN_HOLD,SUSTAIN_HOLD
ee4a74e09cc1,THROAT_EFFORT,VOCAL_FATIGUE,EFFORT,EFFORT,MAINTAIN,MAINTAIN,0.9206,EXPECTED_SHARED_PROTOCOL,True,True,True,False,True,False,True,True,SUSTAIN_HOLD,SUSTAIN_HOLD
ee4a74e09cc1,LOUD_VOICE_DIFFICULT,VOCAL_FATIGUE,EFFORT,EFFORT,MAINTAIN,MAINTAIN,0.8819,EXPECTED_SHARED_PROTOCOL,True,True,True,False,True,False,True,True,SUSTAIN_HOLD,SUSTAIN_HOLD
ee4a74e09cc1,LOUD_VOICE_DIFFICULT,AFTER_SINGING_FATIGUE,EFFORT,EFFORT,MAINTAIN,MAINTAIN,0.8837,EXPECTED_SHARED_PROTOCOL,True,True,True,False,True,False,True,True,SUSTAIN_HOLD,SUSTAIN_HOLD
ee4a74e09cc1,VOCAL_FATIGUE,AFTER_SINGING_FATIGUE,EFFORT,EFFORT,MAINTAIN,MAINTAIN,0.9219,EXPECTED_SHARED_PROTOCOL,True,True,True,False,True,False,True,True,SUSTAIN_HOLD,SUSTAIN_HOLD
ee4a74e09cc1,PITCH_UNSTABLE,REGISTER_CONNECTION_DIFFICULT,STABILITY,STABILITY,STABILITY,STABILITY,0.8855,EXPECTED_SHARED_PROTOCOL,True,True,True,False,True,False,True,True,SUSTAIN_HOLD,SUSTAIN_HOLD
f17b7f4ff446,HIGH_NOTE_CANNOT_REACH,HIGH_NOTE_TOO_EFFORTFUL,REGISTER_CONNECTION,REGISTER_CONNECTION,REGISTER_CONNECTION,REGISTER_CONNECTION,0.9442,EXPECTED_SHARED_PROTOCOL,True,True,True,True,True,False,True,True,SOVT_GLIDE,SOVT_GLIDE
f17b7f4ff446,HIGH_NOTE_CANNOT_REACH,HIGH_NOTE_FLIPS,REGISTER_CONNECTION,REGISTER_CONNECTION,REGISTER_CONNECTION,REGISTER_CONNECTION,0.9561,EXPECTED_SHARED_PROTOCOL,True,True,True,True,True,False,True,True,SOVT_GLIDE,SOVT_GLIDE
f17b7f4ff446,HIGH_NOTE_CANNOT_REACH,HIGH_NOTE_UNSTABLE,REGISTER_CONNECTION,REGISTER_CONNECTION,REGISTER_CONNECTION,REGISTER_CONNECTION,0.9697,EXPECTED_SHARED_PROTOCOL,True,True,True,True,True,False,True,True,SOVT_GLIDE,SOVT_GLIDE
f17b7f4ff446,HIGH_NOTE_CANNOT_REACH,THROAT_EFFORT,REGISTER_CONNECTION,REGISTER_CONNECTION,REGISTER_CONNECTION,REGISTER_CONNECTION,0.9391,EXPECTED_SHARED_PROTOCOL,True,True,True,False,True,False,True,True,SOVT_GLIDE,SOVT_GLIDE
f17b7f4ff446,HIGH_NOTE_CANNOT_REACH,LOUD_VOICE_DIFFICULT,REGISTER_CONNECTION,REGISTER_CONNECTION,REGISTER_CONNECTION,REGISTER_CONNECTION,0.9524,EXPECTED_SHARED_PROTOCOL,True,True,True,False,True,False,True,True,SOVT_GLIDE,SOVT_GLIDE
f17b7f4ff446,HIGH_NOTE_CANNOT_REACH,VOCAL_FATIGUE,REGISTER_CONNECTION,REGISTER_CONNECTION,REGISTER_CONNECTION,REGISTER_CONNECTION,0.9391,EXPECTED_SHARED_PROTOCOL,True,True,True,False,True,False,True,True,SOVT_GLIDE,SOVT_GLIDE
f17b7f4ff446,HIGH_NOTE_CANNOT_REACH,AFTER_SINGING_FATIGUE,REGISTER_CONNECTION,REGISTER_CONNECTION,REGISTER_CONNECTION,REGISTER_CONNECTION,0.9397,EXPECTED_SHARED_PROTOCOL,True,True,True,False,True,False,True,True,SOVT_GLIDE,SOVT_GLIDE
f17b7f4ff446,HIGH_NOTE_CANNOT_REACH,PITCH_UNSTABLE,REGISTER_CONNECTION,REGISTER_CONNECTION,REGISTER_CONNECTION,REGISTER_CONNECTION,0.9437,EXPECTED_SHARED_PROTOCOL,True,True,False,False,True,False,True,True,SOVT_GLIDE,SOVT_GLIDE
f17b7f4ff446,HIGH_NOTE_CANNOT_REACH,REGISTER_CONNECTION_DIFFICULT,REGISTER_CONNECTION,REGISTER_CONNECTION,REGISTER_CONNECTION,REGISTER_CONNECTION,0.9407,EXPECTED_SHARED_PROTOCOL,True,True,False,False,True,False,True,True,SOVT_GLIDE,SOVT_GLIDE
f17b7f4ff446,HIGH_NOTE_TOO_EFFORTFUL,HIGH_NOTE_FLIPS,REGISTER_CONNECTION,REGISTER_CONNECTION,REGISTER_CONNECTION,REGISTER_CONNECTION,0.9437,EXPECTED_SHARED_PROTOCOL,True,True,True,True,True,False,True,True,SOVT_GLIDE,SOVT_GLIDE
f17b7f4ff446,HIGH_NOTE_TOO_EFFORTFUL,HIGH_NOTE_UNSTABLE,REGISTER_CONNECTION,REGISTER_CONNECTION,REGISTER_CONNECTION,REGISTER_CONNECTION,0.9487,EXPECTED_SHARED_PROTOCOL,True,True,True,True,True,False,True,True,SOVT_GLIDE,SOVT_GLIDE
f17b7f4ff446,HIGH_NOTE_TOO_EFFORTFUL,THROAT_EFFORT,REGISTER_CONNECTION,REGISTER_CONNECTION,REGISTER_CONNECTION,REGISTER_CONNECTION,0.9356,EXPECTED_SHARED_PROTOCOL,True,True,True,False,True,False,True,True,SOVT_GLIDE,SOVT_GLIDE
f17b7f4ff446,HIGH_NOTE_TOO_EFFORTFUL,LOUD_VOICE_DIFFICULT,REGISTER_CONNECTION,REGISTER_CONNECTION,REGISTER_CONNECTION,REGISTER_CONNECTION,0.9316,EXPECTED_SHARED_PROTOCOL,True,True,True,False,True,False,True,True,SOVT_GLIDE,SOVT_GLIDE
f17b7f4ff446,HIGH_NOTE_TOO_EFFORTFUL,VOCAL_FATIGUE,REGISTER_CONNECTION,REGISTER_CONNECTION,REGISTER_CONNECTION,REGISTER_CONNECTION,0.9442,EXPECTED_SHARED_PROTOCOL,True,True,True,False,True,False,True,True,SOVT_GLIDE,SOVT_GLIDE
f17b7f4ff446,HIGH_NOTE_TOO_EFFORTFUL,AFTER_SINGING_FATIGUE,REGISTER_CONNECTION,REGISTER_CONNECTION,REGISTER_CONNECTION,REGISTER_CONNECTION,0.9277,EXPECTED_SHARED_PROTOCOL,True,True,True,False,True,False,True,True,SOVT_GLIDE,SOVT_GLIDE
f17b7f4ff446,HIGH_NOTE_TOO_EFFORTFUL,PITCH_UNSTABLE,REGISTER_CONNECTION,REGISTER_CONNECTION,REGISTER_CONNECTION,REGISTER_CONNECTION,0.9487,EXPECTED_SHARED_PROTOCOL,True,True,False,False,True,False,True,True,SOVT_GLIDE,SOVT_GLIDE
f17b7f4ff446,HIGH_NOTE_TOO_EFFORTFUL,REGISTER_CONNECTION_DIFFICULT,REGISTER_CONNECTION,REGISTER_CONNECTION,REGISTER_CONNECTION,REGISTER_CONNECTION,0.9372,EXPECTED_SHARED_PROTOCOL,True,True,False,False,True,False,True,True,SOVT_GLIDE,SOVT_GLIDE
f17b7f4ff446,HIGH_NOTE_FLIPS,HIGH_NOTE_UNSTABLE,REGISTER_CONNECTION,REGISTER_CONNECTION,REGISTER_CONNECTION,REGISTER_CONNECTION,0.9607,EXPECTED_SHARED_PROTOCOL,True,True,True,True,True,False,True,True,SOVT_GLIDE,SOVT_GLIDE
f17b7f4ff446,HIGH_NOTE_FLIPS,THROAT_EFFORT,REGISTER_CONNECTION,REGISTER_CONNECTION,REGISTER_CONNECTION,REGISTER_CONNECTION,0.9386,EXPECTED_SHARED_PROTOCOL,True,True,True,False,True,False,True,True,SOVT_GLIDE,SOVT_GLIDE
f17b7f4ff446,HIGH_NOTE_FLIPS,LOUD_VOICE_DIFFICULT,REGISTER_CONNECTION,REGISTER_CONNECTION,REGISTER_CONNECTION,REGISTER_CONNECTION,0.9432,EXPECTED_SHARED_PROTOCOL,True,True,True,False,True,False,True,True,SOVT_GLIDE,SOVT_GLIDE
f17b7f4ff446,HIGH_NOTE_FLIPS,VOCAL_FATIGUE,REGISTER_CONNECTION,REGISTER_CONNECTION,REGISTER_CONNECTION,REGISTER_CONNECTION,0.9474,EXPECTED_SHARED_PROTOCOL,True,True,True,False,True,False,True,True,SOVT_GLIDE,SOVT_GLIDE
f17b7f4ff446,HIGH_NOTE_FLIPS,AFTER_SINGING_FATIGUE,REGISTER_CONNECTION,REGISTER_CONNECTION,REGISTER_CONNECTION,REGISTER_CONNECTION,0.9565,EXPECTED_SHARED_PROTOCOL,True,True,True,False,True,False,True,True,SOVT_GLIDE,SOVT_GLIDE
f17b7f4ff446,HIGH_NOTE_FLIPS,PITCH_UNSTABLE,REGISTER_CONNECTION,REGISTER_CONNECTION,REGISTER_CONNECTION,REGISTER_CONNECTION,0.952,EXPECTED_SHARED_PROTOCOL,True,True,False,False,True,False,True,True,SOVT_GLIDE,SOVT_GLIDE
f17b7f4ff446,HIGH_NOTE_FLIPS,REGISTER_CONNECTION_DIFFICULT,REGISTER_CONNECTION,REGISTER_CONNECTION,REGISTER_CONNECTION,REGISTER_CONNECTION,0.9231,EXPECTED_SHARED_PROTOCOL,True,True,False,False,True,False,True,True,SOVT_GLIDE,SOVT_GLIDE
f17b7f4ff446,HIGH_NOTE_UNSTABLE,THROAT_EFFORT,REGISTER_CONNECTION,REGISTER_CONNECTION,REGISTER_CONNECTION,REGISTER_CONNECTION,0.9351,EXPECTED_SHARED_PROTOCOL,True,True,True,False,True,False,True,True,SOVT_GLIDE,SOVT_GLIDE
f17b7f4ff446,HIGH_NOTE_UNSTABLE,LOUD_VOICE_DIFFICULT,REGISTER_CONNECTION,REGISTER_CONNECTION,REGISTER_CONNECTION,REGISTER_CONNECTION,0.9397,EXPECTED_SHARED_PROTOCOL,True,True,True,False,True,False,True,True,SOVT_GLIDE,SOVT_GLIDE
f17b7f4ff446,HIGH_NOTE_UNSTABLE,VOCAL_FATIGUE,REGISTER_CONNECTION,REGISTER_CONNECTION,REGISTER_CONNECTION,REGISTER_CONNECTION,0.9351,EXPECTED_SHARED_PROTOCOL,True,True,True,False,True,False,True,True,SOVT_GLIDE,SOVT_GLIDE
f17b7f4ff446,HIGH_NOTE_UNSTABLE,AFTER_SINGING_FATIGUE,REGISTER_CONNECTION,REGISTER_CONNECTION,REGISTER_CONNECTION,REGISTER_CONNECTION,0.9442,EXPECTED_SHARED_PROTOCOL,True,True,True,False,True,False,True,True,SOVT_GLIDE,SOVT_GLIDE
f17b7f4ff446,HIGH_NOTE_UNSTABLE,PITCH_UNSTABLE,REGISTER_CONNECTION,REGISTER_CONNECTION,REGISTER_CONNECTION,REGISTER_CONNECTION,0.9483,EXPECTED_SHARED_PROTOCOL,True,True,False,False,True,False,True,True,SOVT_GLIDE,SOVT_GLIDE
f17b7f4ff446,HIGH_NOTE_UNSTABLE,REGISTER_CONNECTION_DIFFICULT,REGISTER_CONNECTION,REGISTER_CONNECTION,REGISTER_CONNECTION,REGISTER_CONNECTION,0.9367,EXPECTED_SHARED_PROTOCOL,True,True,False,False,True,False,True,True,SOVT_GLIDE,SOVT_GLIDE
f17b7f4ff446,THROAT_EFFORT,LOUD_VOICE_DIFFICULT,REGISTER_CONNECTION,REGISTER_CONNECTION,REGISTER_CONNECTION,REGISTER_CONNECTION,0.9351,EXPECTED_SHARED_PROTOCOL,True,True,True,False,True,False,True,True,SOVT_GLIDE,SOVT_GLIDE
f17b7f4ff446,THROAT_EFFORT,VOCAL_FATIGUE,REGISTER_CONNECTION,REGISTER_CONNECTION,REGISTER_CONNECTION,REGISTER_CONNECTION,0.9565,EXPECTED_SHARED_PROTOCOL,True,True,True,False,True,False,True,True,SOVT_GLIDE,SOVT_GLIDE
f17b7f4ff446,THROAT_EFFORT,AFTER_SINGING_FATIGUE,REGISTER_CONNECTION,REGISTER_CONNECTION,REGISTER_CONNECTION,REGISTER_CONNECTION,0.931,EXPECTED_SHARED_PROTOCOL,True,True,True,False,True,False,True,True,SOVT_GLIDE,SOVT_GLIDE
f17b7f4ff446,THROAT_EFFORT,PITCH_UNSTABLE,REGISTER_CONNECTION,REGISTER_CONNECTION,REGISTER_CONNECTION,REGISTER_CONNECTION,0.9437,EXPECTED_SHARED_PROTOCOL,True,True,False,False,True,False,True,True,SOVT_GLIDE,SOVT_GLIDE
f17b7f4ff446,THROAT_EFFORT,REGISTER_CONNECTION_DIFFICULT,REGISTER_CONNECTION,REGISTER_CONNECTION,REGISTER_CONNECTION,REGISTER_CONNECTION,0.9407,EXPECTED_SHARED_PROTOCOL,True,True,False,False,True,False,True,True,SOVT_GLIDE,SOVT_GLIDE
f17b7f4ff446,LOUD_VOICE_DIFFICULT,VOCAL_FATIGUE,REGISTER_CONNECTION,REGISTER_CONNECTION,REGISTER_CONNECTION,REGISTER_CONNECTION,0.9351,EXPECTED_SHARED_PROTOCOL,True,True,True,False,True,False,True,True,SOVT_GLIDE,SOVT_GLIDE
f17b7f4ff446,LOUD_VOICE_DIFFICULT,AFTER_SINGING_FATIGUE,REGISTER_CONNECTION,REGISTER_CONNECTION,REGISTER_CONNECTION,REGISTER_CONNECTION,0.9356,EXPECTED_SHARED_PROTOCOL,True,True,True,False,True,False,True,True,SOVT_GLIDE,SOVT_GLIDE
f17b7f4ff446,LOUD_VOICE_DIFFICULT,PITCH_UNSTABLE,REGISTER_CONNECTION,REGISTER_CONNECTION,REGISTER_CONNECTION,REGISTER_CONNECTION,0.931,EXPECTED_SHARED_PROTOCOL,True,True,False,False,True,False,True,True,SOVT_GLIDE,SOVT_GLIDE
f17b7f4ff446,LOUD_VOICE_DIFFICULT,REGISTER_CONNECTION_DIFFICULT,REGISTER_CONNECTION,REGISTER_CONNECTION,REGISTER_CONNECTION,REGISTER_CONNECTION,0.9114,EXPECTED_SHARED_PROTOCOL,True,True,False,False,True,False,True,True,SOVT_GLIDE,SOVT_GLIDE
f17b7f4ff446,VOCAL_FATIGUE,AFTER_SINGING_FATIGUE,REGISTER_CONNECTION,REGISTER_CONNECTION,REGISTER_CONNECTION,REGISTER_CONNECTION,0.9569,EXPECTED_SHARED_PROTOCOL,True,True,True,False,True,False,True,True,SOVT_GLIDE,SOVT_GLIDE
f17b7f4ff446,VOCAL_FATIGUE,PITCH_UNSTABLE,REGISTER_CONNECTION,REGISTER_CONNECTION,REGISTER_CONNECTION,REGISTER_CONNECTION,0.9524,EXPECTED_SHARED_PROTOCOL,True,True,False,False,True,False,True,True,SOVT_GLIDE,SOVT_GLIDE
f17b7f4ff446,VOCAL_FATIGUE,REGISTER_CONNECTION_DIFFICULT,REGISTER_CONNECTION,REGISTER_CONNECTION,REGISTER_CONNECTION,REGISTER_CONNECTION,0.9237,EXPECTED_SHARED_PROTOCOL,True,True,False,False,True,False,True,True,SOVT_GLIDE,SOVT_GLIDE
f17b7f4ff446,AFTER_SINGING_FATIGUE,PITCH_UNSTABLE,REGISTER_CONNECTION,REGISTER_CONNECTION,REGISTER_CONNECTION,REGISTER_CONNECTION,0.927,EXPECTED_SHARED_PROTOCOL,True,True,False,False,True,False,True,True,SOVT_GLIDE,SOVT_GLIDE
f17b7f4ff446,AFTER_SINGING_FATIGUE,REGISTER_CONNECTION_DIFFICULT,REGISTER_CONNECTION,REGISTER_CONNECTION,REGISTER_CONNECTION,REGISTER_CONNECTION,0.916,EXPECTED_SHARED_PROTOCOL,True,True,False,False,True,False,True,True,SOVT_GLIDE,SOVT_GLIDE
f17b7f4ff446,PITCH_UNSTABLE,REGISTER_CONNECTION_DIFFICULT,REGISTER_CONNECTION,REGISTER_CONNECTION,REGISTER_CONNECTION,REGISTER_CONNECTION,0.9367,EXPECTED_SHARED_PROTOCOL,True,True,True,False,True,False,True,True,SOVT_GLIDE,SOVT_GLIDE
f19129f7b4dc,HIGH_NOTE_TOO_EFFORTFUL,HIGH_NOTE_FLIPS,REGISTER_CONNECTION,REGISTER_CONNECTION,REGISTER_CONNECTION,REGISTER_CONNECTION,0.9437,EXPECTED_SHARED_PROTOCOL,True,True,True,True,True,False,True,True,SOVT_GLIDE,SOVT_GLIDE
f19129f7b4dc,HIGH_NOTE_UNSTABLE,PITCH_UNSTABLE,STABILITY,STABILITY,STABILITY,STABILITY,0.9048,EXPECTED_SHARED_PROTOCOL,True,True,False,False,True,False,True,True,SUSTAIN_HOLD,SUSTAIN_HOLD
f19129f7b4dc,HIGH_NOTE_UNSTABLE,REGISTER_CONNECTION_DIFFICULT,STABILITY,STABILITY,STABILITY,STABILITY,0.8855,EXPECTED_SHARED_PROTOCOL,True,True,False,False,True,False,True,True,SUSTAIN_HOLD,SUSTAIN_HOLD
f19129f7b4dc,THROAT_EFFORT,LOUD_VOICE_DIFFICULT,EFFORT,EFFORT,MAINTAIN,MAINTAIN,0.8819,EXPECTED_SHARED_PROTOCOL,True,True,True,False,True,False,True,True,SUSTAIN_HOLD,SUSTAIN_HOLD
f19129f7b4dc,THROAT_EFFORT,VOCAL_FATIGUE,EFFORT,EFFORT,MAINTAIN,MAINTAIN,0.9206,EXPECTED_SHARED_PROTOCOL,True,True,True,False,True,False,True,True,SUSTAIN_HOLD,SUSTAIN_HOLD
f19129f7b4dc,LOUD_VOICE_DIFFICULT,VOCAL_FATIGUE,EFFORT,EFFORT,MAINTAIN,MAINTAIN,0.8819,EXPECTED_SHARED_PROTOCOL,True,True,True,False,True,False,True,True,SUSTAIN_HOLD,SUSTAIN_HOLD
f19129f7b4dc,LOUD_VOICE_DIFFICULT,AFTER_SINGING_FATIGUE,EFFORT,EFFORT,MAINTAIN,MAINTAIN,0.8837,EXPECTED_SHARED_PROTOCOL,True,True,True,False,True,False,True,True,SUSTAIN_HOLD,SUSTAIN_HOLD
f19129f7b4dc,VOCAL_FATIGUE,AFTER_SINGING_FATIGUE,EFFORT,EFFORT,MAINTAIN,MAINTAIN,0.9219,EXPECTED_SHARED_PROTOCOL,True,True,True,False,True,False,True,True,SUSTAIN_HOLD,SUSTAIN_HOLD
f19129f7b4dc,PITCH_UNSTABLE,REGISTER_CONNECTION_DIFFICULT,STABILITY,STABILITY,STABILITY,STABILITY,0.8855,EXPECTED_SHARED_PROTOCOL,True,True,True,False,True,False,True,True,SUSTAIN_HOLD,SUSTAIN_HOLD
fadd83f6eb33,HIGH_NOTE_CANNOT_REACH,HIGH_NOTE_FLIPS,REGISTER_CONNECTION,REGISTER_CONNECTION,REGISTER_CONNECTION,REGISTER_CONNECTION,0.9561,EXPECTED_SHARED_PROTOCOL,True,True,True,True,True,False,True,True,SOVT_GLIDE,SOVT_GLIDE
fadd83f6eb33,HIGH_NOTE_CANNOT_REACH,REGISTER_CONNECTION_DIFFICULT,REGISTER_CONNECTION,REGISTER_CONNECTION,REGISTER_CONNECTION,REGISTER_CONNECTION,0.9407,EXPECTED_SHARED_PROTOCOL,True,True,False,False,True,False,True,True,SOVT_GLIDE,SOVT_GLIDE
fadd83f6eb33,HIGH_NOTE_TOO_EFFORTFUL,HIGH_NOTE_UNSTABLE,EFFORT,EFFORT,REGISTER_CONNECTION,REGISTER_CONNECTION,0.9487,EXPECTED_SHARED_PROTOCOL,True,True,True,True,True,False,True,True,SOVT_GLIDE,SOVT_GLIDE
fadd83f6eb33,HIGH_NOTE_TOO_EFFORTFUL,THROAT_EFFORT,EFFORT,EFFORT,REGISTER_CONNECTION,REGISTER_CONNECTION,0.9356,EXPECTED_SHARED_PROTOCOL,True,True,True,False,True,False,True,True,SOVT_GLIDE,SOVT_GLIDE
fadd83f6eb33,HIGH_NOTE_TOO_EFFORTFUL,LOUD_VOICE_DIFFICULT,EFFORT,EFFORT,REGISTER_CONNECTION,REGISTER_CONNECTION,0.9316,EXPECTED_SHARED_PROTOCOL,True,True,True,False,True,False,True,True,SOVT_GLIDE,SOVT_GLIDE
fadd83f6eb33,HIGH_NOTE_TOO_EFFORTFUL,VOCAL_FATIGUE,EFFORT,EFFORT,REGISTER_CONNECTION,REGISTER_CONNECTION,0.9442,EXPECTED_SHARED_PROTOCOL,True,True,True,False,True,False,True,True,SOVT_GLIDE,SOVT_GLIDE
fadd83f6eb33,HIGH_NOTE_TOO_EFFORTFUL,AFTER_SINGING_FATIGUE,EFFORT,EFFORT,REGISTER_CONNECTION,REGISTER_CONNECTION,0.9277,EXPECTED_SHARED_PROTOCOL,True,True,True,False,True,False,True,True,SOVT_GLIDE,SOVT_GLIDE
fadd83f6eb33,HIGH_NOTE_TOO_EFFORTFUL,PITCH_UNSTABLE,EFFORT,EFFORT,REGISTER_CONNECTION,REGISTER_CONNECTION,0.9487,EXPECTED_SHARED_PROTOCOL,True,True,False,False,True,False,True,True,SOVT_GLIDE,SOVT_GLIDE
fadd83f6eb33,HIGH_NOTE_FLIPS,REGISTER_CONNECTION_DIFFICULT,REGISTER_CONNECTION,REGISTER_CONNECTION,REGISTER_CONNECTION,REGISTER_CONNECTION,0.9231,EXPECTED_SHARED_PROTOCOL,True,True,False,False,True,False,True,True,SOVT_GLIDE,SOVT_GLIDE
fadd83f6eb33,HIGH_NOTE_THINS,TIMBRE_CHANGES_HIGH,REGISTER_CONNECTION,REGISTER_CONNECTION,REGISTER_CONNECTION,REGISTER_CONNECTION,0.9246,EXPECTED_SHARED_PROTOCOL,True,True,True,False,True,False,False,True,SOVT_GLIDE,SOVT_GLIDE
fadd83f6eb33,HIGH_NOTE_UNSTABLE,THROAT_EFFORT,EFFORT,EFFORT,REGISTER_CONNECTION,REGISTER_CONNECTION,0.9351,EXPECTED_SHARED_PROTOCOL,True,True,True,False,True,False,True,True,SOVT_GLIDE,SOVT_GLIDE
fadd83f6eb33,HIGH_NOTE_UNSTABLE,LOUD_VOICE_DIFFICULT,EFFORT,EFFORT,REGISTER_CONNECTION,REGISTER_CONNECTION,0.9397,EXPECTED_SHARED_PROTOCOL,True,True,True,False,True,False,True,True,SOVT_GLIDE,SOVT_GLIDE
fadd83f6eb33,HIGH_NOTE_UNSTABLE,VOCAL_FATIGUE,EFFORT,EFFORT,REGISTER_CONNECTION,REGISTER_CONNECTION,0.9351,EXPECTED_SHARED_PROTOCOL,True,True,True,False,True,False,True,True,SOVT_GLIDE,SOVT_GLIDE
fadd83f6eb33,HIGH_NOTE_UNSTABLE,AFTER_SINGING_FATIGUE,EFFORT,EFFORT,REGISTER_CONNECTION,REGISTER_CONNECTION,0.9442,EXPECTED_SHARED_PROTOCOL,True,True,True,False,True,False,True,True,SOVT_GLIDE,SOVT_GLIDE
fadd83f6eb33,HIGH_NOTE_UNSTABLE,PITCH_UNSTABLE,EFFORT,EFFORT,REGISTER_CONNECTION,REGISTER_CONNECTION,0.9483,EXPECTED_SHARED_PROTOCOL,True,True,False,False,True,False,True,True,SOVT_GLIDE,SOVT_GLIDE
fadd83f6eb33,THROAT_EFFORT,LOUD_VOICE_DIFFICULT,EFFORT,EFFORT,REGISTER_CONNECTION,REGISTER_CONNECTION,0.9351,EXPECTED_SHARED_PROTOCOL,True,True,True,False,True,False,True,True,SOVT_GLIDE,SOVT_GLIDE
fadd83f6eb33,THROAT_EFFORT,VOCAL_FATIGUE,EFFORT,EFFORT,REGISTER_CONNECTION,REGISTER_CONNECTION,0.9565,EXPECTED_SHARED_PROTOCOL,True,True,True,False,True,False,True,True,SOVT_GLIDE,SOVT_GLIDE
fadd83f6eb33,THROAT_EFFORT,AFTER_SINGING_FATIGUE,EFFORT,EFFORT,REGISTER_CONNECTION,REGISTER_CONNECTION,0.931,EXPECTED_SHARED_PROTOCOL,True,True,True,False,True,False,True,True,SOVT_GLIDE,SOVT_GLIDE
fadd83f6eb33,THROAT_EFFORT,PITCH_UNSTABLE,EFFORT,EFFORT,REGISTER_CONNECTION,REGISTER_CONNECTION,0.9437,EXPECTED_SHARED_PROTOCOL,True,True,False,False,True,False,True,True,SOVT_GLIDE,SOVT_GLIDE
fadd83f6eb33,LOUD_VOICE_DIFFICULT,VOCAL_FATIGUE,EFFORT,EFFORT,REGISTER_CONNECTION,REGISTER_CONNECTION,0.9351,EXPECTED_SHARED_PROTOCOL,True,True,True,False,True,False,True,True,SOVT_GLIDE,SOVT_GLIDE
fadd83f6eb33,LOUD_VOICE_DIFFICULT,AFTER_SINGING_FATIGUE,EFFORT,EFFORT,REGISTER_CONNECTION,REGISTER_CONNECTION,0.9356,EXPECTED_SHARED_PROTOCOL,True,True,True,False,True,False,True,True,SOVT_GLIDE,SOVT_GLIDE
fadd83f6eb33,LOUD_VOICE_DIFFICULT,PITCH_UNSTABLE,EFFORT,EFFORT,REGISTER_CONNECTION,REGISTER_CONNECTION,0.931,EXPECTED_SHARED_PROTOCOL,True,True,False,False,True,False,True,True,SOVT_GLIDE,SOVT_GLIDE
fadd83f6eb33,VOCAL_FATIGUE,AFTER_SINGING_FATIGUE,EFFORT,EFFORT,REGISTER_CONNECTION,REGISTER_CONNECTION,0.9569,EXPECTED_SHARED_PROTOCOL,True,True,True,False,True,False,True,True,SOVT_GLIDE,SOVT_GLIDE
fadd83f6eb33,VOCAL_FATIGUE,PITCH_UNSTABLE,EFFORT,EFFORT,REGISTER_CONNECTION,REGISTER_CONNECTION,0.9524,EXPECTED_SHARED_PROTOCOL,True,True,False,False,True,False,True,True,SOVT_GLIDE,SOVT_GLIDE
fadd83f6eb33,AFTER_SINGING_FATIGUE,PITCH_UNSTABLE,EFFORT,EFFORT,REGISTER_CONNECTION,REGISTER_CONNECTION,0.927,EXPECTED_SHARED_PROTOCOL,True,True,False,False,True,False,True,True,SOVT_GLIDE,SOVT_GLIDE
